Analysis & Synthesis report for Lab2
Wed Mar 26 13:12:15 2025
Quartus II 64-Bit Version 13.1.0 Build 162 10/23/2013 SJ Web Edition


---------------------
; Table of Contents ;
---------------------
  1. Legal Notice
  2. Analysis & Synthesis Summary
  3. Analysis & Synthesis Settings
  4. Parallel Compilation
  5. Analysis & Synthesis Source Files Read
  6. Analysis & Synthesis Resource Usage Summary
  7. Analysis & Synthesis Resource Utilization by Entity
  8. Analysis & Synthesis RAM Summary
  9. Analysis & Synthesis IP Cores Summary
 10. Logic Cells Representing Combinational Loops
 11. Registers Removed During Synthesis
 12. General Register Statistics
 13. Multiplexer Restructuring Statistics (Restructuring Performed)
 14. Source assignments for LPM_RAM_DQ:inst9|altram:sram|altsyncram:ram_block|altsyncram_38a1:auto_generated
 15. Source assignments for LPM_ROM:inst|altrom:srom|altsyncram:rom_block|altsyncram_t811:auto_generated
 16. Parameter Settings for User Entity Instance: LPM_RAM_DQ:inst9
 17. Parameter Settings for User Entity Instance: LPM_ROM:inst
 18. Parameter Settings for User Entity Instance: lpm_constant0:inst7|lpm_constant:LPM_CONSTANT_component
 19. Parameter Settings for User Entity Instance: lpm_constant1:inst8|lpm_constant:LPM_CONSTANT_component
 20. Parameter Settings for User Entity Instance: lpm_constant3:inst29|lpm_constant:LPM_CONSTANT_component
 21. Parameter Settings for User Entity Instance: lpm_constant2:inst184|lpm_constant:LPM_CONSTANT_component
 22. Parameter Settings for User Entity Instance: lpm_constant4:inst37|lpm_constant:LPM_CONSTANT_component
 23. Parameter Settings for User Entity Instance: lpm_constant2:inst183|lpm_constant:LPM_CONSTANT_component
 24. Parameter Settings for User Entity Instance: lpm_constant2:inst185|lpm_constant:LPM_CONSTANT_component
 25. Port Connectivity Checks: "forwarding_unit:inst4|equalComparator8:COMP4"
 26. Port Connectivity Checks: "forwarding_unit:inst4|equalComparator8:COMP3"
 27. Port Connectivity Checks: "forwarding_unit:inst4|equalComparator8:COMP2"
 28. Port Connectivity Checks: "forwarding_unit:inst4|equalComparator8:COMP1"
 29. Port Connectivity Checks: "thirtyTwoBitALU:inst16|twoBy32To32Mux:arithmetic_select_mux"
 30. Port Connectivity Checks: "thirtyTwoBitALU:inst16|thirtyTwoBitCLA:arithmetic_unit"
 31. Port Connectivity Checks: "eightBitALU:inst17|twoBy8To8Mux:arithmetic_select_mux"
 32. Port Connectivity Checks: "eightBitALU:inst17|eightBitCLA:arithmetic_unit"
 33. Port Connectivity Checks: "eightBitALU:inst17|sorter:sorting|eightBitComparator:comp_inst"
 34. Port Connectivity Checks: "eightBitRegisterInc:inst36|enARdFF_2:\GEN_BITS:7:BIT_FF"
 35. Port Connectivity Checks: "eightBitRegisterInc:inst36|mux2:\GEN_BITS:7:LOAD_MUX"
 36. Port Connectivity Checks: "eightBitRegisterInc:inst36|enARdFF_2:\GEN_BITS:6:BIT_FF"
 37. Port Connectivity Checks: "eightBitRegisterInc:inst36|mux2:\GEN_BITS:6:LOAD_MUX"
 38. Port Connectivity Checks: "eightBitRegisterInc:inst36|enARdFF_2:\GEN_BITS:5:BIT_FF"
 39. Port Connectivity Checks: "eightBitRegisterInc:inst36|mux2:\GEN_BITS:5:LOAD_MUX"
 40. Port Connectivity Checks: "eightBitRegisterInc:inst36|enARdFF_2:\GEN_BITS:4:BIT_FF"
 41. Port Connectivity Checks: "eightBitRegisterInc:inst36|mux2:\GEN_BITS:4:LOAD_MUX"
 42. Port Connectivity Checks: "eightBitRegisterInc:inst36|enARdFF_2:\GEN_BITS:3:BIT_FF"
 43. Port Connectivity Checks: "eightBitRegisterInc:inst36|mux2:\GEN_BITS:3:LOAD_MUX"
 44. Port Connectivity Checks: "eightBitRegisterInc:inst36|enARdFF_2:\GEN_BITS:2:BIT_FF"
 45. Port Connectivity Checks: "eightBitRegisterInc:inst36|mux2:\GEN_BITS:2:LOAD_MUX"
 46. Port Connectivity Checks: "eightBitRegisterInc:inst36|enARdFF_2:\GEN_BITS:1:BIT_FF"
 47. Port Connectivity Checks: "eightBitRegisterInc:inst36|mux2:\GEN_BITS:1:LOAD_MUX"
 48. Port Connectivity Checks: "eightBitRegisterInc:inst36|enARdFF_2:\GEN_BITS:0:BIT_FF"
 49. Port Connectivity Checks: "eightBitRegisterInc:inst36|mux2:\GEN_BITS:0:LOAD_MUX"
 50. Port Connectivity Checks: "IFID:inst1|reg32:pcreg"
 51. Port Connectivity Checks: "hazard_unit:inst34|equalComparator8:COMP2"
 52. Port Connectivity Checks: "hazard_unit:inst34|equalComparator8:COMP1"
 53. Elapsed Time Per Partition
 54. Analysis & Synthesis Messages



----------------
; Legal Notice ;
----------------
Copyright (C) 1991-2013 Altera Corporation
Your use of Altera Corporation's design tools, logic functions 
and other software and tools, and its AMPP partner logic 
functions, and any output files from any of the foregoing 
(including device programming or simulation files), and any 
associated documentation or information are expressly subject 
to the terms and conditions of the Altera Program License 
Subscription Agreement, Altera MegaCore Function License 
Agreement, or other applicable license agreement, including, 
without limitation, that your use is for the sole purpose of 
programming logic devices manufactured by Altera and sold by 
Altera or its authorized distributors.  Please refer to the 
applicable agreement for further details.



+---------------------------------------------------------------------------------+
; Analysis & Synthesis Summary                                                    ;
+------------------------------------+--------------------------------------------+
; Analysis & Synthesis Status        ; Successful - Wed Mar 26 13:12:15 2025      ;
; Quartus II 64-Bit Version          ; 13.1.0 Build 162 10/23/2013 SJ Web Edition ;
; Revision Name                      ; Lab2                                       ;
; Top-level Entity Name              ; Lab3                                       ;
; Family                             ; Cyclone IV E                               ;
; Total logic elements               ; 475                                        ;
;     Total combinational functions  ; 345                                        ;
;     Dedicated logic registers      ; 211                                        ;
; Total registers                    ; 211                                        ;
; Total pins                         ; 248                                        ;
; Total virtual pins                 ; 0                                          ;
; Total memory bits                  ; 10,240                                     ;
; Embedded Multiplier 9-bit elements ; 0                                          ;
; Total PLLs                         ; 0                                          ;
+------------------------------------+--------------------------------------------+


+----------------------------------------------------------------------------------------------------------------------+
; Analysis & Synthesis Settings                                                                                        ;
+----------------------------------------------------------------------------+--------------------+--------------------+
; Option                                                                     ; Setting            ; Default Value      ;
+----------------------------------------------------------------------------+--------------------+--------------------+
; Device                                                                     ; EP4CE115F29C7      ;                    ;
; Top-level entity name                                                      ; Lab3               ; Lab2               ;
; Family name                                                                ; Cyclone IV E       ; Cyclone IV GX      ;
; Use smart compilation                                                      ; Off                ; Off                ;
; Enable parallel Assembler and TimeQuest Timing Analyzer during compilation ; On                 ; On                 ;
; Enable compact report table                                                ; Off                ; Off                ;
; Restructure Multiplexers                                                   ; Auto               ; Auto               ;
; Create Debugging Nodes for IP Cores                                        ; Off                ; Off                ;
; Preserve fewer node names                                                  ; On                 ; On                 ;
; Disable OpenCore Plus hardware evaluation                                  ; Off                ; Off                ;
; Verilog Version                                                            ; Verilog_2001       ; Verilog_2001       ;
; VHDL Version                                                               ; VHDL_1993          ; VHDL_1993          ;
; State Machine Processing                                                   ; Auto               ; Auto               ;
; Safe State Machine                                                         ; Off                ; Off                ;
; Extract Verilog State Machines                                             ; On                 ; On                 ;
; Extract VHDL State Machines                                                ; On                 ; On                 ;
; Ignore Verilog initial constructs                                          ; Off                ; Off                ;
; Iteration limit for constant Verilog loops                                 ; 5000               ; 5000               ;
; Iteration limit for non-constant Verilog loops                             ; 250                ; 250                ;
; Add Pass-Through Logic to Inferred RAMs                                    ; On                 ; On                 ;
; Infer RAMs from Raw Logic                                                  ; On                 ; On                 ;
; Parallel Synthesis                                                         ; On                 ; On                 ;
; DSP Block Balancing                                                        ; Auto               ; Auto               ;
; NOT Gate Push-Back                                                         ; On                 ; On                 ;
; Power-Up Don't Care                                                        ; On                 ; On                 ;
; Remove Redundant Logic Cells                                               ; Off                ; Off                ;
; Remove Duplicate Registers                                                 ; On                 ; On                 ;
; Ignore CARRY Buffers                                                       ; Off                ; Off                ;
; Ignore CASCADE Buffers                                                     ; Off                ; Off                ;
; Ignore GLOBAL Buffers                                                      ; Off                ; Off                ;
; Ignore ROW GLOBAL Buffers                                                  ; Off                ; Off                ;
; Ignore LCELL Buffers                                                       ; Off                ; Off                ;
; Ignore SOFT Buffers                                                        ; On                 ; On                 ;
; Limit AHDL Integers to 32 Bits                                             ; Off                ; Off                ;
; Optimization Technique                                                     ; Balanced           ; Balanced           ;
; Carry Chain Length                                                         ; 70                 ; 70                 ;
; Auto Carry Chains                                                          ; On                 ; On                 ;
; Auto Open-Drain Pins                                                       ; On                 ; On                 ;
; Perform WYSIWYG Primitive Resynthesis                                      ; Off                ; Off                ;
; Auto ROM Replacement                                                       ; On                 ; On                 ;
; Auto RAM Replacement                                                       ; On                 ; On                 ;
; Auto DSP Block Replacement                                                 ; On                 ; On                 ;
; Auto Shift Register Replacement                                            ; Auto               ; Auto               ;
; Allow Shift Register Merging across Hierarchies                            ; Auto               ; Auto               ;
; Auto Clock Enable Replacement                                              ; On                 ; On                 ;
; Strict RAM Replacement                                                     ; Off                ; Off                ;
; Allow Synchronous Control Signals                                          ; On                 ; On                 ;
; Force Use of Synchronous Clear Signals                                     ; Off                ; Off                ;
; Auto RAM Block Balancing                                                   ; On                 ; On                 ;
; Auto RAM to Logic Cell Conversion                                          ; Off                ; Off                ;
; Auto Resource Sharing                                                      ; Off                ; Off                ;
; Allow Any RAM Size For Recognition                                         ; Off                ; Off                ;
; Allow Any ROM Size For Recognition                                         ; Off                ; Off                ;
; Allow Any Shift Register Size For Recognition                              ; Off                ; Off                ;
; Use LogicLock Constraints during Resource Balancing                        ; On                 ; On                 ;
; Ignore translate_off and synthesis_off directives                          ; Off                ; Off                ;
; Timing-Driven Synthesis                                                    ; On                 ; On                 ;
; Report Parameter Settings                                                  ; On                 ; On                 ;
; Report Source Assignments                                                  ; On                 ; On                 ;
; Report Connectivity Checks                                                 ; On                 ; On                 ;
; Ignore Maximum Fan-Out Assignments                                         ; Off                ; Off                ;
; Synchronization Register Chain Length                                      ; 2                  ; 2                  ;
; PowerPlay Power Optimization                                               ; Normal compilation ; Normal compilation ;
; HDL message level                                                          ; Level2             ; Level2             ;
; Suppress Register Optimization Related Messages                            ; Off                ; Off                ;
; Number of Removed Registers Reported in Synthesis Report                   ; 5000               ; 5000               ;
; Number of Swept Nodes Reported in Synthesis Report                         ; 5000               ; 5000               ;
; Number of Inverted Registers Reported in Synthesis Report                  ; 100                ; 100                ;
; Clock MUX Protection                                                       ; On                 ; On                 ;
; Auto Gated Clock Conversion                                                ; Off                ; Off                ;
; Block Design Naming                                                        ; Auto               ; Auto               ;
; SDC constraint protection                                                  ; Off                ; Off                ;
; Synthesis Effort                                                           ; Auto               ; Auto               ;
; Shift Register Replacement - Allow Asynchronous Clear Signal               ; On                 ; On                 ;
; Pre-Mapping Resynthesis Optimization                                       ; Off                ; Off                ;
; Analysis & Synthesis Message Level                                         ; Medium             ; Medium             ;
; Disable Register Merging Across Hierarchies                                ; Auto               ; Auto               ;
; Resource Aware Inference For Block RAM                                     ; On                 ; On                 ;
; Synthesis Seed                                                             ; 1                  ; 1                  ;
+----------------------------------------------------------------------------+--------------------+--------------------+


Parallel compilation was disabled, but you have multiple processors available. Enable parallel compilation to reduce compilation time.
+-------------------------------------+
; Parallel Compilation                ;
+----------------------------+--------+
; Processors                 ; Number ;
+----------------------------+--------+
; Number detected on machine ; 16     ;
; Maximum allowed            ; 1      ;
+----------------------------+--------+


+-----------------------------------------------------------------------------------------------------------------------------------------------------------------------------------------------------------------------------------------------------------------------------------------+
; Analysis & Synthesis Source Files Read                                                                                                                                                                                                                                                  ;
+----------------------------------+-----------------+------------------------------------+-------------------------------------------------------------------------------------------------------------------------------------------------------------------------------------+---------+
; File Name with User-Entered Path ; Used in Netlist ; File Type                          ; File Name with Absolute Path                                                                                                                                                        ; Library ;
+----------------------------------+-----------------+------------------------------------+-------------------------------------------------------------------------------------------------------------------------------------------------------------------------------------+---------+
; eightBitComparator.vhdl          ; yes             ; User VHDL File                     ; C:/Users/jadme/Downloads/MIPS_processor-3d6027f261c21a0ff73975456114cfafef89e094/MIPS_processor-3d6027f261c21a0ff73975456114cfafef89e094/Quartus_project/eightBitComparator.vhdl    ;         ;
; sorter.vhdl                      ; yes             ; User VHDL File                     ; C:/Users/jadme/Downloads/MIPS_processor-3d6027f261c21a0ff73975456114cfafef89e094/MIPS_processor-3d6027f261c21a0ff73975456114cfafef89e094/Quartus_project/sorter.vhdl                ;         ;
; twoBy32To32Mux.vhdl              ; yes             ; User VHDL File                     ; C:/Users/jadme/Downloads/MIPS_processor-3d6027f261c21a0ff73975456114cfafef89e094/MIPS_processor-3d6027f261c21a0ff73975456114cfafef89e094/Quartus_project/twoBy32To32Mux.vhdl        ;         ;
; thirtyTwoBitCLA.vhdl             ; yes             ; User VHDL File                     ; C:/Users/jadme/Downloads/MIPS_processor-3d6027f261c21a0ff73975456114cfafef89e094/MIPS_processor-3d6027f261c21a0ff73975456114cfafef89e094/Quartus_project/thirtyTwoBitCLA.vhdl       ;         ;
; thirtyTwoBitALU.vhdl             ; yes             ; User VHDL File                     ; C:/Users/jadme/Downloads/MIPS_processor-3d6027f261c21a0ff73975456114cfafef89e094/MIPS_processor-3d6027f261c21a0ff73975456114cfafef89e094/Quartus_project/thirtyTwoBitALU.vhdl       ;         ;
; or32.vhdl                        ; yes             ; User VHDL File                     ; C:/Users/jadme/Downloads/MIPS_processor-3d6027f261c21a0ff73975456114cfafef89e094/MIPS_processor-3d6027f261c21a0ff73975456114cfafef89e094/Quartus_project/or32.vhdl                  ;         ;
; twoBy8To8Mux.vhdl                ; yes             ; User VHDL File                     ; C:/Users/jadme/Downloads/MIPS_processor-3d6027f261c21a0ff73975456114cfafef89e094/MIPS_processor-3d6027f261c21a0ff73975456114cfafef89e094/Quartus_project/twoBy8To8Mux.vhdl          ;         ;
; eightBitCLA.vhdl                 ; yes             ; User VHDL File                     ; C:/Users/jadme/Downloads/MIPS_processor-3d6027f261c21a0ff73975456114cfafef89e094/MIPS_processor-3d6027f261c21a0ff73975456114cfafef89e094/Quartus_project/eightBitCLA.vhdl           ;         ;
; eightBitALU.vhdl                 ; yes             ; User VHDL File                     ; C:/Users/jadme/Downloads/MIPS_processor-3d6027f261c21a0ff73975456114cfafef89e094/MIPS_processor-3d6027f261c21a0ff73975456114cfafef89e094/Quartus_project/eightBitALU.vhdl           ;         ;
; registerFile.vhdl                ; yes             ; User VHDL File                     ; C:/Users/jadme/Downloads/MIPS_processor-3d6027f261c21a0ff73975456114cfafef89e094/MIPS_processor-3d6027f261c21a0ff73975456114cfafef89e094/Quartus_project/registerFile.vhdl          ;         ;
; eightX8To8Mux.vhdl               ; yes             ; User VHDL File                     ; C:/Users/jadme/Downloads/MIPS_processor-3d6027f261c21a0ff73975456114cfafef89e094/MIPS_processor-3d6027f261c21a0ff73975456114cfafef89e094/Quartus_project/eightX8To8Mux.vhdl         ;         ;
; eightTo1Mux.vhdl                 ; yes             ; User VHDL File                     ; C:/Users/jadme/Downloads/MIPS_processor-3d6027f261c21a0ff73975456114cfafef89e094/MIPS_processor-3d6027f261c21a0ff73975456114cfafef89e094/Quartus_project/eightTo1Mux.vhdl           ;         ;
; asyncEightBitRegister.vhdl       ; yes             ; User VHDL File                     ; C:/Users/jadme/Downloads/MIPS_processor-3d6027f261c21a0ff73975456114cfafef89e094/MIPS_processor-3d6027f261c21a0ff73975456114cfafef89e094/Quartus_project/asyncEightBitRegister.vhdl ;         ;
; instruction_mem.mif              ; yes             ; User Memory Initialization File    ; C:/Users/jadme/Downloads/MIPS_processor-3d6027f261c21a0ff73975456114cfafef89e094/MIPS_processor-3d6027f261c21a0ff73975456114cfafef89e094/Quartus_project/instruction_mem.mif        ;         ;
; data_memory.mif                  ; yes             ; User Memory Initialization File    ; C:/Users/jadme/Downloads/MIPS_processor-3d6027f261c21a0ff73975456114cfafef89e094/MIPS_processor-3d6027f261c21a0ff73975456114cfafef89e094/Quartus_project/data_memory.mif            ;         ;
; decoder3to8.vhd                  ; yes             ; User VHDL File                     ; C:/Users/jadme/Downloads/MIPS_processor-3d6027f261c21a0ff73975456114cfafef89e094/MIPS_processor-3d6027f261c21a0ff73975456114cfafef89e094/Quartus_project/decoder3to8.vhd            ;         ;
; mux2to1_8bit.vhd                 ; yes             ; User VHDL File                     ; C:/Users/jadme/Downloads/MIPS_processor-3d6027f261c21a0ff73975456114cfafef89e094/MIPS_processor-3d6027f261c21a0ff73975456114cfafef89e094/Quartus_project/mux2to1_8bit.vhd           ;         ;
; dLatch.vhd                       ; yes             ; User VHDL File                     ; C:/Users/jadme/Downloads/MIPS_processor-3d6027f261c21a0ff73975456114cfafef89e094/MIPS_processor-3d6027f261c21a0ff73975456114cfafef89e094/Quartus_project/dLatch.vhd                 ;         ;
; enARdFF_2.vhd                    ; yes             ; User VHDL File                     ; C:/Users/jadme/Downloads/MIPS_processor-3d6027f261c21a0ff73975456114cfafef89e094/MIPS_processor-3d6027f261c21a0ff73975456114cfafef89e094/Quartus_project/enARdFF_2.vhd              ;         ;
; eightBitRegisterInc.vhd          ; yes             ; User VHDL File                     ; C:/Users/jadme/Downloads/MIPS_processor-3d6027f261c21a0ff73975456114cfafef89e094/MIPS_processor-3d6027f261c21a0ff73975456114cfafef89e094/Quartus_project/eightBitRegisterInc.vhd    ;         ;
; mux2.vhd                         ; yes             ; User VHDL File                     ; C:/Users/jadme/Downloads/MIPS_processor-3d6027f261c21a0ff73975456114cfafef89e094/MIPS_processor-3d6027f261c21a0ff73975456114cfafef89e094/Quartus_project/mux2.vhd                   ;         ;
; lpm_constant0.vhd                ; yes             ; User Wizard-Generated File         ; C:/Users/jadme/Downloads/MIPS_processor-3d6027f261c21a0ff73975456114cfafef89e094/MIPS_processor-3d6027f261c21a0ff73975456114cfafef89e094/Quartus_project/lpm_constant0.vhd          ;         ;
; lpm_constant1.vhd                ; yes             ; User Wizard-Generated File         ; C:/Users/jadme/Downloads/MIPS_processor-3d6027f261c21a0ff73975456114cfafef89e094/MIPS_processor-3d6027f261c21a0ff73975456114cfafef89e094/Quartus_project/lpm_constant1.vhd          ;         ;
; mux5.vhd                         ; yes             ; User VHDL File                     ; C:/Users/jadme/Downloads/MIPS_processor-3d6027f261c21a0ff73975456114cfafef89e094/MIPS_processor-3d6027f261c21a0ff73975456114cfafef89e094/Quartus_project/mux5.vhd                   ;         ;
; sign_extender_16to32.vhd         ; yes             ; User VHDL File                     ; C:/Users/jadme/Downloads/MIPS_processor-3d6027f261c21a0ff73975456114cfafef89e094/MIPS_processor-3d6027f261c21a0ff73975456114cfafef89e094/Quartus_project/sign_extender_16to32.vhd   ;         ;
; control_unit.vhd                 ; yes             ; User VHDL File                     ; C:/Users/jadme/Downloads/MIPS_processor-3d6027f261c21a0ff73975456114cfafef89e094/MIPS_processor-3d6027f261c21a0ff73975456114cfafef89e094/Quartus_project/control_unit.vhd           ;         ;
; lpm_constant2.vhd                ; yes             ; User Wizard-Generated File         ; C:/Users/jadme/Downloads/MIPS_processor-3d6027f261c21a0ff73975456114cfafef89e094/MIPS_processor-3d6027f261c21a0ff73975456114cfafef89e094/Quartus_project/lpm_constant2.vhd          ;         ;
; ALUControl.bdf                   ; yes             ; User Block Diagram/Schematic File  ; C:/Users/jadme/Downloads/MIPS_processor-3d6027f261c21a0ff73975456114cfafef89e094/MIPS_processor-3d6027f261c21a0ff73975456114cfafef89e094/Quartus_project/ALUControl.bdf             ;         ;
; shift_left_2.vhd                 ; yes             ; User VHDL File                     ; C:/Users/jadme/Downloads/MIPS_processor-3d6027f261c21a0ff73975456114cfafef89e094/MIPS_processor-3d6027f261c21a0ff73975456114cfafef89e094/Quartus_project/shift_left_2.vhd           ;         ;
; lpm_constant3.vhd                ; yes             ; User Wizard-Generated File         ; C:/Users/jadme/Downloads/MIPS_processor-3d6027f261c21a0ff73975456114cfafef89e094/MIPS_processor-3d6027f261c21a0ff73975456114cfafef89e094/Quartus_project/lpm_constant3.vhd          ;         ;
; shift_left_2_26_to_28.vhd        ; yes             ; User VHDL File                     ; C:/Users/jadme/Downloads/MIPS_processor-3d6027f261c21a0ff73975456114cfafef89e094/MIPS_processor-3d6027f261c21a0ff73975456114cfafef89e094/Quartus_project/shift_left_2_26_to_28.vhd  ;         ;
; Lab3.bdf                         ; yes             ; User Block Diagram/Schematic File  ; C:/Users/jadme/Downloads/MIPS_processor-3d6027f261c21a0ff73975456114cfafef89e094/MIPS_processor-3d6027f261c21a0ff73975456114cfafef89e094/Quartus_project/Lab3.bdf                   ;         ;
; IDEX.vhd                         ; yes             ; User VHDL File                     ; C:/Users/jadme/Downloads/MIPS_processor-3d6027f261c21a0ff73975456114cfafef89e094/MIPS_processor-3d6027f261c21a0ff73975456114cfafef89e094/Quartus_project/IDEX.vhd                   ;         ;
; IFID.vhd                         ; yes             ; User VHDL File                     ; C:/Users/jadme/Downloads/MIPS_processor-3d6027f261c21a0ff73975456114cfafef89e094/MIPS_processor-3d6027f261c21a0ff73975456114cfafef89e094/Quartus_project/IFID.vhd                   ;         ;
; reg32.vhd                        ; yes             ; User VHDL File                     ; C:/Users/jadme/Downloads/MIPS_processor-3d6027f261c21a0ff73975456114cfafef89e094/MIPS_processor-3d6027f261c21a0ff73975456114cfafef89e094/Quartus_project/reg32.vhd                  ;         ;
; MEMWB.vhd                        ; yes             ; User VHDL File                     ; C:/Users/jadme/Downloads/MIPS_processor-3d6027f261c21a0ff73975456114cfafef89e094/MIPS_processor-3d6027f261c21a0ff73975456114cfafef89e094/Quartus_project/MEMWB.vhd                  ;         ;
; EXMEM.vhd                        ; yes             ; User VHDL File                     ; C:/Users/jadme/Downloads/MIPS_processor-3d6027f261c21a0ff73975456114cfafef89e094/MIPS_processor-3d6027f261c21a0ff73975456114cfafef89e094/Quartus_project/EXMEM.vhd                  ;         ;
; equalComparator8.vhd             ; yes             ; User VHDL File                     ; C:/Users/jadme/Downloads/MIPS_processor-3d6027f261c21a0ff73975456114cfafef89e094/MIPS_processor-3d6027f261c21a0ff73975456114cfafef89e094/Quartus_project/equalComparator8.vhd       ;         ;
; mux4to1_8bit.vhd                 ; yes             ; User VHDL File                     ; C:/Users/jadme/Downloads/MIPS_processor-3d6027f261c21a0ff73975456114cfafef89e094/MIPS_processor-3d6027f261c21a0ff73975456114cfafef89e094/Quartus_project/mux4to1_8bit.vhd           ;         ;
; forwarding_unit.vhd              ; yes             ; User VHDL File                     ; C:/Users/jadme/Downloads/MIPS_processor-3d6027f261c21a0ff73975456114cfafef89e094/MIPS_processor-3d6027f261c21a0ff73975456114cfafef89e094/Quartus_project/forwarding_unit.vhd        ;         ;
; hazard_unit.vhd                  ; yes             ; User VHDL File                     ; C:/Users/jadme/Downloads/MIPS_processor-3d6027f261c21a0ff73975456114cfafef89e094/MIPS_processor-3d6027f261c21a0ff73975456114cfafef89e094/Quartus_project/hazard_unit.vhd            ;         ;
; lpm_constant4.vhd                ; yes             ; User Wizard-Generated File         ; C:/Users/jadme/Downloads/MIPS_processor-3d6027f261c21a0ff73975456114cfafef89e094/MIPS_processor-3d6027f261c21a0ff73975456114cfafef89e094/Quartus_project/lpm_constant4.vhd          ;         ;
; mux6.vhd                         ; yes             ; User VHDL File                     ; C:/Users/jadme/Downloads/MIPS_processor-3d6027f261c21a0ff73975456114cfafef89e094/MIPS_processor-3d6027f261c21a0ff73975456114cfafef89e094/Quartus_project/mux6.vhd                   ;         ;
; lpm_ram_dq.tdf                   ; yes             ; Megafunction                       ; c:/altera/13.1/quartus/libraries/megafunctions/lpm_ram_dq.tdf                                                                                                                       ;         ;
; altram.inc                       ; yes             ; Megafunction                       ; c:/altera/13.1/quartus/libraries/megafunctions/altram.inc                                                                                                                           ;         ;
; lpm_mux.inc                      ; yes             ; Megafunction                       ; c:/altera/13.1/quartus/libraries/megafunctions/lpm_mux.inc                                                                                                                          ;         ;
; lpm_decode.inc                   ; yes             ; Megafunction                       ; c:/altera/13.1/quartus/libraries/megafunctions/lpm_decode.inc                                                                                                                       ;         ;
; aglobal131.inc                   ; yes             ; Megafunction                       ; c:/altera/13.1/quartus/libraries/megafunctions/aglobal131.inc                                                                                                                       ;         ;
; altram.tdf                       ; yes             ; Megafunction                       ; c:/altera/13.1/quartus/libraries/megafunctions/altram.tdf                                                                                                                           ;         ;
; memmodes.inc                     ; yes             ; Megafunction                       ; c:/altera/13.1/quartus/libraries/others/maxplus2/memmodes.inc                                                                                                                       ;         ;
; altsyncram.inc                   ; yes             ; Megafunction                       ; c:/altera/13.1/quartus/libraries/megafunctions/altsyncram.inc                                                                                                                       ;         ;
; altsyncram.tdf                   ; yes             ; Megafunction                       ; c:/altera/13.1/quartus/libraries/megafunctions/altsyncram.tdf                                                                                                                       ;         ;
; stratix_ram_block.inc            ; yes             ; Megafunction                       ; c:/altera/13.1/quartus/libraries/megafunctions/stratix_ram_block.inc                                                                                                                ;         ;
; a_rdenreg.inc                    ; yes             ; Megafunction                       ; c:/altera/13.1/quartus/libraries/megafunctions/a_rdenreg.inc                                                                                                                        ;         ;
; altrom.inc                       ; yes             ; Megafunction                       ; c:/altera/13.1/quartus/libraries/megafunctions/altrom.inc                                                                                                                           ;         ;
; altdpram.inc                     ; yes             ; Megafunction                       ; c:/altera/13.1/quartus/libraries/megafunctions/altdpram.inc                                                                                                                         ;         ;
; db/altsyncram_38a1.tdf           ; yes             ; Auto-Generated Megafunction        ; C:/Users/jadme/Downloads/MIPS_processor-3d6027f261c21a0ff73975456114cfafef89e094/MIPS_processor-3d6027f261c21a0ff73975456114cfafef89e094/Quartus_project/db/altsyncram_38a1.tdf     ;         ;
; lpm_rom.tdf                      ; yes             ; Megafunction                       ; c:/altera/13.1/quartus/libraries/megafunctions/lpm_rom.tdf                                                                                                                          ;         ;
; altrom.tdf                       ; yes             ; Megafunction                       ; c:/altera/13.1/quartus/libraries/megafunctions/altrom.tdf                                                                                                                           ;         ;
; db/altsyncram_t811.tdf           ; yes             ; Auto-Generated Megafunction        ; C:/Users/jadme/Downloads/MIPS_processor-3d6027f261c21a0ff73975456114cfafef89e094/MIPS_processor-3d6027f261c21a0ff73975456114cfafef89e094/Quartus_project/db/altsyncram_t811.tdf     ;         ;
; lpm_constant.tdf                 ; yes             ; Megafunction                       ; c:/altera/13.1/quartus/libraries/megafunctions/lpm_constant.tdf                                                                                                                     ;         ;
+----------------------------------+-----------------+------------------------------------+-------------------------------------------------------------------------------------------------------------------------------------------------------------------------------------+---------+


+------------------------------------------------------------+
; Analysis & Synthesis Resource Usage Summary                ;
+---------------------------------------------+--------------+
; Resource                                    ; Usage        ;
+---------------------------------------------+--------------+
; Estimated Total logic elements              ; 475          ;
;                                             ;              ;
; Total combinational functions               ; 345          ;
; Logic element usage by number of LUT inputs ;              ;
;     -- 4 input functions                    ; 245          ;
;     -- 3 input functions                    ; 66           ;
;     -- <=2 input functions                  ; 34           ;
;                                             ;              ;
; Logic elements by mode                      ;              ;
;     -- normal mode                          ; 345          ;
;     -- arithmetic mode                      ; 0            ;
;                                             ;              ;
; Total registers                             ; 211          ;
;     -- Dedicated logic registers            ; 211          ;
;     -- I/O registers                        ; 0            ;
;                                             ;              ;
; I/O pins                                    ; 248          ;
; Total memory bits                           ; 10240        ;
; Embedded Multiplier 9-bit elements          ; 0            ;
; Maximum fan-out node                        ; GClock~input ;
; Maximum fan-out                             ; 211          ;
; Total fan-out                               ; 2561         ;
; Average fan-out                             ; 2.35         ;
+---------------------------------------------+--------------+


+-----------------------------------------------------------------------------------------------------------------------------------------------------------------------------------------------------------------------------------------------------------------------------------------+
; Analysis & Synthesis Resource Utilization by Entity                                                                                                                                                                                                                                     ;
+--------------------------------------------------------------+-------------------+--------------+-------------+--------------+---------+-----------+------+--------------+-----------------------------------------------------------------------------------------------+--------------+
; Compilation Hierarchy Node                                   ; LC Combinationals ; LC Registers ; Memory Bits ; DSP Elements ; DSP 9x9 ; DSP 18x18 ; Pins ; Virtual Pins ; Full Hierarchy Name                                                                           ; Library Name ;
+--------------------------------------------------------------+-------------------+--------------+-------------+--------------+---------+-----------+------+--------------+-----------------------------------------------------------------------------------------------+--------------+
; |Lab3                                                        ; 345 (6)           ; 211 (0)      ; 10240       ; 0            ; 0       ; 0         ; 248  ; 0            ; |Lab3                                                                                         ; work         ;
;    |ALUControl:inst23|                                       ; 4 (4)             ; 0 (0)        ; 0           ; 0            ; 0       ; 0         ; 0    ; 0            ; |Lab3|ALUControl:inst23                                                                       ; work         ;
;    |EXMEM:inst30|                                            ; 0 (0)             ; 56 (56)      ; 0           ; 0            ; 0       ; 0         ; 0    ; 0            ; |Lab3|EXMEM:inst30                                                                            ; work         ;
;    |IDEX:inst26|                                             ; 0 (0)             ; 54 (54)      ; 0           ; 0            ; 0       ; 0         ; 0    ; 0            ; |Lab3|IDEX:inst26                                                                             ; work         ;
;    |IFID:inst1|                                              ; 39 (0)            ; 39 (0)       ; 0           ; 0            ; 0       ; 0         ; 0    ; 0            ; |Lab3|IFID:inst1                                                                              ; work         ;
;       |reg32:insreg|                                         ; 32 (32)           ; 32 (32)      ; 0           ; 0            ; 0       ; 0         ; 0    ; 0            ; |Lab3|IFID:inst1|reg32:insreg                                                                 ; work         ;
;       |reg32:pcreg|                                          ; 7 (7)             ; 7 (7)        ; 0           ; 0            ; 0       ; 0         ; 0    ; 0            ; |Lab3|IFID:inst1|reg32:pcreg                                                                  ; work         ;
;    |MEMWB:inst32|                                            ; 0 (0)             ; 55 (55)      ; 0           ; 0            ; 0       ; 0         ; 0    ; 0            ; |Lab3|MEMWB:inst32                                                                            ; work         ;
;    |control_unit:inst15|                                     ; 10 (10)           ; 0 (0)        ; 0           ; 0            ; 0       ; 0         ; 0    ; 0            ; |Lab3|control_unit:inst15                                                                     ; work         ;
;    |eightBitALU:inst17|                                      ; 6 (0)             ; 0 (0)        ; 0           ; 0            ; 0       ; 0         ; 0    ; 0            ; |Lab3|eightBitALU:inst17                                                                      ; work         ;
;       |eightBitCLA:arithmetic_unit|                          ; 6 (6)             ; 0 (0)        ; 0           ; 0            ; 0       ; 0         ; 0    ; 0            ; |Lab3|eightBitALU:inst17|eightBitCLA:arithmetic_unit                                          ; work         ;
;    |eightBitRegisterInc:inst36|                              ; 6 (0)             ; 7 (0)        ; 0           ; 0            ; 0       ; 0         ; 0    ; 0            ; |Lab3|eightBitRegisterInc:inst36                                                              ; work         ;
;       |enARdFF_2:\GEN_BITS:0:BIT_FF|                         ; 0 (0)             ; 1 (1)        ; 0           ; 0            ; 0       ; 0         ; 0    ; 0            ; |Lab3|eightBitRegisterInc:inst36|enARdFF_2:\GEN_BITS:0:BIT_FF                                 ; work         ;
;       |enARdFF_2:\GEN_BITS:2:BIT_FF|                         ; 1 (1)             ; 1 (1)        ; 0           ; 0            ; 0       ; 0         ; 0    ; 0            ; |Lab3|eightBitRegisterInc:inst36|enARdFF_2:\GEN_BITS:2:BIT_FF                                 ; work         ;
;       |enARdFF_2:\GEN_BITS:3:BIT_FF|                         ; 1 (1)             ; 1 (1)        ; 0           ; 0            ; 0       ; 0         ; 0    ; 0            ; |Lab3|eightBitRegisterInc:inst36|enARdFF_2:\GEN_BITS:3:BIT_FF                                 ; work         ;
;       |enARdFF_2:\GEN_BITS:4:BIT_FF|                         ; 1 (1)             ; 1 (1)        ; 0           ; 0            ; 0       ; 0         ; 0    ; 0            ; |Lab3|eightBitRegisterInc:inst36|enARdFF_2:\GEN_BITS:4:BIT_FF                                 ; work         ;
;       |enARdFF_2:\GEN_BITS:5:BIT_FF|                         ; 1 (1)             ; 1 (1)        ; 0           ; 0            ; 0       ; 0         ; 0    ; 0            ; |Lab3|eightBitRegisterInc:inst36|enARdFF_2:\GEN_BITS:5:BIT_FF                                 ; work         ;
;       |enARdFF_2:\GEN_BITS:6:BIT_FF|                         ; 1 (1)             ; 1 (1)        ; 0           ; 0            ; 0       ; 0         ; 0    ; 0            ; |Lab3|eightBitRegisterInc:inst36|enARdFF_2:\GEN_BITS:6:BIT_FF                                 ; work         ;
;       |enARdFF_2:\GEN_BITS:7:BIT_FF|                         ; 1 (1)             ; 1 (1)        ; 0           ; 0            ; 0       ; 0         ; 0    ; 0            ; |Lab3|eightBitRegisterInc:inst36|enARdFF_2:\GEN_BITS:7:BIT_FF                                 ; work         ;
;    |equalComparator8:inst3|                                  ; 1 (1)             ; 0 (0)        ; 0           ; 0            ; 0       ; 0         ; 0    ; 0            ; |Lab3|equalComparator8:inst3                                                                  ; work         ;
;    |forwarding_unit:inst4|                                   ; 8 (8)             ; 0 (0)        ; 0           ; 0            ; 0       ; 0         ; 0    ; 0            ; |Lab3|forwarding_unit:inst4                                                                   ; work         ;
;    |hazard_unit:inst34|                                      ; 7 (7)             ; 0 (0)        ; 0           ; 0            ; 0       ; 0         ; 0    ; 0            ; |Lab3|hazard_unit:inst34                                                                      ; work         ;
;    |lpm_ram_dq:inst9|                                        ; 0 (0)             ; 0 (0)        ; 2048        ; 0            ; 0       ; 0         ; 0    ; 0            ; |Lab3|lpm_ram_dq:inst9                                                                        ; work         ;
;       |altram:sram|                                          ; 0 (0)             ; 0 (0)        ; 2048        ; 0            ; 0       ; 0         ; 0    ; 0            ; |Lab3|lpm_ram_dq:inst9|altram:sram                                                            ; work         ;
;          |altsyncram:ram_block|                              ; 0 (0)             ; 0 (0)        ; 2048        ; 0            ; 0       ; 0         ; 0    ; 0            ; |Lab3|lpm_ram_dq:inst9|altram:sram|altsyncram:ram_block                                       ; work         ;
;             |altsyncram_38a1:auto_generated|                 ; 0 (0)             ; 0 (0)        ; 2048        ; 0            ; 0       ; 0         ; 0    ; 0            ; |Lab3|lpm_ram_dq:inst9|altram:sram|altsyncram:ram_block|altsyncram_38a1:auto_generated        ; work         ;
;    |lpm_rom:inst|                                            ; 0 (0)             ; 0 (0)        ; 8192        ; 0            ; 0       ; 0         ; 0    ; 0            ; |Lab3|lpm_rom:inst                                                                            ; work         ;
;       |altrom:srom|                                          ; 0 (0)             ; 0 (0)        ; 8192        ; 0            ; 0       ; 0         ; 0    ; 0            ; |Lab3|lpm_rom:inst|altrom:srom                                                                ; work         ;
;          |altsyncram:rom_block|                              ; 0 (0)             ; 0 (0)        ; 8192        ; 0            ; 0       ; 0         ; 0    ; 0            ; |Lab3|lpm_rom:inst|altrom:srom|altsyncram:rom_block                                           ; work         ;
;             |altsyncram_t811:auto_generated|                 ; 0 (0)             ; 0 (0)        ; 8192        ; 0            ; 0       ; 0         ; 0    ; 0            ; |Lab3|lpm_rom:inst|altrom:srom|altsyncram:rom_block|altsyncram_t811:auto_generated            ; work         ;
;    |mux2to1_8bit:inst21|                                     ; 1 (1)             ; 0 (0)        ; 0           ; 0            ; 0       ; 0         ; 0    ; 0            ; |Lab3|mux2to1_8bit:inst21                                                                     ; work         ;
;    |mux2to1_8bit:inst24|                                     ; 24 (24)           ; 0 (0)        ; 0           ; 0            ; 0       ; 0         ; 0    ; 0            ; |Lab3|mux2to1_8bit:inst24                                                                     ; work         ;
;    |mux2to1_8bit:inst25|                                     ; 8 (8)             ; 0 (0)        ; 0           ; 0            ; 0       ; 0         ; 0    ; 0            ; |Lab3|mux2to1_8bit:inst25                                                                     ; work         ;
;    |mux4to1_8bit:inst13|                                     ; 21 (21)           ; 0 (0)        ; 0           ; 0            ; 0       ; 0         ; 0    ; 0            ; |Lab3|mux4to1_8bit:inst13                                                                     ; work         ;
;    |mux5:inst10|                                             ; 5 (0)             ; 0 (0)        ; 0           ; 0            ; 0       ; 0         ; 0    ; 0            ; |Lab3|mux5:inst10                                                                             ; work         ;
;       |mux2:\gen_mux:0:mux_inst|                             ; 1 (1)             ; 0 (0)        ; 0           ; 0            ; 0       ; 0         ; 0    ; 0            ; |Lab3|mux5:inst10|mux2:\gen_mux:0:mux_inst                                                    ; work         ;
;       |mux2:\gen_mux:1:mux_inst|                             ; 1 (1)             ; 0 (0)        ; 0           ; 0            ; 0       ; 0         ; 0    ; 0            ; |Lab3|mux5:inst10|mux2:\gen_mux:1:mux_inst                                                    ; work         ;
;       |mux2:\gen_mux:2:mux_inst|                             ; 1 (1)             ; 0 (0)        ; 0           ; 0            ; 0       ; 0         ; 0    ; 0            ; |Lab3|mux5:inst10|mux2:\gen_mux:2:mux_inst                                                    ; work         ;
;       |mux2:\gen_mux:3:mux_inst|                             ; 1 (1)             ; 0 (0)        ; 0           ; 0            ; 0       ; 0         ; 0    ; 0            ; |Lab3|mux5:inst10|mux2:\gen_mux:3:mux_inst                                                    ; work         ;
;       |mux2:\gen_mux:4:mux_inst|                             ; 1 (1)             ; 0 (0)        ; 0           ; 0            ; 0       ; 0         ; 0    ; 0            ; |Lab3|mux5:inst10|mux2:\gen_mux:4:mux_inst                                                    ; work         ;
;    |registerFile:inst11|                                     ; 152 (0)           ; 0 (0)        ; 0           ; 0            ; 0       ; 0         ; 0    ; 0            ; |Lab3|registerFile:inst11                                                                     ; work         ;
;       |asyncEightBitRegister:\gen_registers:0:register_inst| ; 8 (0)             ; 0 (0)        ; 0           ; 0            ; 0       ; 0         ; 0    ; 0            ; |Lab3|registerFile:inst11|asyncEightBitRegister:\gen_registers:0:register_inst                ; work         ;
;          |d_latch:latch0|                                    ; 1 (1)             ; 0 (0)        ; 0           ; 0            ; 0       ; 0         ; 0    ; 0            ; |Lab3|registerFile:inst11|asyncEightBitRegister:\gen_registers:0:register_inst|d_latch:latch0 ; work         ;
;          |d_latch:latch1|                                    ; 1 (1)             ; 0 (0)        ; 0           ; 0            ; 0       ; 0         ; 0    ; 0            ; |Lab3|registerFile:inst11|asyncEightBitRegister:\gen_registers:0:register_inst|d_latch:latch1 ; work         ;
;          |d_latch:latch2|                                    ; 1 (1)             ; 0 (0)        ; 0           ; 0            ; 0       ; 0         ; 0    ; 0            ; |Lab3|registerFile:inst11|asyncEightBitRegister:\gen_registers:0:register_inst|d_latch:latch2 ; work         ;
;          |d_latch:latch3|                                    ; 1 (1)             ; 0 (0)        ; 0           ; 0            ; 0       ; 0         ; 0    ; 0            ; |Lab3|registerFile:inst11|asyncEightBitRegister:\gen_registers:0:register_inst|d_latch:latch3 ; work         ;
;          |d_latch:latch4|                                    ; 1 (1)             ; 0 (0)        ; 0           ; 0            ; 0       ; 0         ; 0    ; 0            ; |Lab3|registerFile:inst11|asyncEightBitRegister:\gen_registers:0:register_inst|d_latch:latch4 ; work         ;
;          |d_latch:latch5|                                    ; 1 (1)             ; 0 (0)        ; 0           ; 0            ; 0       ; 0         ; 0    ; 0            ; |Lab3|registerFile:inst11|asyncEightBitRegister:\gen_registers:0:register_inst|d_latch:latch5 ; work         ;
;          |d_latch:latch6|                                    ; 1 (1)             ; 0 (0)        ; 0           ; 0            ; 0       ; 0         ; 0    ; 0            ; |Lab3|registerFile:inst11|asyncEightBitRegister:\gen_registers:0:register_inst|d_latch:latch6 ; work         ;
;          |d_latch:latch7|                                    ; 1 (1)             ; 0 (0)        ; 0           ; 0            ; 0       ; 0         ; 0    ; 0            ; |Lab3|registerFile:inst11|asyncEightBitRegister:\gen_registers:0:register_inst|d_latch:latch7 ; work         ;
;       |asyncEightBitRegister:\gen_registers:1:register_inst| ; 8 (0)             ; 0 (0)        ; 0           ; 0            ; 0       ; 0         ; 0    ; 0            ; |Lab3|registerFile:inst11|asyncEightBitRegister:\gen_registers:1:register_inst                ; work         ;
;          |d_latch:latch0|                                    ; 1 (1)             ; 0 (0)        ; 0           ; 0            ; 0       ; 0         ; 0    ; 0            ; |Lab3|registerFile:inst11|asyncEightBitRegister:\gen_registers:1:register_inst|d_latch:latch0 ; work         ;
;          |d_latch:latch1|                                    ; 1 (1)             ; 0 (0)        ; 0           ; 0            ; 0       ; 0         ; 0    ; 0            ; |Lab3|registerFile:inst11|asyncEightBitRegister:\gen_registers:1:register_inst|d_latch:latch1 ; work         ;
;          |d_latch:latch2|                                    ; 1 (1)             ; 0 (0)        ; 0           ; 0            ; 0       ; 0         ; 0    ; 0            ; |Lab3|registerFile:inst11|asyncEightBitRegister:\gen_registers:1:register_inst|d_latch:latch2 ; work         ;
;          |d_latch:latch3|                                    ; 1 (1)             ; 0 (0)        ; 0           ; 0            ; 0       ; 0         ; 0    ; 0            ; |Lab3|registerFile:inst11|asyncEightBitRegister:\gen_registers:1:register_inst|d_latch:latch3 ; work         ;
;          |d_latch:latch4|                                    ; 1 (1)             ; 0 (0)        ; 0           ; 0            ; 0       ; 0         ; 0    ; 0            ; |Lab3|registerFile:inst11|asyncEightBitRegister:\gen_registers:1:register_inst|d_latch:latch4 ; work         ;
;          |d_latch:latch5|                                    ; 1 (1)             ; 0 (0)        ; 0           ; 0            ; 0       ; 0         ; 0    ; 0            ; |Lab3|registerFile:inst11|asyncEightBitRegister:\gen_registers:1:register_inst|d_latch:latch5 ; work         ;
;          |d_latch:latch6|                                    ; 1 (1)             ; 0 (0)        ; 0           ; 0            ; 0       ; 0         ; 0    ; 0            ; |Lab3|registerFile:inst11|asyncEightBitRegister:\gen_registers:1:register_inst|d_latch:latch6 ; work         ;
;          |d_latch:latch7|                                    ; 1 (1)             ; 0 (0)        ; 0           ; 0            ; 0       ; 0         ; 0    ; 0            ; |Lab3|registerFile:inst11|asyncEightBitRegister:\gen_registers:1:register_inst|d_latch:latch7 ; work         ;
;       |asyncEightBitRegister:\gen_registers:2:register_inst| ; 8 (0)             ; 0 (0)        ; 0           ; 0            ; 0       ; 0         ; 0    ; 0            ; |Lab3|registerFile:inst11|asyncEightBitRegister:\gen_registers:2:register_inst                ; work         ;
;          |d_latch:latch0|                                    ; 1 (1)             ; 0 (0)        ; 0           ; 0            ; 0       ; 0         ; 0    ; 0            ; |Lab3|registerFile:inst11|asyncEightBitRegister:\gen_registers:2:register_inst|d_latch:latch0 ; work         ;
;          |d_latch:latch1|                                    ; 1 (1)             ; 0 (0)        ; 0           ; 0            ; 0       ; 0         ; 0    ; 0            ; |Lab3|registerFile:inst11|asyncEightBitRegister:\gen_registers:2:register_inst|d_latch:latch1 ; work         ;
;          |d_latch:latch2|                                    ; 1 (1)             ; 0 (0)        ; 0           ; 0            ; 0       ; 0         ; 0    ; 0            ; |Lab3|registerFile:inst11|asyncEightBitRegister:\gen_registers:2:register_inst|d_latch:latch2 ; work         ;
;          |d_latch:latch3|                                    ; 1 (1)             ; 0 (0)        ; 0           ; 0            ; 0       ; 0         ; 0    ; 0            ; |Lab3|registerFile:inst11|asyncEightBitRegister:\gen_registers:2:register_inst|d_latch:latch3 ; work         ;
;          |d_latch:latch4|                                    ; 1 (1)             ; 0 (0)        ; 0           ; 0            ; 0       ; 0         ; 0    ; 0            ; |Lab3|registerFile:inst11|asyncEightBitRegister:\gen_registers:2:register_inst|d_latch:latch4 ; work         ;
;          |d_latch:latch5|                                    ; 1 (1)             ; 0 (0)        ; 0           ; 0            ; 0       ; 0         ; 0    ; 0            ; |Lab3|registerFile:inst11|asyncEightBitRegister:\gen_registers:2:register_inst|d_latch:latch5 ; work         ;
;          |d_latch:latch6|                                    ; 1 (1)             ; 0 (0)        ; 0           ; 0            ; 0       ; 0         ; 0    ; 0            ; |Lab3|registerFile:inst11|asyncEightBitRegister:\gen_registers:2:register_inst|d_latch:latch6 ; work         ;
;          |d_latch:latch7|                                    ; 1 (1)             ; 0 (0)        ; 0           ; 0            ; 0       ; 0         ; 0    ; 0            ; |Lab3|registerFile:inst11|asyncEightBitRegister:\gen_registers:2:register_inst|d_latch:latch7 ; work         ;
;       |asyncEightBitRegister:\gen_registers:3:register_inst| ; 8 (0)             ; 0 (0)        ; 0           ; 0            ; 0       ; 0         ; 0    ; 0            ; |Lab3|registerFile:inst11|asyncEightBitRegister:\gen_registers:3:register_inst                ; work         ;
;          |d_latch:latch0|                                    ; 1 (1)             ; 0 (0)        ; 0           ; 0            ; 0       ; 0         ; 0    ; 0            ; |Lab3|registerFile:inst11|asyncEightBitRegister:\gen_registers:3:register_inst|d_latch:latch0 ; work         ;
;          |d_latch:latch1|                                    ; 1 (1)             ; 0 (0)        ; 0           ; 0            ; 0       ; 0         ; 0    ; 0            ; |Lab3|registerFile:inst11|asyncEightBitRegister:\gen_registers:3:register_inst|d_latch:latch1 ; work         ;
;          |d_latch:latch2|                                    ; 1 (1)             ; 0 (0)        ; 0           ; 0            ; 0       ; 0         ; 0    ; 0            ; |Lab3|registerFile:inst11|asyncEightBitRegister:\gen_registers:3:register_inst|d_latch:latch2 ; work         ;
;          |d_latch:latch3|                                    ; 1 (1)             ; 0 (0)        ; 0           ; 0            ; 0       ; 0         ; 0    ; 0            ; |Lab3|registerFile:inst11|asyncEightBitRegister:\gen_registers:3:register_inst|d_latch:latch3 ; work         ;
;          |d_latch:latch4|                                    ; 1 (1)             ; 0 (0)        ; 0           ; 0            ; 0       ; 0         ; 0    ; 0            ; |Lab3|registerFile:inst11|asyncEightBitRegister:\gen_registers:3:register_inst|d_latch:latch4 ; work         ;
;          |d_latch:latch5|                                    ; 1 (1)             ; 0 (0)        ; 0           ; 0            ; 0       ; 0         ; 0    ; 0            ; |Lab3|registerFile:inst11|asyncEightBitRegister:\gen_registers:3:register_inst|d_latch:latch5 ; work         ;
;          |d_latch:latch6|                                    ; 1 (1)             ; 0 (0)        ; 0           ; 0            ; 0       ; 0         ; 0    ; 0            ; |Lab3|registerFile:inst11|asyncEightBitRegister:\gen_registers:3:register_inst|d_latch:latch6 ; work         ;
;          |d_latch:latch7|                                    ; 1 (1)             ; 0 (0)        ; 0           ; 0            ; 0       ; 0         ; 0    ; 0            ; |Lab3|registerFile:inst11|asyncEightBitRegister:\gen_registers:3:register_inst|d_latch:latch7 ; work         ;
;       |asyncEightBitRegister:\gen_registers:4:register_inst| ; 8 (0)             ; 0 (0)        ; 0           ; 0            ; 0       ; 0         ; 0    ; 0            ; |Lab3|registerFile:inst11|asyncEightBitRegister:\gen_registers:4:register_inst                ; work         ;
;          |d_latch:latch0|                                    ; 1 (1)             ; 0 (0)        ; 0           ; 0            ; 0       ; 0         ; 0    ; 0            ; |Lab3|registerFile:inst11|asyncEightBitRegister:\gen_registers:4:register_inst|d_latch:latch0 ; work         ;
;          |d_latch:latch1|                                    ; 1 (1)             ; 0 (0)        ; 0           ; 0            ; 0       ; 0         ; 0    ; 0            ; |Lab3|registerFile:inst11|asyncEightBitRegister:\gen_registers:4:register_inst|d_latch:latch1 ; work         ;
;          |d_latch:latch2|                                    ; 1 (1)             ; 0 (0)        ; 0           ; 0            ; 0       ; 0         ; 0    ; 0            ; |Lab3|registerFile:inst11|asyncEightBitRegister:\gen_registers:4:register_inst|d_latch:latch2 ; work         ;
;          |d_latch:latch3|                                    ; 1 (1)             ; 0 (0)        ; 0           ; 0            ; 0       ; 0         ; 0    ; 0            ; |Lab3|registerFile:inst11|asyncEightBitRegister:\gen_registers:4:register_inst|d_latch:latch3 ; work         ;
;          |d_latch:latch4|                                    ; 1 (1)             ; 0 (0)        ; 0           ; 0            ; 0       ; 0         ; 0    ; 0            ; |Lab3|registerFile:inst11|asyncEightBitRegister:\gen_registers:4:register_inst|d_latch:latch4 ; work         ;
;          |d_latch:latch5|                                    ; 1 (1)             ; 0 (0)        ; 0           ; 0            ; 0       ; 0         ; 0    ; 0            ; |Lab3|registerFile:inst11|asyncEightBitRegister:\gen_registers:4:register_inst|d_latch:latch5 ; work         ;
;          |d_latch:latch6|                                    ; 1 (1)             ; 0 (0)        ; 0           ; 0            ; 0       ; 0         ; 0    ; 0            ; |Lab3|registerFile:inst11|asyncEightBitRegister:\gen_registers:4:register_inst|d_latch:latch6 ; work         ;
;          |d_latch:latch7|                                    ; 1 (1)             ; 0 (0)        ; 0           ; 0            ; 0       ; 0         ; 0    ; 0            ; |Lab3|registerFile:inst11|asyncEightBitRegister:\gen_registers:4:register_inst|d_latch:latch7 ; work         ;
;       |asyncEightBitRegister:\gen_registers:5:register_inst| ; 8 (0)             ; 0 (0)        ; 0           ; 0            ; 0       ; 0         ; 0    ; 0            ; |Lab3|registerFile:inst11|asyncEightBitRegister:\gen_registers:5:register_inst                ; work         ;
;          |d_latch:latch0|                                    ; 1 (1)             ; 0 (0)        ; 0           ; 0            ; 0       ; 0         ; 0    ; 0            ; |Lab3|registerFile:inst11|asyncEightBitRegister:\gen_registers:5:register_inst|d_latch:latch0 ; work         ;
;          |d_latch:latch1|                                    ; 1 (1)             ; 0 (0)        ; 0           ; 0            ; 0       ; 0         ; 0    ; 0            ; |Lab3|registerFile:inst11|asyncEightBitRegister:\gen_registers:5:register_inst|d_latch:latch1 ; work         ;
;          |d_latch:latch2|                                    ; 1 (1)             ; 0 (0)        ; 0           ; 0            ; 0       ; 0         ; 0    ; 0            ; |Lab3|registerFile:inst11|asyncEightBitRegister:\gen_registers:5:register_inst|d_latch:latch2 ; work         ;
;          |d_latch:latch3|                                    ; 1 (1)             ; 0 (0)        ; 0           ; 0            ; 0       ; 0         ; 0    ; 0            ; |Lab3|registerFile:inst11|asyncEightBitRegister:\gen_registers:5:register_inst|d_latch:latch3 ; work         ;
;          |d_latch:latch4|                                    ; 1 (1)             ; 0 (0)        ; 0           ; 0            ; 0       ; 0         ; 0    ; 0            ; |Lab3|registerFile:inst11|asyncEightBitRegister:\gen_registers:5:register_inst|d_latch:latch4 ; work         ;
;          |d_latch:latch5|                                    ; 1 (1)             ; 0 (0)        ; 0           ; 0            ; 0       ; 0         ; 0    ; 0            ; |Lab3|registerFile:inst11|asyncEightBitRegister:\gen_registers:5:register_inst|d_latch:latch5 ; work         ;
;          |d_latch:latch6|                                    ; 1 (1)             ; 0 (0)        ; 0           ; 0            ; 0       ; 0         ; 0    ; 0            ; |Lab3|registerFile:inst11|asyncEightBitRegister:\gen_registers:5:register_inst|d_latch:latch6 ; work         ;
;          |d_latch:latch7|                                    ; 1 (1)             ; 0 (0)        ; 0           ; 0            ; 0       ; 0         ; 0    ; 0            ; |Lab3|registerFile:inst11|asyncEightBitRegister:\gen_registers:5:register_inst|d_latch:latch7 ; work         ;
;       |asyncEightBitRegister:\gen_registers:6:register_inst| ; 8 (0)             ; 0 (0)        ; 0           ; 0            ; 0       ; 0         ; 0    ; 0            ; |Lab3|registerFile:inst11|asyncEightBitRegister:\gen_registers:6:register_inst                ; work         ;
;          |d_latch:latch0|                                    ; 1 (1)             ; 0 (0)        ; 0           ; 0            ; 0       ; 0         ; 0    ; 0            ; |Lab3|registerFile:inst11|asyncEightBitRegister:\gen_registers:6:register_inst|d_latch:latch0 ; work         ;
;          |d_latch:latch1|                                    ; 1 (1)             ; 0 (0)        ; 0           ; 0            ; 0       ; 0         ; 0    ; 0            ; |Lab3|registerFile:inst11|asyncEightBitRegister:\gen_registers:6:register_inst|d_latch:latch1 ; work         ;
;          |d_latch:latch2|                                    ; 1 (1)             ; 0 (0)        ; 0           ; 0            ; 0       ; 0         ; 0    ; 0            ; |Lab3|registerFile:inst11|asyncEightBitRegister:\gen_registers:6:register_inst|d_latch:latch2 ; work         ;
;          |d_latch:latch3|                                    ; 1 (1)             ; 0 (0)        ; 0           ; 0            ; 0       ; 0         ; 0    ; 0            ; |Lab3|registerFile:inst11|asyncEightBitRegister:\gen_registers:6:register_inst|d_latch:latch3 ; work         ;
;          |d_latch:latch4|                                    ; 1 (1)             ; 0 (0)        ; 0           ; 0            ; 0       ; 0         ; 0    ; 0            ; |Lab3|registerFile:inst11|asyncEightBitRegister:\gen_registers:6:register_inst|d_latch:latch4 ; work         ;
;          |d_latch:latch5|                                    ; 1 (1)             ; 0 (0)        ; 0           ; 0            ; 0       ; 0         ; 0    ; 0            ; |Lab3|registerFile:inst11|asyncEightBitRegister:\gen_registers:6:register_inst|d_latch:latch5 ; work         ;
;          |d_latch:latch6|                                    ; 1 (1)             ; 0 (0)        ; 0           ; 0            ; 0       ; 0         ; 0    ; 0            ; |Lab3|registerFile:inst11|asyncEightBitRegister:\gen_registers:6:register_inst|d_latch:latch6 ; work         ;
;          |d_latch:latch7|                                    ; 1 (1)             ; 0 (0)        ; 0           ; 0            ; 0       ; 0         ; 0    ; 0            ; |Lab3|registerFile:inst11|asyncEightBitRegister:\gen_registers:6:register_inst|d_latch:latch7 ; work         ;
;       |asyncEightBitRegister:\gen_registers:7:register_inst| ; 8 (0)             ; 0 (0)        ; 0           ; 0            ; 0       ; 0         ; 0    ; 0            ; |Lab3|registerFile:inst11|asyncEightBitRegister:\gen_registers:7:register_inst                ; work         ;
;          |d_latch:latch0|                                    ; 1 (1)             ; 0 (0)        ; 0           ; 0            ; 0       ; 0         ; 0    ; 0            ; |Lab3|registerFile:inst11|asyncEightBitRegister:\gen_registers:7:register_inst|d_latch:latch0 ; work         ;
;          |d_latch:latch1|                                    ; 1 (1)             ; 0 (0)        ; 0           ; 0            ; 0       ; 0         ; 0    ; 0            ; |Lab3|registerFile:inst11|asyncEightBitRegister:\gen_registers:7:register_inst|d_latch:latch1 ; work         ;
;          |d_latch:latch2|                                    ; 1 (1)             ; 0 (0)        ; 0           ; 0            ; 0       ; 0         ; 0    ; 0            ; |Lab3|registerFile:inst11|asyncEightBitRegister:\gen_registers:7:register_inst|d_latch:latch2 ; work         ;
;          |d_latch:latch3|                                    ; 1 (1)             ; 0 (0)        ; 0           ; 0            ; 0       ; 0         ; 0    ; 0            ; |Lab3|registerFile:inst11|asyncEightBitRegister:\gen_registers:7:register_inst|d_latch:latch3 ; work         ;
;          |d_latch:latch4|                                    ; 1 (1)             ; 0 (0)        ; 0           ; 0            ; 0       ; 0         ; 0    ; 0            ; |Lab3|registerFile:inst11|asyncEightBitRegister:\gen_registers:7:register_inst|d_latch:latch4 ; work         ;
;          |d_latch:latch5|                                    ; 1 (1)             ; 0 (0)        ; 0           ; 0            ; 0       ; 0         ; 0    ; 0            ; |Lab3|registerFile:inst11|asyncEightBitRegister:\gen_registers:7:register_inst|d_latch:latch5 ; work         ;
;          |d_latch:latch6|                                    ; 1 (1)             ; 0 (0)        ; 0           ; 0            ; 0       ; 0         ; 0    ; 0            ; |Lab3|registerFile:inst11|asyncEightBitRegister:\gen_registers:7:register_inst|d_latch:latch6 ; work         ;
;          |d_latch:latch7|                                    ; 1 (1)             ; 0 (0)        ; 0           ; 0            ; 0       ; 0         ; 0    ; 0            ; |Lab3|registerFile:inst11|asyncEightBitRegister:\gen_registers:7:register_inst|d_latch:latch7 ; work         ;
;       |decoder3to8:decoder|                                  ; 8 (8)             ; 0 (0)        ; 0           ; 0            ; 0       ; 0         ; 0    ; 0            ; |Lab3|registerFile:inst11|decoder3to8:decoder                                                 ; work         ;
;       |eightX8To8Mux:mux_read1|                              ; 40 (0)            ; 0 (0)        ; 0           ; 0            ; 0       ; 0         ; 0    ; 0            ; |Lab3|registerFile:inst11|eightX8To8Mux:mux_read1                                             ; work         ;
;          |eightTo1Mux:\gen_mux:0:block_mux:mux_inst|         ; 5 (5)             ; 0 (0)        ; 0           ; 0            ; 0       ; 0         ; 0    ; 0            ; |Lab3|registerFile:inst11|eightX8To8Mux:mux_read1|eightTo1Mux:\gen_mux:0:block_mux:mux_inst   ; work         ;
;          |eightTo1Mux:\gen_mux:1:block_mux:mux_inst|         ; 5 (5)             ; 0 (0)        ; 0           ; 0            ; 0       ; 0         ; 0    ; 0            ; |Lab3|registerFile:inst11|eightX8To8Mux:mux_read1|eightTo1Mux:\gen_mux:1:block_mux:mux_inst   ; work         ;
;          |eightTo1Mux:\gen_mux:2:block_mux:mux_inst|         ; 5 (5)             ; 0 (0)        ; 0           ; 0            ; 0       ; 0         ; 0    ; 0            ; |Lab3|registerFile:inst11|eightX8To8Mux:mux_read1|eightTo1Mux:\gen_mux:2:block_mux:mux_inst   ; work         ;
;          |eightTo1Mux:\gen_mux:3:block_mux:mux_inst|         ; 5 (5)             ; 0 (0)        ; 0           ; 0            ; 0       ; 0         ; 0    ; 0            ; |Lab3|registerFile:inst11|eightX8To8Mux:mux_read1|eightTo1Mux:\gen_mux:3:block_mux:mux_inst   ; work         ;
;          |eightTo1Mux:\gen_mux:4:block_mux:mux_inst|         ; 5 (5)             ; 0 (0)        ; 0           ; 0            ; 0       ; 0         ; 0    ; 0            ; |Lab3|registerFile:inst11|eightX8To8Mux:mux_read1|eightTo1Mux:\gen_mux:4:block_mux:mux_inst   ; work         ;
;          |eightTo1Mux:\gen_mux:5:block_mux:mux_inst|         ; 5 (5)             ; 0 (0)        ; 0           ; 0            ; 0       ; 0         ; 0    ; 0            ; |Lab3|registerFile:inst11|eightX8To8Mux:mux_read1|eightTo1Mux:\gen_mux:5:block_mux:mux_inst   ; work         ;
;          |eightTo1Mux:\gen_mux:6:block_mux:mux_inst|         ; 5 (5)             ; 0 (0)        ; 0           ; 0            ; 0       ; 0         ; 0    ; 0            ; |Lab3|registerFile:inst11|eightX8To8Mux:mux_read1|eightTo1Mux:\gen_mux:6:block_mux:mux_inst   ; work         ;
;          |eightTo1Mux:\gen_mux:7:block_mux:mux_inst|         ; 5 (5)             ; 0 (0)        ; 0           ; 0            ; 0       ; 0         ; 0    ; 0            ; |Lab3|registerFile:inst11|eightX8To8Mux:mux_read1|eightTo1Mux:\gen_mux:7:block_mux:mux_inst   ; work         ;
;       |eightX8To8Mux:mux_read2|                              ; 40 (0)            ; 0 (0)        ; 0           ; 0            ; 0       ; 0         ; 0    ; 0            ; |Lab3|registerFile:inst11|eightX8To8Mux:mux_read2                                             ; work         ;
;          |eightTo1Mux:\gen_mux:0:block_mux:mux_inst|         ; 5 (5)             ; 0 (0)        ; 0           ; 0            ; 0       ; 0         ; 0    ; 0            ; |Lab3|registerFile:inst11|eightX8To8Mux:mux_read2|eightTo1Mux:\gen_mux:0:block_mux:mux_inst   ; work         ;
;          |eightTo1Mux:\gen_mux:1:block_mux:mux_inst|         ; 5 (5)             ; 0 (0)        ; 0           ; 0            ; 0       ; 0         ; 0    ; 0            ; |Lab3|registerFile:inst11|eightX8To8Mux:mux_read2|eightTo1Mux:\gen_mux:1:block_mux:mux_inst   ; work         ;
;          |eightTo1Mux:\gen_mux:2:block_mux:mux_inst|         ; 5 (5)             ; 0 (0)        ; 0           ; 0            ; 0       ; 0         ; 0    ; 0            ; |Lab3|registerFile:inst11|eightX8To8Mux:mux_read2|eightTo1Mux:\gen_mux:2:block_mux:mux_inst   ; work         ;
;          |eightTo1Mux:\gen_mux:3:block_mux:mux_inst|         ; 5 (5)             ; 0 (0)        ; 0           ; 0            ; 0       ; 0         ; 0    ; 0            ; |Lab3|registerFile:inst11|eightX8To8Mux:mux_read2|eightTo1Mux:\gen_mux:3:block_mux:mux_inst   ; work         ;
;          |eightTo1Mux:\gen_mux:4:block_mux:mux_inst|         ; 5 (5)             ; 0 (0)        ; 0           ; 0            ; 0       ; 0         ; 0    ; 0            ; |Lab3|registerFile:inst11|eightX8To8Mux:mux_read2|eightTo1Mux:\gen_mux:4:block_mux:mux_inst   ; work         ;
;          |eightTo1Mux:\gen_mux:5:block_mux:mux_inst|         ; 5 (5)             ; 0 (0)        ; 0           ; 0            ; 0       ; 0         ; 0    ; 0            ; |Lab3|registerFile:inst11|eightX8To8Mux:mux_read2|eightTo1Mux:\gen_mux:5:block_mux:mux_inst   ; work         ;
;          |eightTo1Mux:\gen_mux:6:block_mux:mux_inst|         ; 5 (5)             ; 0 (0)        ; 0           ; 0            ; 0       ; 0         ; 0    ; 0            ; |Lab3|registerFile:inst11|eightX8To8Mux:mux_read2|eightTo1Mux:\gen_mux:6:block_mux:mux_inst   ; work         ;
;          |eightTo1Mux:\gen_mux:7:block_mux:mux_inst|         ; 5 (5)             ; 0 (0)        ; 0           ; 0            ; 0       ; 0         ; 0    ; 0            ; |Lab3|registerFile:inst11|eightX8To8Mux:mux_read2|eightTo1Mux:\gen_mux:7:block_mux:mux_inst   ; work         ;
;    |thirtyTwoBitALU:inst16|                                  ; 11 (0)            ; 0 (0)        ; 0           ; 0            ; 0       ; 0         ; 0    ; 0            ; |Lab3|thirtyTwoBitALU:inst16                                                                  ; work         ;
;       |thirtyTwoBitCLA:arithmetic_unit|                      ; 11 (11)           ; 0 (0)        ; 0           ; 0            ; 0       ; 0         ; 0    ; 0            ; |Lab3|thirtyTwoBitALU:inst16|thirtyTwoBitCLA:arithmetic_unit                                  ; work         ;
;    |thirtyTwoBitALU:inst19|                                  ; 36 (0)            ; 0 (0)        ; 0           ; 0            ; 0       ; 0         ; 0    ; 0            ; |Lab3|thirtyTwoBitALU:inst19                                                                  ; work         ;
;       |thirtyTwoBitCLA:arithmetic_unit|                      ; 17 (17)           ; 0 (0)        ; 0           ; 0            ; 0       ; 0         ; 0    ; 0            ; |Lab3|thirtyTwoBitALU:inst19|thirtyTwoBitCLA:arithmetic_unit                                  ; work         ;
;       |twoBy32To32Mux:logical_select_mux|                    ; 8 (0)             ; 0 (0)        ; 0           ; 0            ; 0       ; 0         ; 0    ; 0            ; |Lab3|thirtyTwoBitALU:inst19|twoBy32To32Mux:logical_select_mux                                ; work         ;
;          |mux2:\gen_mux:0:U|                                 ; 1 (1)             ; 0 (0)        ; 0           ; 0            ; 0       ; 0         ; 0    ; 0            ; |Lab3|thirtyTwoBitALU:inst19|twoBy32To32Mux:logical_select_mux|mux2:\gen_mux:0:U              ; work         ;
;          |mux2:\gen_mux:1:U|                                 ; 1 (1)             ; 0 (0)        ; 0           ; 0            ; 0       ; 0         ; 0    ; 0            ; |Lab3|thirtyTwoBitALU:inst19|twoBy32To32Mux:logical_select_mux|mux2:\gen_mux:1:U              ; work         ;
;          |mux2:\gen_mux:2:U|                                 ; 1 (1)             ; 0 (0)        ; 0           ; 0            ; 0       ; 0         ; 0    ; 0            ; |Lab3|thirtyTwoBitALU:inst19|twoBy32To32Mux:logical_select_mux|mux2:\gen_mux:2:U              ; work         ;
;          |mux2:\gen_mux:3:U|                                 ; 1 (1)             ; 0 (0)        ; 0           ; 0            ; 0       ; 0         ; 0    ; 0            ; |Lab3|thirtyTwoBitALU:inst19|twoBy32To32Mux:logical_select_mux|mux2:\gen_mux:3:U              ; work         ;
;          |mux2:\gen_mux:4:U|                                 ; 1 (1)             ; 0 (0)        ; 0           ; 0            ; 0       ; 0         ; 0    ; 0            ; |Lab3|thirtyTwoBitALU:inst19|twoBy32To32Mux:logical_select_mux|mux2:\gen_mux:4:U              ; work         ;
;          |mux2:\gen_mux:5:U|                                 ; 1 (1)             ; 0 (0)        ; 0           ; 0            ; 0       ; 0         ; 0    ; 0            ; |Lab3|thirtyTwoBitALU:inst19|twoBy32To32Mux:logical_select_mux|mux2:\gen_mux:5:U              ; work         ;
;          |mux2:\gen_mux:6:U|                                 ; 1 (1)             ; 0 (0)        ; 0           ; 0            ; 0       ; 0         ; 0    ; 0            ; |Lab3|thirtyTwoBitALU:inst19|twoBy32To32Mux:logical_select_mux|mux2:\gen_mux:6:U              ; work         ;
;          |mux2:\gen_mux:7:U|                                 ; 1 (1)             ; 0 (0)        ; 0           ; 0            ; 0       ; 0         ; 0    ; 0            ; |Lab3|thirtyTwoBitALU:inst19|twoBy32To32Mux:logical_select_mux|mux2:\gen_mux:7:U              ; work         ;
;       |twoBy32To32Mux:top_level_mux|                         ; 11 (0)            ; 0 (0)        ; 0           ; 0            ; 0       ; 0         ; 0    ; 0            ; |Lab3|thirtyTwoBitALU:inst19|twoBy32To32Mux:top_level_mux                                     ; work         ;
;          |mux2:\gen_mux:0:U|                                 ; 4 (4)             ; 0 (0)        ; 0           ; 0            ; 0       ; 0         ; 0    ; 0            ; |Lab3|thirtyTwoBitALU:inst19|twoBy32To32Mux:top_level_mux|mux2:\gen_mux:0:U                   ; work         ;
;          |mux2:\gen_mux:1:U|                                 ; 1 (1)             ; 0 (0)        ; 0           ; 0            ; 0       ; 0         ; 0    ; 0            ; |Lab3|thirtyTwoBitALU:inst19|twoBy32To32Mux:top_level_mux|mux2:\gen_mux:1:U                   ; work         ;
;          |mux2:\gen_mux:2:U|                                 ; 1 (1)             ; 0 (0)        ; 0           ; 0            ; 0       ; 0         ; 0    ; 0            ; |Lab3|thirtyTwoBitALU:inst19|twoBy32To32Mux:top_level_mux|mux2:\gen_mux:2:U                   ; work         ;
;          |mux2:\gen_mux:3:U|                                 ; 1 (1)             ; 0 (0)        ; 0           ; 0            ; 0       ; 0         ; 0    ; 0            ; |Lab3|thirtyTwoBitALU:inst19|twoBy32To32Mux:top_level_mux|mux2:\gen_mux:3:U                   ; work         ;
;          |mux2:\gen_mux:4:U|                                 ; 1 (1)             ; 0 (0)        ; 0           ; 0            ; 0       ; 0         ; 0    ; 0            ; |Lab3|thirtyTwoBitALU:inst19|twoBy32To32Mux:top_level_mux|mux2:\gen_mux:4:U                   ; work         ;
;          |mux2:\gen_mux:5:U|                                 ; 1 (1)             ; 0 (0)        ; 0           ; 0            ; 0       ; 0         ; 0    ; 0            ; |Lab3|thirtyTwoBitALU:inst19|twoBy32To32Mux:top_level_mux|mux2:\gen_mux:5:U                   ; work         ;
;          |mux2:\gen_mux:6:U|                                 ; 1 (1)             ; 0 (0)        ; 0           ; 0            ; 0       ; 0         ; 0    ; 0            ; |Lab3|thirtyTwoBitALU:inst19|twoBy32To32Mux:top_level_mux|mux2:\gen_mux:6:U                   ; work         ;
;          |mux2:\gen_mux:7:U|                                 ; 1 (1)             ; 0 (0)        ; 0           ; 0            ; 0       ; 0         ; 0    ; 0            ; |Lab3|thirtyTwoBitALU:inst19|twoBy32To32Mux:top_level_mux|mux2:\gen_mux:7:U                   ; work         ;
+--------------------------------------------------------------+-------------------+--------------+-------------+--------------+---------+-----------+------+--------------+-----------------------------------------------------------------------------------------------+--------------+
Note: For table entries with two numbers listed, the numbers in parentheses indicate the number of resources of the given type used by the specific entity alone. The numbers listed outside of parentheses indicate the total resources of the given type used by the specific entity and all of its sub-entities in the hierarchy.


+-----------------------------------------------------------------------------------------------------------------------------------------------------------------------------------------------------------+
; Analysis & Synthesis RAM Summary                                                                                                                                                                          ;
+---------------------------------------------------------------------------------------------+------+-------------+--------------+--------------+--------------+--------------+------+---------------------+
; Name                                                                                        ; Type ; Mode        ; Port A Depth ; Port A Width ; Port B Depth ; Port B Width ; Size ; MIF                 ;
+---------------------------------------------------------------------------------------------+------+-------------+--------------+--------------+--------------+--------------+------+---------------------+
; lpm_ram_dq:inst9|altram:sram|altsyncram:ram_block|altsyncram_38a1:auto_generated|ALTSYNCRAM ; AUTO ; Single Port ; 256          ; 8            ; --           ; --           ; 2048 ; data_memory.mif     ;
; lpm_rom:inst|altrom:srom|altsyncram:rom_block|altsyncram_t811:auto_generated|ALTSYNCRAM     ; AUTO ; ROM         ; 256          ; 32           ; --           ; --           ; 8192 ; instruction_mem.mif ;
+---------------------------------------------------------------------------------------------+------+-------------+--------------+--------------+--------------+--------------+------+---------------------+


+--------------------------------------------------------------------------------------------------------------------------------------------------------------------------------------------------------------------------------------------------------------------------+
; Analysis & Synthesis IP Cores Summary                                                                                                                                                                                                                                    ;
+--------+--------------+---------+--------------+--------------+-----------------------------+----------------------------------------------------------------------------------------------------------------------------------------------------------------------------+
; Vendor ; IP Core Name ; Version ; Release Date ; License Type ; Entity Instance             ; IP Include File                                                                                                                                                            ;
+--------+--------------+---------+--------------+--------------+-----------------------------+----------------------------------------------------------------------------------------------------------------------------------------------------------------------------+
; Altera ; LPM_CONSTANT ; 13.1    ; N/A          ; N/A          ; |Lab3|lpm_constant0:inst7   ; C:/Users/jadme/Downloads/MIPS_processor-3d6027f261c21a0ff73975456114cfafef89e094/MIPS_processor-3d6027f261c21a0ff73975456114cfafef89e094/Quartus_project/lpm_constant0.vhd ;
; Altera ; LPM_CONSTANT ; 13.1    ; N/A          ; N/A          ; |Lab3|lpm_constant1:inst8   ; C:/Users/jadme/Downloads/MIPS_processor-3d6027f261c21a0ff73975456114cfafef89e094/MIPS_processor-3d6027f261c21a0ff73975456114cfafef89e094/Quartus_project/lpm_constant1.vhd ;
; Altera ; LPM_CONSTANT ; 13.1    ; N/A          ; N/A          ; |Lab3|lpm_constant3:inst29  ; C:/Users/jadme/Downloads/MIPS_processor-3d6027f261c21a0ff73975456114cfafef89e094/MIPS_processor-3d6027f261c21a0ff73975456114cfafef89e094/Quartus_project/lpm_constant3.vhd ;
; Altera ; LPM_CONSTANT ; 13.1    ; N/A          ; N/A          ; |Lab3|lpm_constant4:inst37  ; C:/Users/jadme/Downloads/MIPS_processor-3d6027f261c21a0ff73975456114cfafef89e094/MIPS_processor-3d6027f261c21a0ff73975456114cfafef89e094/Quartus_project/lpm_constant4.vhd ;
; Altera ; LPM_CONSTANT ; 13.1    ; N/A          ; N/A          ; |Lab3|lpm_constant2:inst183 ; C:/Users/jadme/Downloads/MIPS_processor-3d6027f261c21a0ff73975456114cfafef89e094/MIPS_processor-3d6027f261c21a0ff73975456114cfafef89e094/Quartus_project/lpm_constant2.vhd ;
; Altera ; LPM_CONSTANT ; 13.1    ; N/A          ; N/A          ; |Lab3|lpm_constant2:inst184 ; C:/Users/jadme/Downloads/MIPS_processor-3d6027f261c21a0ff73975456114cfafef89e094/MIPS_processor-3d6027f261c21a0ff73975456114cfafef89e094/Quartus_project/lpm_constant2.vhd ;
; Altera ; LPM_CONSTANT ; 13.1    ; N/A          ; N/A          ; |Lab3|lpm_constant2:inst185 ; C:/Users/jadme/Downloads/MIPS_processor-3d6027f261c21a0ff73975456114cfafef89e094/MIPS_processor-3d6027f261c21a0ff73975456114cfafef89e094/Quartus_project/lpm_constant2.vhd ;
+--------+--------------+---------+--------------+--------------+-----------------------------+----------------------------------------------------------------------------------------------------------------------------------------------------------------------------+


+--------------------------------------------------------------------------------------------------+
; Logic Cells Representing Combinational Loops                                                     ;
+---------------------------------------------------------------------------------------------+----+
; Logic Cell Name                                                                             ;    ;
+---------------------------------------------------------------------------------------------+----+
; registerFile:inst11|asyncEightBitRegister:\gen_registers:4:register_inst|d_latch:latch7|Q~0 ;    ;
; registerFile:inst11|asyncEightBitRegister:\gen_registers:2:register_inst|d_latch:latch7|Q~0 ;    ;
; registerFile:inst11|asyncEightBitRegister:\gen_registers:0:register_inst|d_latch:latch7|Q~0 ;    ;
; registerFile:inst11|asyncEightBitRegister:\gen_registers:6:register_inst|d_latch:latch7|Q~0 ;    ;
; registerFile:inst11|asyncEightBitRegister:\gen_registers:5:register_inst|d_latch:latch7|Q~0 ;    ;
; registerFile:inst11|asyncEightBitRegister:\gen_registers:3:register_inst|d_latch:latch7|Q~0 ;    ;
; registerFile:inst11|asyncEightBitRegister:\gen_registers:1:register_inst|d_latch:latch7|Q~0 ;    ;
; registerFile:inst11|asyncEightBitRegister:\gen_registers:7:register_inst|d_latch:latch7|Q~0 ;    ;
; registerFile:inst11|asyncEightBitRegister:\gen_registers:1:register_inst|d_latch:latch6|Q~0 ;    ;
; registerFile:inst11|asyncEightBitRegister:\gen_registers:2:register_inst|d_latch:latch6|Q~0 ;    ;
; registerFile:inst11|asyncEightBitRegister:\gen_registers:0:register_inst|d_latch:latch6|Q~0 ;    ;
; registerFile:inst11|asyncEightBitRegister:\gen_registers:3:register_inst|d_latch:latch6|Q~0 ;    ;
; registerFile:inst11|asyncEightBitRegister:\gen_registers:5:register_inst|d_latch:latch6|Q~0 ;    ;
; registerFile:inst11|asyncEightBitRegister:\gen_registers:6:register_inst|d_latch:latch6|Q~0 ;    ;
; registerFile:inst11|asyncEightBitRegister:\gen_registers:4:register_inst|d_latch:latch6|Q~0 ;    ;
; registerFile:inst11|asyncEightBitRegister:\gen_registers:7:register_inst|d_latch:latch6|Q~0 ;    ;
; registerFile:inst11|asyncEightBitRegister:\gen_registers:1:register_inst|d_latch:latch5|Q~0 ;    ;
; registerFile:inst11|asyncEightBitRegister:\gen_registers:2:register_inst|d_latch:latch5|Q~0 ;    ;
; registerFile:inst11|asyncEightBitRegister:\gen_registers:0:register_inst|d_latch:latch5|Q~0 ;    ;
; registerFile:inst11|asyncEightBitRegister:\gen_registers:3:register_inst|d_latch:latch5|Q~0 ;    ;
; registerFile:inst11|asyncEightBitRegister:\gen_registers:6:register_inst|d_latch:latch5|Q~0 ;    ;
; registerFile:inst11|asyncEightBitRegister:\gen_registers:5:register_inst|d_latch:latch5|Q~0 ;    ;
; registerFile:inst11|asyncEightBitRegister:\gen_registers:4:register_inst|d_latch:latch5|Q~0 ;    ;
; registerFile:inst11|asyncEightBitRegister:\gen_registers:7:register_inst|d_latch:latch5|Q~0 ;    ;
; registerFile:inst11|asyncEightBitRegister:\gen_registers:1:register_inst|d_latch:latch4|Q~0 ;    ;
; registerFile:inst11|asyncEightBitRegister:\gen_registers:2:register_inst|d_latch:latch4|Q~0 ;    ;
; registerFile:inst11|asyncEightBitRegister:\gen_registers:0:register_inst|d_latch:latch4|Q~0 ;    ;
; registerFile:inst11|asyncEightBitRegister:\gen_registers:3:register_inst|d_latch:latch4|Q~0 ;    ;
; registerFile:inst11|asyncEightBitRegister:\gen_registers:6:register_inst|d_latch:latch4|Q~0 ;    ;
; registerFile:inst11|asyncEightBitRegister:\gen_registers:5:register_inst|d_latch:latch4|Q~0 ;    ;
; registerFile:inst11|asyncEightBitRegister:\gen_registers:4:register_inst|d_latch:latch4|Q~0 ;    ;
; registerFile:inst11|asyncEightBitRegister:\gen_registers:7:register_inst|d_latch:latch4|Q~0 ;    ;
; registerFile:inst11|asyncEightBitRegister:\gen_registers:1:register_inst|d_latch:latch3|Q~0 ;    ;
; registerFile:inst11|asyncEightBitRegister:\gen_registers:2:register_inst|d_latch:latch3|Q~0 ;    ;
; registerFile:inst11|asyncEightBitRegister:\gen_registers:0:register_inst|d_latch:latch3|Q~0 ;    ;
; registerFile:inst11|asyncEightBitRegister:\gen_registers:3:register_inst|d_latch:latch3|Q~0 ;    ;
; registerFile:inst11|asyncEightBitRegister:\gen_registers:6:register_inst|d_latch:latch3|Q~0 ;    ;
; registerFile:inst11|asyncEightBitRegister:\gen_registers:5:register_inst|d_latch:latch3|Q~0 ;    ;
; registerFile:inst11|asyncEightBitRegister:\gen_registers:4:register_inst|d_latch:latch3|Q~0 ;    ;
; registerFile:inst11|asyncEightBitRegister:\gen_registers:7:register_inst|d_latch:latch3|Q~0 ;    ;
; registerFile:inst11|asyncEightBitRegister:\gen_registers:1:register_inst|d_latch:latch2|Q~0 ;    ;
; registerFile:inst11|asyncEightBitRegister:\gen_registers:2:register_inst|d_latch:latch2|Q~0 ;    ;
; registerFile:inst11|asyncEightBitRegister:\gen_registers:0:register_inst|d_latch:latch2|Q~0 ;    ;
; registerFile:inst11|asyncEightBitRegister:\gen_registers:3:register_inst|d_latch:latch2|Q~0 ;    ;
; registerFile:inst11|asyncEightBitRegister:\gen_registers:6:register_inst|d_latch:latch2|Q~0 ;    ;
; registerFile:inst11|asyncEightBitRegister:\gen_registers:5:register_inst|d_latch:latch2|Q~0 ;    ;
; registerFile:inst11|asyncEightBitRegister:\gen_registers:4:register_inst|d_latch:latch2|Q~0 ;    ;
; registerFile:inst11|asyncEightBitRegister:\gen_registers:7:register_inst|d_latch:latch2|Q~0 ;    ;
; registerFile:inst11|asyncEightBitRegister:\gen_registers:1:register_inst|d_latch:latch1|Q~0 ;    ;
; registerFile:inst11|asyncEightBitRegister:\gen_registers:2:register_inst|d_latch:latch1|Q~0 ;    ;
; registerFile:inst11|asyncEightBitRegister:\gen_registers:0:register_inst|d_latch:latch1|Q~0 ;    ;
; registerFile:inst11|asyncEightBitRegister:\gen_registers:3:register_inst|d_latch:latch1|Q~0 ;    ;
; registerFile:inst11|asyncEightBitRegister:\gen_registers:6:register_inst|d_latch:latch1|Q~0 ;    ;
; registerFile:inst11|asyncEightBitRegister:\gen_registers:5:register_inst|d_latch:latch1|Q~0 ;    ;
; registerFile:inst11|asyncEightBitRegister:\gen_registers:4:register_inst|d_latch:latch1|Q~0 ;    ;
; registerFile:inst11|asyncEightBitRegister:\gen_registers:7:register_inst|d_latch:latch1|Q~0 ;    ;
; registerFile:inst11|asyncEightBitRegister:\gen_registers:1:register_inst|d_latch:latch0|Q~0 ;    ;
; registerFile:inst11|asyncEightBitRegister:\gen_registers:2:register_inst|d_latch:latch0|Q~0 ;    ;
; registerFile:inst11|asyncEightBitRegister:\gen_registers:0:register_inst|d_latch:latch0|Q~0 ;    ;
; registerFile:inst11|asyncEightBitRegister:\gen_registers:3:register_inst|d_latch:latch0|Q~0 ;    ;
; registerFile:inst11|asyncEightBitRegister:\gen_registers:6:register_inst|d_latch:latch0|Q~0 ;    ;
; registerFile:inst11|asyncEightBitRegister:\gen_registers:5:register_inst|d_latch:latch0|Q~0 ;    ;
; registerFile:inst11|asyncEightBitRegister:\gen_registers:4:register_inst|d_latch:latch0|Q~0 ;    ;
; registerFile:inst11|asyncEightBitRegister:\gen_registers:7:register_inst|d_latch:latch0|Q~0 ;    ;
; Number of logic cells representing combinational loops                                      ; 64 ;
+---------------------------------------------------------------------------------------------+----+
Note: All cells listed above may not be present at the end of synthesis due to various synthesis optimizations.


+-------------------------------------------------------------------------------------------------------------------------------------------+
; Registers Removed During Synthesis                                                                                                        ;
+---------------------------------------------------------------+---------------------------------------------------------------------------+
; Register name                                                 ; Reason for Removal                                                        ;
+---------------------------------------------------------------+---------------------------------------------------------------------------+
; IDEX:inst26|o_signext[1]                                      ; Merged with IDEX:inst26|o_instruction[1]                                  ;
; IDEX:inst26|o_signext[0]                                      ; Merged with IDEX:inst26|o_instruction[0]                                  ;
; IDEX:inst26|o_signext[2]                                      ; Merged with IDEX:inst26|o_instruction[2]                                  ;
; IDEX:inst26|o_signext[3]                                      ; Merged with IDEX:inst26|o_instruction[3]                                  ;
; IDEX:inst26|o_signext[4]                                      ; Merged with IDEX:inst26|o_instruction[4]                                  ;
; IDEX:inst26|o_signext[5]                                      ; Merged with IDEX:inst26|o_instruction[5]                                  ;
; IDEX:inst26|o_signext[6]                                      ; Merged with IDEX:inst26|o_instruction[6]                                  ;
; IDEX:inst26|o_signext[7]                                      ; Merged with IDEX:inst26|o_instruction[7]                                  ;
; IDEX:inst26|o_rd[0]                                           ; Merged with IDEX:inst26|o_instruction[11]                                 ;
; IDEX:inst26|o_rd[1]                                           ; Merged with IDEX:inst26|o_instruction[12]                                 ;
; IDEX:inst26|o_rd[2]                                           ; Merged with IDEX:inst26|o_instruction[13]                                 ;
; IDEX:inst26|o_rd[3]                                           ; Merged with IDEX:inst26|o_instruction[14]                                 ;
; IDEX:inst26|o_rd[4]                                           ; Merged with IDEX:inst26|o_instruction[15]                                 ;
; IDEX:inst26|o_rt[0]                                           ; Merged with IDEX:inst26|o_instruction[16]                                 ;
; IDEX:inst26|o_rt[1]                                           ; Merged with IDEX:inst26|o_instruction[17]                                 ;
; IDEX:inst26|o_rt[2]                                           ; Merged with IDEX:inst26|o_instruction[18]                                 ;
; IDEX:inst26|o_rt[3]                                           ; Merged with IDEX:inst26|o_instruction[19]                                 ;
; IDEX:inst26|o_rt[4]                                           ; Merged with IDEX:inst26|o_instruction[20]                                 ;
; IDEX:inst26|o_rs[0]                                           ; Merged with IDEX:inst26|o_instruction[21]                                 ;
; IDEX:inst26|o_rs[1]                                           ; Merged with IDEX:inst26|o_instruction[22]                                 ;
; IDEX:inst26|o_rs[2]                                           ; Merged with IDEX:inst26|o_instruction[23]                                 ;
; IDEX:inst26|o_rs[3]                                           ; Merged with IDEX:inst26|o_instruction[24]                                 ;
; IDEX:inst26|o_rs[4]                                           ; Merged with IDEX:inst26|o_instruction[25]                                 ;
; eightBitRegisterInc:inst36|enARdFF_2:\GEN_BITS:1:BIT_FF|int_q ; Merged with eightBitRegisterInc:inst36|enARdFF_2:\GEN_BITS:0:BIT_FF|int_q ;
; IDEX:inst26|o_RegDst                                          ; Merged with IDEX:inst26|o_ALUOp[1]                                        ;
; IDEX:inst26|o_MemtoReg                                        ; Merged with IDEX:inst26|o_MemRead                                         ;
; IFID:inst1|reg32:pcreg|q[1]                                   ; Merged with IFID:inst1|reg32:pcreg|q[0]                                   ;
; Total Number of Removed Registers = 27                        ;                                                                           ;
+---------------------------------------------------------------+---------------------------------------------------------------------------+


+------------------------------------------------------+
; General Register Statistics                          ;
+----------------------------------------------+-------+
; Statistic                                    ; Value ;
+----------------------------------------------+-------+
; Total registers                              ; 211   ;
; Number of registers using Synchronous Clear  ; 0     ;
; Number of registers using Synchronous Load   ; 6     ;
; Number of registers using Asynchronous Clear ; 7     ;
; Number of registers using Asynchronous Load  ; 0     ;
; Number of registers using Clock Enable       ; 37    ;
; Number of registers using Preset             ; 0     ;
+----------------------------------------------+-------+


+-------------------------------------------------------------------------------------------------------------------------------------------------------------------------------------------------------------+
; Multiplexer Restructuring Statistics (Restructuring Performed)                                                                                                                                              ;
+--------------------+-----------+---------------+----------------------+------------------------+------------+-----------------------------------------------------------------------------------------------+
; Multiplexer Inputs ; Bus Width ; Baseline Area ; Area if Restructured ; Saving if Restructured ; Registered ; Example Multiplexer Output                                                                    ;
+--------------------+-----------+---------------+----------------------+------------------------+------------+-----------------------------------------------------------------------------------------------+
; 3:1                ; 39 bits   ; 78 LEs        ; 39 LEs               ; 39 LEs                 ; Yes        ; |Lab3|IFID:inst1|reg32:insreg|q[6]                                                            ;
; 3:1                ; 6 bits    ; 12 LEs        ; 12 LEs               ; 0 LEs                  ; Yes        ; |Lab3|eightBitRegisterInc:inst36|enARdFF_2:\GEN_BITS:2:BIT_FF|int_q                           ;
; 3:1                ; 8 bits    ; 16 LEs        ; 16 LEs               ; 0 LEs                  ; No         ; |Lab3|registerFile:inst11|eightX8To8Mux:mux_read1|eightTo1Mux:\gen_mux:1:block_mux:mux_inst|O ;
; 3:1                ; 8 bits    ; 16 LEs        ; 16 LEs               ; 0 LEs                  ; No         ; |Lab3|registerFile:inst11|eightX8To8Mux:mux_read2|eightTo1Mux:\gen_mux:0:block_mux:mux_inst|O ;
; 3:1                ; 8 bits    ; 16 LEs        ; 16 LEs               ; 0 LEs                  ; No         ; |Lab3|mux4to1_8bit:inst13|o_data[5]                                                           ;
; 4:1                ; 8 bits    ; 16 LEs        ; 16 LEs               ; 0 LEs                  ; No         ; |Lab3|mux2to1_8bit:inst24|o_data[0]                                                           ;
+--------------------+-----------+---------------+----------------------+------------------------+------------+-----------------------------------------------------------------------------------------------+


+---------------------------------------------------------------------------------------------------------+
; Source assignments for LPM_RAM_DQ:inst9|altram:sram|altsyncram:ram_block|altsyncram_38a1:auto_generated ;
+---------------------------------+--------------------+------+-------------------------------------------+
; Assignment                      ; Value              ; From ; To                                        ;
+---------------------------------+--------------------+------+-------------------------------------------+
; OPTIMIZE_POWER_DURING_SYNTHESIS ; NORMAL_COMPILATION ; -    ; -                                         ;
+---------------------------------+--------------------+------+-------------------------------------------+


+-----------------------------------------------------------------------------------------------------+
; Source assignments for LPM_ROM:inst|altrom:srom|altsyncram:rom_block|altsyncram_t811:auto_generated ;
+---------------------------------+--------------------+------+---------------------------------------+
; Assignment                      ; Value              ; From ; To                                    ;
+---------------------------------+--------------------+------+---------------------------------------+
; OPTIMIZE_POWER_DURING_SYNTHESIS ; NORMAL_COMPILATION ; -    ; -                                     ;
+---------------------------------+--------------------+------+---------------------------------------+


+---------------------------------------------------------------+
; Parameter Settings for User Entity Instance: LPM_RAM_DQ:inst9 ;
+------------------------+-----------------+--------------------+
; Parameter Name         ; Value           ; Type               ;
+------------------------+-----------------+--------------------+
; LPM_WIDTH              ; 8               ; Untyped            ;
; LPM_WIDTHAD            ; 8               ; Untyped            ;
; LPM_NUMWORDS           ; 256             ; Untyped            ;
; LPM_INDATA             ; REGISTERED      ; Untyped            ;
; LPM_ADDRESS_CONTROL    ; REGISTERED      ; Untyped            ;
; LPM_OUTDATA            ; REGISTERED      ; Untyped            ;
; LPM_FILE               ; data_memory.mif ; Untyped            ;
; USE_EAB                ; ON              ; Untyped            ;
; DEVICE_FAMILY          ; Cyclone IV E    ; Untyped            ;
; CBXI_PARAMETER         ; NOTHING         ; Untyped            ;
; AUTO_CARRY_CHAINS      ; ON              ; AUTO_CARRY         ;
; IGNORE_CARRY_BUFFERS   ; OFF             ; IGNORE_CARRY       ;
; AUTO_CASCADE_CHAINS    ; ON              ; AUTO_CASCADE       ;
; IGNORE_CASCADE_BUFFERS ; OFF             ; IGNORE_CASCADE     ;
+------------------------+-----------------+--------------------+
Note: In order to hide this table in the UI and the text report file, please set the "Show Parameter Settings in Synthesis Report" option in "Analysis and Synthesis Settings -> More Settings" to "Off".


+---------------------------------------------------------------+
; Parameter Settings for User Entity Instance: LPM_ROM:inst     ;
+------------------------+---------------------+----------------+
; Parameter Name         ; Value               ; Type           ;
+------------------------+---------------------+----------------+
; LPM_WIDTH              ; 32                  ; Untyped        ;
; LPM_WIDTHAD            ; 8                   ; Untyped        ;
; LPM_NUMWORDS           ; 256                 ; Untyped        ;
; LPM_ADDRESS_CONTROL    ; UNREGISTERED        ; Untyped        ;
; LPM_OUTDATA            ; REGISTERED          ; Untyped        ;
; LPM_FILE               ; instruction_mem.mif ; Untyped        ;
; DEVICE_FAMILY          ; Cyclone IV E        ; Untyped        ;
; AUTO_CARRY_CHAINS      ; ON                  ; AUTO_CARRY     ;
; IGNORE_CARRY_BUFFERS   ; OFF                 ; IGNORE_CARRY   ;
; AUTO_CASCADE_CHAINS    ; ON                  ; AUTO_CASCADE   ;
; IGNORE_CASCADE_BUFFERS ; OFF                 ; IGNORE_CASCADE ;
+------------------------+---------------------+----------------+
Note: In order to hide this table in the UI and the text report file, please set the "Show Parameter Settings in Synthesis Report" option in "Analysis and Synthesis Settings -> More Settings" to "Off".


+------------------------------------------------------------------------------------------------------+
; Parameter Settings for User Entity Instance: lpm_constant0:inst7|lpm_constant:LPM_CONSTANT_component ;
+--------------------+------------------+--------------------------------------------------------------+
; Parameter Name     ; Value            ; Type                                                         ;
+--------------------+------------------+--------------------------------------------------------------+
; LPM_WIDTH          ; 3                ; Signed Integer                                               ;
; LPM_CVALUE         ; 0                ; Signed Integer                                               ;
; ENABLE_RUNTIME_MOD ; NO               ; Untyped                                                      ;
; CBXI_PARAMETER     ; lpm_constant_5e6 ; Untyped                                                      ;
+--------------------+------------------+--------------------------------------------------------------+
Note: In order to hide this table in the UI and the text report file, please set the "Show Parameter Settings in Synthesis Report" option in "Analysis and Synthesis Settings -> More Settings" to "Off".


+------------------------------------------------------------------------------------------------------+
; Parameter Settings for User Entity Instance: lpm_constant1:inst8|lpm_constant:LPM_CONSTANT_component ;
+--------------------+------------------+--------------------------------------------------------------+
; Parameter Name     ; Value            ; Type                                                         ;
+--------------------+------------------+--------------------------------------------------------------+
; LPM_WIDTH          ; 8                ; Signed Integer                                               ;
; LPM_CVALUE         ; 4                ; Signed Integer                                               ;
; ENABLE_RUNTIME_MOD ; NO               ; Untyped                                                      ;
; CBXI_PARAMETER     ; lpm_constant_uf6 ; Untyped                                                      ;
+--------------------+------------------+--------------------------------------------------------------+
Note: In order to hide this table in the UI and the text report file, please set the "Show Parameter Settings in Synthesis Report" option in "Analysis and Synthesis Settings -> More Settings" to "Off".


+-------------------------------------------------------------------------------------------------------+
; Parameter Settings for User Entity Instance: lpm_constant3:inst29|lpm_constant:LPM_CONSTANT_component ;
+--------------------+------------------+---------------------------------------------------------------+
; Parameter Name     ; Value            ; Type                                                          ;
+--------------------+------------------+---------------------------------------------------------------+
; LPM_WIDTH          ; 3                ; Signed Integer                                                ;
; LPM_CVALUE         ; 2                ; Signed Integer                                                ;
; ENABLE_RUNTIME_MOD ; NO               ; Untyped                                                       ;
; CBXI_PARAMETER     ; lpm_constant_7e6 ; Untyped                                                       ;
+--------------------+------------------+---------------------------------------------------------------+
Note: In order to hide this table in the UI and the text report file, please set the "Show Parameter Settings in Synthesis Report" option in "Analysis and Synthesis Settings -> More Settings" to "Off".


+--------------------------------------------------------------------------------------------------------+
; Parameter Settings for User Entity Instance: lpm_constant2:inst184|lpm_constant:LPM_CONSTANT_component ;
+--------------------+------------------+----------------------------------------------------------------+
; Parameter Name     ; Value            ; Type                                                           ;
+--------------------+------------------+----------------------------------------------------------------+
; LPM_WIDTH          ; 24               ; Signed Integer                                                 ;
; LPM_CVALUE         ; 0                ; Signed Integer                                                 ;
; ENABLE_RUNTIME_MOD ; NO               ; Untyped                                                        ;
; CBXI_PARAMETER     ; lpm_constant_8n6 ; Untyped                                                        ;
+--------------------+------------------+----------------------------------------------------------------+
Note: In order to hide this table in the UI and the text report file, please set the "Show Parameter Settings in Synthesis Report" option in "Analysis and Synthesis Settings -> More Settings" to "Off".


+-------------------------------------------------------------------------------------------------------+
; Parameter Settings for User Entity Instance: lpm_constant4:inst37|lpm_constant:LPM_CONSTANT_component ;
+--------------------+------------------+---------------------------------------------------------------+
; Parameter Name     ; Value            ; Type                                                          ;
+--------------------+------------------+---------------------------------------------------------------+
; LPM_WIDTH          ; 6                ; Signed Integer                                                ;
; LPM_CVALUE         ; 63               ; Signed Integer                                                ;
; ENABLE_RUNTIME_MOD ; NO               ; Untyped                                                       ;
; CBXI_PARAMETER     ; lpm_constant_hh6 ; Untyped                                                       ;
+--------------------+------------------+---------------------------------------------------------------+
Note: In order to hide this table in the UI and the text report file, please set the "Show Parameter Settings in Synthesis Report" option in "Analysis and Synthesis Settings -> More Settings" to "Off".


+--------------------------------------------------------------------------------------------------------+
; Parameter Settings for User Entity Instance: lpm_constant2:inst183|lpm_constant:LPM_CONSTANT_component ;
+--------------------+------------------+----------------------------------------------------------------+
; Parameter Name     ; Value            ; Type                                                           ;
+--------------------+------------------+----------------------------------------------------------------+
; LPM_WIDTH          ; 24               ; Signed Integer                                                 ;
; LPM_CVALUE         ; 0                ; Signed Integer                                                 ;
; ENABLE_RUNTIME_MOD ; NO               ; Untyped                                                        ;
; CBXI_PARAMETER     ; lpm_constant_8n6 ; Untyped                                                        ;
+--------------------+------------------+----------------------------------------------------------------+
Note: In order to hide this table in the UI and the text report file, please set the "Show Parameter Settings in Synthesis Report" option in "Analysis and Synthesis Settings -> More Settings" to "Off".


+--------------------------------------------------------------------------------------------------------+
; Parameter Settings for User Entity Instance: lpm_constant2:inst185|lpm_constant:LPM_CONSTANT_component ;
+--------------------+------------------+----------------------------------------------------------------+
; Parameter Name     ; Value            ; Type                                                           ;
+--------------------+------------------+----------------------------------------------------------------+
; LPM_WIDTH          ; 24               ; Signed Integer                                                 ;
; LPM_CVALUE         ; 0                ; Signed Integer                                                 ;
; ENABLE_RUNTIME_MOD ; NO               ; Untyped                                                        ;
; CBXI_PARAMETER     ; lpm_constant_8n6 ; Untyped                                                        ;
+--------------------+------------------+----------------------------------------------------------------+
Note: In order to hide this table in the UI and the text report file, please set the "Show Parameter Settings in Synthesis Report" option in "Analysis and Synthesis Settings -> More Settings" to "Off".


+--------------------------------------------------------------------------+
; Port Connectivity Checks: "forwarding_unit:inst4|equalComparator8:COMP4" ;
+---------+-------+----------+---------------------------------------------+
; Port    ; Type  ; Severity ; Details                                     ;
+---------+-------+----------+---------------------------------------------+
; a[7..5] ; Input ; Info     ; Stuck at GND                                ;
; b[7..5] ; Input ; Info     ; Stuck at GND                                ;
+---------+-------+----------+---------------------------------------------+


+--------------------------------------------------------------------------+
; Port Connectivity Checks: "forwarding_unit:inst4|equalComparator8:COMP3" ;
+---------+-------+----------+---------------------------------------------+
; Port    ; Type  ; Severity ; Details                                     ;
+---------+-------+----------+---------------------------------------------+
; a[7..5] ; Input ; Info     ; Stuck at GND                                ;
; b[7..5] ; Input ; Info     ; Stuck at GND                                ;
+---------+-------+----------+---------------------------------------------+


+--------------------------------------------------------------------------+
; Port Connectivity Checks: "forwarding_unit:inst4|equalComparator8:COMP2" ;
+---------+-------+----------+---------------------------------------------+
; Port    ; Type  ; Severity ; Details                                     ;
+---------+-------+----------+---------------------------------------------+
; a[7..5] ; Input ; Info     ; Stuck at GND                                ;
; b[7..5] ; Input ; Info     ; Stuck at GND                                ;
+---------+-------+----------+---------------------------------------------+


+--------------------------------------------------------------------------+
; Port Connectivity Checks: "forwarding_unit:inst4|equalComparator8:COMP1" ;
+---------+-------+----------+---------------------------------------------+
; Port    ; Type  ; Severity ; Details                                     ;
+---------+-------+----------+---------------------------------------------+
; a[7..5] ; Input ; Info     ; Stuck at GND                                ;
; b[7..5] ; Input ; Info     ; Stuck at GND                                ;
+---------+-------+----------+---------------------------------------------+


+-----------------------------------------------------------------------------------------+
; Port Connectivity Checks: "thirtyTwoBitALU:inst16|twoBy32To32Mux:arithmetic_select_mux" ;
+----------+-------+----------+-----------------------------------------------------------+
; Port     ; Type  ; Severity ; Details                                                   ;
+----------+-------+----------+-----------------------------------------------------------+
; b[31..1] ; Input ; Info     ; Stuck at GND                                              ;
+----------+-------+----------+-----------------------------------------------------------+


+----------------------------------------------------------------------------------------------------------------+
; Port Connectivity Checks: "thirtyTwoBitALU:inst16|thirtyTwoBitCLA:arithmetic_unit"                             ;
+------+--------+----------+-------------------------------------------------------------------------------------+
; Port ; Type   ; Severity ; Details                                                                             ;
+------+--------+----------+-------------------------------------------------------------------------------------+
; cout ; Output ; Info     ; Connected to dangling logic. Logic that only feeds a dangling port will be removed. ;
+------+--------+----------+-------------------------------------------------------------------------------------+


+-----------------------------------------------------------------------------------+
; Port Connectivity Checks: "eightBitALU:inst17|twoBy8To8Mux:arithmetic_select_mux" ;
+---------+-------+----------+------------------------------------------------------+
; Port    ; Type  ; Severity ; Details                                              ;
+---------+-------+----------+------------------------------------------------------+
; b[7..1] ; Input ; Info     ; Stuck at GND                                         ;
+---------+-------+----------+------------------------------------------------------+


+----------------------------------------------------------------------------------------------------------------+
; Port Connectivity Checks: "eightBitALU:inst17|eightBitCLA:arithmetic_unit"                                     ;
+------+--------+----------+-------------------------------------------------------------------------------------+
; Port ; Type   ; Severity ; Details                                                                             ;
+------+--------+----------+-------------------------------------------------------------------------------------+
; cout ; Output ; Info     ; Connected to dangling logic. Logic that only feeds a dangling port will be removed. ;
+------+--------+----------+-------------------------------------------------------------------------------------+


+------------------------------------------------------------------------------------------------------------------+
; Port Connectivity Checks: "eightBitALU:inst17|sorter:sorting|eightBitComparator:comp_inst"                       ;
+--------+--------+----------+-------------------------------------------------------------------------------------+
; Port   ; Type   ; Severity ; Details                                                                             ;
+--------+--------+----------+-------------------------------------------------------------------------------------+
; a_eq_b ; Output ; Info     ; Connected to dangling logic. Logic that only feeds a dangling port will be removed. ;
+--------+--------+----------+-------------------------------------------------------------------------------------+


+------------------------------------------------------------------------------------------------------------------+
; Port Connectivity Checks: "eightBitRegisterInc:inst36|enARdFF_2:\GEN_BITS:7:BIT_FF"                              ;
+--------+--------+----------+-------------------------------------------------------------------------------------+
; Port   ; Type   ; Severity ; Details                                                                             ;
+--------+--------+----------+-------------------------------------------------------------------------------------+
; o_qbar ; Output ; Info     ; Connected to dangling logic. Logic that only feeds a dangling port will be removed. ;
+--------+--------+----------+-------------------------------------------------------------------------------------+


+----------------------------------------------------------------------------------+
; Port Connectivity Checks: "eightBitRegisterInc:inst36|mux2:\GEN_BITS:7:LOAD_MUX" ;
+------+-------+----------+--------------------------------------------------------+
; Port ; Type  ; Severity ; Details                                                ;
+------+-------+----------+--------------------------------------------------------+
; sel  ; Input ; Info     ; Stuck at VCC                                           ;
+------+-------+----------+--------------------------------------------------------+


+------------------------------------------------------------------------------------------------------------------+
; Port Connectivity Checks: "eightBitRegisterInc:inst36|enARdFF_2:\GEN_BITS:6:BIT_FF"                              ;
+--------+--------+----------+-------------------------------------------------------------------------------------+
; Port   ; Type   ; Severity ; Details                                                                             ;
+--------+--------+----------+-------------------------------------------------------------------------------------+
; o_qbar ; Output ; Info     ; Connected to dangling logic. Logic that only feeds a dangling port will be removed. ;
+--------+--------+----------+-------------------------------------------------------------------------------------+


+----------------------------------------------------------------------------------+
; Port Connectivity Checks: "eightBitRegisterInc:inst36|mux2:\GEN_BITS:6:LOAD_MUX" ;
+------+-------+----------+--------------------------------------------------------+
; Port ; Type  ; Severity ; Details                                                ;
+------+-------+----------+--------------------------------------------------------+
; sel  ; Input ; Info     ; Stuck at VCC                                           ;
+------+-------+----------+--------------------------------------------------------+


+------------------------------------------------------------------------------------------------------------------+
; Port Connectivity Checks: "eightBitRegisterInc:inst36|enARdFF_2:\GEN_BITS:5:BIT_FF"                              ;
+--------+--------+----------+-------------------------------------------------------------------------------------+
; Port   ; Type   ; Severity ; Details                                                                             ;
+--------+--------+----------+-------------------------------------------------------------------------------------+
; o_qbar ; Output ; Info     ; Connected to dangling logic. Logic that only feeds a dangling port will be removed. ;
+--------+--------+----------+-------------------------------------------------------------------------------------+


+----------------------------------------------------------------------------------+
; Port Connectivity Checks: "eightBitRegisterInc:inst36|mux2:\GEN_BITS:5:LOAD_MUX" ;
+------+-------+----------+--------------------------------------------------------+
; Port ; Type  ; Severity ; Details                                                ;
+------+-------+----------+--------------------------------------------------------+
; sel  ; Input ; Info     ; Stuck at VCC                                           ;
+------+-------+----------+--------------------------------------------------------+


+------------------------------------------------------------------------------------------------------------------+
; Port Connectivity Checks: "eightBitRegisterInc:inst36|enARdFF_2:\GEN_BITS:4:BIT_FF"                              ;
+--------+--------+----------+-------------------------------------------------------------------------------------+
; Port   ; Type   ; Severity ; Details                                                                             ;
+--------+--------+----------+-------------------------------------------------------------------------------------+
; o_qbar ; Output ; Info     ; Connected to dangling logic. Logic that only feeds a dangling port will be removed. ;
+--------+--------+----------+-------------------------------------------------------------------------------------+


+----------------------------------------------------------------------------------+
; Port Connectivity Checks: "eightBitRegisterInc:inst36|mux2:\GEN_BITS:4:LOAD_MUX" ;
+------+-------+----------+--------------------------------------------------------+
; Port ; Type  ; Severity ; Details                                                ;
+------+-------+----------+--------------------------------------------------------+
; sel  ; Input ; Info     ; Stuck at VCC                                           ;
+------+-------+----------+--------------------------------------------------------+


+------------------------------------------------------------------------------------------------------------------+
; Port Connectivity Checks: "eightBitRegisterInc:inst36|enARdFF_2:\GEN_BITS:3:BIT_FF"                              ;
+--------+--------+----------+-------------------------------------------------------------------------------------+
; Port   ; Type   ; Severity ; Details                                                                             ;
+--------+--------+----------+-------------------------------------------------------------------------------------+
; o_qbar ; Output ; Info     ; Connected to dangling logic. Logic that only feeds a dangling port will be removed. ;
+--------+--------+----------+-------------------------------------------------------------------------------------+


+----------------------------------------------------------------------------------+
; Port Connectivity Checks: "eightBitRegisterInc:inst36|mux2:\GEN_BITS:3:LOAD_MUX" ;
+------+-------+----------+--------------------------------------------------------+
; Port ; Type  ; Severity ; Details                                                ;
+------+-------+----------+--------------------------------------------------------+
; sel  ; Input ; Info     ; Stuck at VCC                                           ;
+------+-------+----------+--------------------------------------------------------+


+------------------------------------------------------------------------------------------------------------------+
; Port Connectivity Checks: "eightBitRegisterInc:inst36|enARdFF_2:\GEN_BITS:2:BIT_FF"                              ;
+--------+--------+----------+-------------------------------------------------------------------------------------+
; Port   ; Type   ; Severity ; Details                                                                             ;
+--------+--------+----------+-------------------------------------------------------------------------------------+
; o_qbar ; Output ; Info     ; Connected to dangling logic. Logic that only feeds a dangling port will be removed. ;
+--------+--------+----------+-------------------------------------------------------------------------------------+


+----------------------------------------------------------------------------------+
; Port Connectivity Checks: "eightBitRegisterInc:inst36|mux2:\GEN_BITS:2:LOAD_MUX" ;
+------+-------+----------+--------------------------------------------------------+
; Port ; Type  ; Severity ; Details                                                ;
+------+-------+----------+--------------------------------------------------------+
; sel  ; Input ; Info     ; Stuck at VCC                                           ;
+------+-------+----------+--------------------------------------------------------+


+------------------------------------------------------------------------------------------------------------------+
; Port Connectivity Checks: "eightBitRegisterInc:inst36|enARdFF_2:\GEN_BITS:1:BIT_FF"                              ;
+--------+--------+----------+-------------------------------------------------------------------------------------+
; Port   ; Type   ; Severity ; Details                                                                             ;
+--------+--------+----------+-------------------------------------------------------------------------------------+
; o_qbar ; Output ; Info     ; Connected to dangling logic. Logic that only feeds a dangling port will be removed. ;
+--------+--------+----------+-------------------------------------------------------------------------------------+


+----------------------------------------------------------------------------------+
; Port Connectivity Checks: "eightBitRegisterInc:inst36|mux2:\GEN_BITS:1:LOAD_MUX" ;
+------+-------+----------+--------------------------------------------------------+
; Port ; Type  ; Severity ; Details                                                ;
+------+-------+----------+--------------------------------------------------------+
; sel  ; Input ; Info     ; Stuck at VCC                                           ;
+------+-------+----------+--------------------------------------------------------+


+------------------------------------------------------------------------------------------------------------------+
; Port Connectivity Checks: "eightBitRegisterInc:inst36|enARdFF_2:\GEN_BITS:0:BIT_FF"                              ;
+--------+--------+----------+-------------------------------------------------------------------------------------+
; Port   ; Type   ; Severity ; Details                                                                             ;
+--------+--------+----------+-------------------------------------------------------------------------------------+
; o_qbar ; Output ; Info     ; Connected to dangling logic. Logic that only feeds a dangling port will be removed. ;
+--------+--------+----------+-------------------------------------------------------------------------------------+


+----------------------------------------------------------------------------------+
; Port Connectivity Checks: "eightBitRegisterInc:inst36|mux2:\GEN_BITS:0:LOAD_MUX" ;
+------+-------+----------+--------------------------------------------------------+
; Port ; Type  ; Severity ; Details                                                ;
+------+-------+----------+--------------------------------------------------------+
; sel  ; Input ; Info     ; Stuck at VCC                                           ;
+------+-------+----------+--------------------------------------------------------+


+--------------------------------------------------------------------------------------------------------------------+
; Port Connectivity Checks: "IFID:inst1|reg32:pcreg"                                                                 ;
+----------+--------+----------+-------------------------------------------------------------------------------------+
; Port     ; Type   ; Severity ; Details                                                                             ;
+----------+--------+----------+-------------------------------------------------------------------------------------+
; d[31..8] ; Input  ; Info     ; Stuck at GND                                                                        ;
; q[31..8] ; Output ; Info     ; Connected to dangling logic. Logic that only feeds a dangling port will be removed. ;
+----------+--------+----------+-------------------------------------------------------------------------------------+


+-----------------------------------------------------------------------+
; Port Connectivity Checks: "hazard_unit:inst34|equalComparator8:COMP2" ;
+---------+-------+----------+------------------------------------------+
; Port    ; Type  ; Severity ; Details                                  ;
+---------+-------+----------+------------------------------------------+
; a[7..5] ; Input ; Info     ; Stuck at GND                             ;
; b[7..5] ; Input ; Info     ; Stuck at GND                             ;
+---------+-------+----------+------------------------------------------+


+-----------------------------------------------------------------------+
; Port Connectivity Checks: "hazard_unit:inst34|equalComparator8:COMP1" ;
+---------+-------+----------+------------------------------------------+
; Port    ; Type  ; Severity ; Details                                  ;
+---------+-------+----------+------------------------------------------+
; a[7..5] ; Input ; Info     ; Stuck at GND                             ;
; b[7..5] ; Input ; Info     ; Stuck at GND                             ;
+---------+-------+----------+------------------------------------------+


+-------------------------------+
; Elapsed Time Per Partition    ;
+----------------+--------------+
; Partition Name ; Elapsed Time ;
+----------------+--------------+
; Top            ; 00:00:01     ;
+----------------+--------------+


+-------------------------------+
; Analysis & Synthesis Messages ;
+-------------------------------+
Info: *******************************************************************
Info: Running Quartus II 64-Bit Analysis & Synthesis
    Info: Version 13.1.0 Build 162 10/23/2013 SJ Web Edition
    Info: Processing started: Wed Mar 26 13:12:05 2025
Info: Command: quartus_map --read_settings_files=on --write_settings_files=off Lab2 -c Lab2
Warning (20028): Parallel compilation is not licensed and has been disabled
Info (12021): Found 2 design units, including 1 entities, in source file eightbitcomparator.vhdl
    Info (12022): Found design unit 1: eightBitComparator-structural
    Info (12023): Found entity 1: eightBitComparator
Info (12021): Found 2 design units, including 1 entities, in source file sorter.vhdl
    Info (12022): Found design unit 1: sorter-Structural
    Info (12023): Found entity 1: sorter
Info (12021): Found 2 design units, including 1 entities, in source file twoby32to32mux.vhdl
    Info (12022): Found design unit 1: twoBy32To32Mux-Structural
    Info (12023): Found entity 1: twoBy32To32Mux
Info (12021): Found 2 design units, including 1 entities, in source file thirtytwobitcla.vhdl
    Info (12022): Found design unit 1: thirtyTwoBitCLA-structural
    Info (12023): Found entity 1: thirtyTwoBitCLA
Info (12021): Found 2 design units, including 1 entities, in source file thirtytwobitalu.vhdl
    Info (12022): Found design unit 1: thirtyTwoBitALU-Structural
    Info (12023): Found entity 1: thirtyTwoBitALU
Info (12021): Found 2 design units, including 1 entities, in source file or32.vhdl
    Info (12022): Found design unit 1: or32-structural
    Info (12023): Found entity 1: or32
Info (12021): Found 2 design units, including 1 entities, in source file twoby8to8mux.vhdl
    Info (12022): Found design unit 1: twoBy8To8Mux-Structural
    Info (12023): Found entity 1: twoBy8To8Mux
Info (12021): Found 2 design units, including 1 entities, in source file eightbitcla.vhdl
    Info (12022): Found design unit 1: eightBitCLA-structural
    Info (12023): Found entity 1: eightBitCLA
Info (12021): Found 2 design units, including 1 entities, in source file eightbitalu.vhdl
    Info (12022): Found design unit 1: eightBitALU-Structural
    Info (12023): Found entity 1: eightBitALU
Info (12021): Found 2 design units, including 1 entities, in source file registerfile.vhdl
    Info (12022): Found design unit 1: registerFile-Structural
    Info (12023): Found entity 1: registerFile
Info (12021): Found 2 design units, including 1 entities, in source file enabler.vhdl
    Info (12022): Found design unit 1: enabler-Structural
    Info (12023): Found entity 1: enabler
Info (12021): Found 2 design units, including 1 entities, in source file eightx8to8mux_tb.vhdl
    Info (12022): Found design unit 1: eightX8To8Mux_tb-behavior
    Info (12023): Found entity 1: eightX8To8Mux_tb
Info (12021): Found 2 design units, including 1 entities, in source file eightx8to8mux.vhdl
    Info (12022): Found design unit 1: eightX8To8Mux-Structural
    Info (12023): Found entity 1: eightX8To8Mux
Info (12021): Found 2 design units, including 1 entities, in source file eightto1mux_tb.vhdl
    Info (12022): Found design unit 1: eightTo1Mux_tb-behavior
    Info (12023): Found entity 1: eightTo1Mux_tb
Info (12021): Found 2 design units, including 1 entities, in source file eightto1mux.vhdl
    Info (12022): Found design unit 1: eightTo1Mux-Structural
    Info (12023): Found entity 1: eightTo1Mux
Info (12021): Found 2 design units, including 1 entities, in source file asynceightbitregister.vhdl
    Info (12022): Found design unit 1: asyncEightBitRegister-Structural
    Info (12023): Found entity 1: asyncEightBitRegister
Info (12021): Found 1 design units, including 1 entities, in source file lab2.bdf
    Info (12023): Found entity 1: Lab2
Info (12021): Found 2 design units, including 1 entities, in source file eightbitasyncreg.vhd
    Info (12022): Found design unit 1: eightBitAsyncReg-structural
    Info (12023): Found entity 1: eightBitAsyncReg
Info (12021): Found 2 design units, including 1 entities, in source file decoder3to8.vhd
    Info (12022): Found design unit 1: decoder3to8-structural
    Info (12023): Found entity 1: decoder3to8
Info (12021): Found 2 design units, including 1 entities, in source file mux8to1_8bit.vhd
    Info (12022): Found design unit 1: mux8to1_8bit-struct
    Info (12023): Found entity 1: mux8to1_8bit
Info (12021): Found 2 design units, including 1 entities, in source file mux2to1_8bit.vhd
    Info (12022): Found design unit 1: mux2to1_8bit-struct
    Info (12023): Found entity 1: mux2to1_8bit
Info (12021): Found 1 design units, including 1 entities, in source file testing_reg_file.bdf
    Info (12023): Found entity 1: testing_reg_file
Info (12021): Found 2 design units, including 1 entities, in source file dlatch.vhd
    Info (12022): Found design unit 1: d_latch-Structural
    Info (12023): Found entity 1: d_latch
Info (12021): Found 2 design units, including 1 entities, in source file enardff_2.vhd
    Info (12022): Found design unit 1: enARdFF_2-rtl
    Info (12023): Found entity 1: enARdFF_2
Info (12021): Found 2 design units, including 1 entities, in source file eightbitregisterinc.vhd
    Info (12022): Found design unit 1: eightBitRegisterInc-structural
    Info (12023): Found entity 1: eightBitRegisterInc
Info (12021): Found 2 design units, including 1 entities, in source file mux2.vhd
    Info (12022): Found design unit 1: mux2-structural
    Info (12023): Found entity 1: mux2
Info (12021): Found 2 design units, including 1 entities, in source file lpm_constant0.vhd
    Info (12022): Found design unit 1: lpm_constant0-SYN
    Info (12023): Found entity 1: lpm_constant0
Info (12021): Found 2 design units, including 1 entities, in source file lpm_constant1.vhd
    Info (12022): Found design unit 1: lpm_constant1-SYN
    Info (12023): Found entity 1: lpm_constant1
Info (12021): Found 2 design units, including 1 entities, in source file mux5.vhd
    Info (12022): Found design unit 1: mux5-structural
    Info (12023): Found entity 1: mux5
Info (12021): Found 1 design units, including 1 entities, in source file testingrtype.bdf
    Info (12023): Found entity 1: TestingRtype
Info (12021): Found 2 design units, including 1 entities, in source file sign_extender_16to32.vhd
    Info (12022): Found design unit 1: sign_extender_16to32-structural
    Info (12023): Found entity 1: sign_extender_16to32
Info (12021): Found 2 design units, including 1 entities, in source file control_unit.vhd
    Info (12022): Found design unit 1: control_unit-structural
    Info (12023): Found entity 1: control_unit
Info (12021): Found 1 design units, including 1 entities, in source file control_testing.bdf
    Info (12023): Found entity 1: Control_testing
Info (12021): Found 2 design units, including 1 entities, in source file lpm_constant2.vhd
    Info (12022): Found design unit 1: lpm_constant2-SYN
    Info (12023): Found entity 1: lpm_constant2
Info (12021): Found 2 design units, including 1 entities, in source file mux32x2.vhd
    Info (12022): Found design unit 1: mux32x2-structural
    Info (12023): Found entity 1: mux32x2
Info (12021): Found 1 design units, including 1 entities, in source file test.bdf
    Info (12023): Found entity 1: TEST
Info (12021): Found 1 design units, including 1 entities, in source file test_alucontrol.bdf
    Info (12023): Found entity 1: test_alucontrol
Info (12021): Found 1 design units, including 1 entities, in source file alucontrol.bdf
    Info (12023): Found entity 1: ALUControl
Info (12021): Found 1 design units, including 1 entities, in source file testing_alu.bdf
    Info (12023): Found entity 1: testing_alu
Info (12021): Found 2 design units, including 1 entities, in source file shift_left_2.vhd
    Info (12022): Found design unit 1: shift_left_2-dataflow
    Info (12023): Found entity 1: shift_left_2
Info (12021): Found 2 design units, including 1 entities, in source file lpm_constant3.vhd
    Info (12022): Found design unit 1: lpm_constant3-SYN
    Info (12023): Found entity 1: lpm_constant3
Info (12021): Found 2 design units, including 1 entities, in source file edgedetector.vhd
    Info (12022): Found design unit 1: EdgeDetector-Behavioral
    Info (12023): Found entity 1: EdgeDetector
Info (12021): Found 1 design units, including 1 entities, in source file test_edgedetector.bdf
    Info (12023): Found entity 1: test_edgedetector
Info (12021): Found 2 design units, including 1 entities, in source file shift_left_2_26_to_28.vhd
    Info (12022): Found design unit 1: shift_left_2_26_to_28-dataflow
    Info (12023): Found entity 1: shift_left_2_26_to_28
Info (12021): Found 1 design units, including 1 entities, in source file lab3.bdf
    Info (12023): Found entity 1: Lab3
Info (12021): Found 2 design units, including 1 entities, in source file idex.vhd
    Info (12022): Found design unit 1: IDEX-behavioural
    Info (12023): Found entity 1: IDEX
Info (12021): Found 2 design units, including 1 entities, in source file ifid.vhd
    Info (12022): Found design unit 1: IFID-structural
    Info (12023): Found entity 1: IFID
Info (12021): Found 2 design units, including 1 entities, in source file reg32.vhd
    Info (12022): Found design unit 1: reg32-behavioural
    Info (12023): Found entity 1: reg32
Info (12021): Found 2 design units, including 1 entities, in source file memwb.vhd
    Info (12022): Found design unit 1: MEMWB-behavioural
    Info (12023): Found entity 1: MEMWB
Info (12021): Found 2 design units, including 1 entities, in source file exmem.vhd
    Info (12022): Found design unit 1: EXMEM-behavioural
    Info (12023): Found entity 1: EXMEM
Info (12021): Found 2 design units, including 1 entities, in source file equalcomparator8.vhd
    Info (12022): Found design unit 1: equalComparator8-structural
    Info (12023): Found entity 1: equalComparator8
Info (12021): Found 2 design units, including 1 entities, in source file mux4to1_8bit.vhd
    Info (12022): Found design unit 1: mux4to1_8bit-struct
    Info (12023): Found entity 1: mux4to1_8bit
Info (12021): Found 2 design units, including 1 entities, in source file forwarding_unit.vhd
    Info (12022): Found design unit 1: forwarding_unit-Structural
    Info (12023): Found entity 1: forwarding_unit
Info (12021): Found 1 design units, including 1 entities, in source file fu_test.bdf
    Info (12023): Found entity 1: fu_TEST
Info (12021): Found 2 design units, including 1 entities, in source file hazard_unit.vhd
    Info (12022): Found design unit 1: hazard_unit-Structural
    Info (12023): Found entity 1: hazard_unit
Info (12021): Found 2 design units, including 1 entities, in source file lpm_constant4.vhd
    Info (12022): Found design unit 1: lpm_constant4-SYN
    Info (12023): Found entity 1: lpm_constant4
Info (12021): Found 2 design units, including 1 entities, in source file mux6.vhd
    Info (12022): Found design unit 1: mux6-structural
    Info (12023): Found entity 1: mux6
Info (12127): Elaborating entity "Lab3" for the top level hierarchy
Warning (275006): Can't find a definition for parameter LPM_FILE -- assuming instruction_mem.mif was intended to be a quoted string
Warning (275004): Undeclared parameter UNREGISTERED
Warning (275006): Can't find a definition for parameter LPM_ADDRESS_CONTROL -- assuming UNREGISTERED was intended to be a quoted string
Warning (275004): Undeclared parameter REGISTERED
Warning (275006): Can't find a definition for parameter LPM_OUTDATA -- assuming REGISTERED was intended to be a quoted string
Warning (275006): Can't find a definition for parameter LPM_FILE -- assuming data_memory.mif was intended to be a quoted string
Warning (275004): Undeclared parameter REGISTERED
Warning (275006): Can't find a definition for parameter LPM_INDATA -- assuming REGISTERED was intended to be a quoted string
Warning (275083): Bus "result8[7..0]" found using same base name as "result", which might lead to a name conflict.
Warning (275080): Converted elements in bus name "result" using legacy naming rules. Make any assignments on the new names, not on the original names.
    Warning (275081): Converted element name(s) from "result[31..0]" to "result31..0"
Warning (275080): Converted elements in bus name "result8" using legacy naming rules. Make any assignments on the new names, not on the original names.
    Warning (275081): Converted element name(s) from "result8[7..0]" to "result87..0"
Info (12128): Elaborating entity "EXMEM" for hierarchy "EXMEM:inst30"
Info (12128): Elaborating entity "IDEX" for hierarchy "IDEX:inst26"
Info (12128): Elaborating entity "control_unit" for hierarchy "control_unit:inst15"
Info (12128): Elaborating entity "mux6" for hierarchy "mux6:inst6"
Info (12128): Elaborating entity "mux2" for hierarchy "mux6:inst6|mux2:\gen_mux:0:mux_inst"
Info (12128): Elaborating entity "hazard_unit" for hierarchy "hazard_unit:inst34"
Info (12128): Elaborating entity "equalComparator8" for hierarchy "hazard_unit:inst34|equalComparator8:COMP1"
Info (12128): Elaborating entity "IFID" for hierarchy "IFID:inst1"
Info (12128): Elaborating entity "reg32" for hierarchy "IFID:inst1|reg32:pcreg"
Info (12128): Elaborating entity "registerFile" for hierarchy "registerFile:inst11"
Info (12128): Elaborating entity "asyncEightBitRegister" for hierarchy "registerFile:inst11|asyncEightBitRegister:\gen_registers:0:register_inst"
Info (12128): Elaborating entity "d_latch" for hierarchy "registerFile:inst11|asyncEightBitRegister:\gen_registers:0:register_inst|d_latch:latch0"
Info (12128): Elaborating entity "eightX8To8Mux" for hierarchy "registerFile:inst11|eightX8To8Mux:mux_read1"
Info (12128): Elaborating entity "eightTo1Mux" for hierarchy "registerFile:inst11|eightX8To8Mux:mux_read1|eightTo1Mux:\gen_mux:0:block_mux:mux_inst"
Info (12128): Elaborating entity "decoder3to8" for hierarchy "registerFile:inst11|decoder3to8:decoder"
Info (12128): Elaborating entity "MEMWB" for hierarchy "MEMWB:inst32"
Info (12128): Elaborating entity "LPM_RAM_DQ" for hierarchy "LPM_RAM_DQ:inst9"
Info (12130): Elaborated megafunction instantiation "LPM_RAM_DQ:inst9"
Info (12133): Instantiated megafunction "LPM_RAM_DQ:inst9" with the following parameter:
    Info (12134): Parameter "LPM_ADDRESS_CONTROL" = "REGISTERED"
    Info (12134): Parameter "LPM_FILE" = "data_memory.mif"
    Info (12134): Parameter "LPM_INDATA" = "REGISTERED"
    Info (12134): Parameter "LPM_OUTDATA" = "REGISTERED"
    Info (12134): Parameter "LPM_WIDTH" = "8"
    Info (12134): Parameter "LPM_WIDTHAD" = "8"
Info (12128): Elaborating entity "altram" for hierarchy "LPM_RAM_DQ:inst9|altram:sram"
Warning (287001): Assertion warning: altram does not support Cyclone IV E device family -- attempting best-case memory conversions, but power-up states and read during write behavior will be different for Cyclone IV E devices
Info (12131): Elaborated megafunction instantiation "LPM_RAM_DQ:inst9|altram:sram", which is child of megafunction instantiation "LPM_RAM_DQ:inst9"
Info (12128): Elaborating entity "altsyncram" for hierarchy "LPM_RAM_DQ:inst9|altram:sram|altsyncram:ram_block"
Info (12131): Elaborated megafunction instantiation "LPM_RAM_DQ:inst9|altram:sram|altsyncram:ram_block", which is child of megafunction instantiation "LPM_RAM_DQ:inst9"
Info (12021): Found 1 design units, including 1 entities, in source file db/altsyncram_38a1.tdf
    Info (12023): Found entity 1: altsyncram_38a1
Info (12128): Elaborating entity "altsyncram_38a1" for hierarchy "LPM_RAM_DQ:inst9|altram:sram|altsyncram:ram_block|altsyncram_38a1:auto_generated"
Info (12128): Elaborating entity "mux2to1_8bit" for hierarchy "mux2to1_8bit:inst25"
Info (12128): Elaborating entity "LPM_ROM" for hierarchy "LPM_ROM:inst"
Info (12130): Elaborated megafunction instantiation "LPM_ROM:inst"
Info (12133): Instantiated megafunction "LPM_ROM:inst" with the following parameter:
    Info (12134): Parameter "LPM_ADDRESS_CONTROL" = "UNREGISTERED"
    Info (12134): Parameter "LPM_FILE" = "instruction_mem.mif"
    Info (12134): Parameter "LPM_NUMWORDS" = "256"
    Info (12134): Parameter "LPM_OUTDATA" = "REGISTERED"
    Info (12134): Parameter "LPM_WIDTH" = "32"
    Info (12134): Parameter "LPM_WIDTHAD" = "8"
Info (12128): Elaborating entity "altrom" for hierarchy "LPM_ROM:inst|altrom:srom"
Warning (287001): Assertion warning: Can't convert ROM for Cyclone IV E device family using altsyncram megafunction -- implementing ROM using benchmarking mode by moving output registers to the input side. Power-up states and behavior may be different.
Info (287000): Assertion information: Clocko port is used as clock for the address input port
Info (12131): Elaborated megafunction instantiation "LPM_ROM:inst|altrom:srom", which is child of megafunction instantiation "LPM_ROM:inst"
Info (12128): Elaborating entity "altsyncram" for hierarchy "LPM_ROM:inst|altrom:srom|altsyncram:rom_block"
Info (12131): Elaborated megafunction instantiation "LPM_ROM:inst|altrom:srom|altsyncram:rom_block", which is child of megafunction instantiation "LPM_ROM:inst"
Info (12021): Found 1 design units, including 1 entities, in source file db/altsyncram_t811.tdf
    Info (12023): Found entity 1: altsyncram_t811
Info (12128): Elaborating entity "altsyncram_t811" for hierarchy "LPM_ROM:inst|altrom:srom|altsyncram:rom_block|altsyncram_t811:auto_generated"
Info (12128): Elaborating entity "eightBitRegisterInc" for hierarchy "eightBitRegisterInc:inst36"
Info (12128): Elaborating entity "enARdFF_2" for hierarchy "eightBitRegisterInc:inst36|enARdFF_2:\GEN_BITS:0:BIT_FF"
Info (12128): Elaborating entity "eightBitALU" for hierarchy "eightBitALU:inst17"
Info (12128): Elaborating entity "twoBy8To8Mux" for hierarchy "eightBitALU:inst17|twoBy8To8Mux:logical_select_mux"
Info (12128): Elaborating entity "sorter" for hierarchy "eightBitALU:inst17|sorter:sorting"
Warning (10036): Verilog HDL or VHDL warning at sorter.vhdl(34): object "eq" assigned a value but never read
Info (12128): Elaborating entity "eightBitComparator" for hierarchy "eightBitALU:inst17|sorter:sorting|eightBitComparator:comp_inst"
Info (12128): Elaborating entity "eightBitCLA" for hierarchy "eightBitALU:inst17|eightBitCLA:arithmetic_unit"
Info (12128): Elaborating entity "lpm_constant0" for hierarchy "lpm_constant0:inst7"
Info (12128): Elaborating entity "lpm_constant" for hierarchy "lpm_constant0:inst7|lpm_constant:LPM_CONSTANT_component"
Info (12130): Elaborated megafunction instantiation "lpm_constant0:inst7|lpm_constant:LPM_CONSTANT_component"
Info (12133): Instantiated megafunction "lpm_constant0:inst7|lpm_constant:LPM_CONSTANT_component" with the following parameter:
    Info (12134): Parameter "lpm_cvalue" = "0"
    Info (12134): Parameter "lpm_hint" = "ENABLE_RUNTIME_MOD=NO"
    Info (12134): Parameter "lpm_type" = "LPM_CONSTANT"
    Info (12134): Parameter "lpm_width" = "3"
Info (12128): Elaborating entity "lpm_constant1" for hierarchy "lpm_constant1:inst8"
Info (12128): Elaborating entity "lpm_constant" for hierarchy "lpm_constant1:inst8|lpm_constant:LPM_CONSTANT_component"
Info (12130): Elaborated megafunction instantiation "lpm_constant1:inst8|lpm_constant:LPM_CONSTANT_component"
Info (12133): Instantiated megafunction "lpm_constant1:inst8|lpm_constant:LPM_CONSTANT_component" with the following parameter:
    Info (12134): Parameter "lpm_cvalue" = "4"
    Info (12134): Parameter "lpm_hint" = "ENABLE_RUNTIME_MOD=NO"
    Info (12134): Parameter "lpm_type" = "LPM_CONSTANT"
    Info (12134): Parameter "lpm_width" = "8"
Info (12128): Elaborating entity "thirtyTwoBitALU" for hierarchy "thirtyTwoBitALU:inst16"
Info (12128): Elaborating entity "twoBy32To32Mux" for hierarchy "thirtyTwoBitALU:inst16|twoBy32To32Mux:logical_select_mux"
Info (12128): Elaborating entity "thirtyTwoBitCLA" for hierarchy "thirtyTwoBitALU:inst16|thirtyTwoBitCLA:arithmetic_unit"
Info (12128): Elaborating entity "or32" for hierarchy "thirtyTwoBitALU:inst16|or32:zero_calc"
Info (12128): Elaborating entity "shift_left_2" for hierarchy "shift_left_2:inst28"
Info (12128): Elaborating entity "sign_extender_16to32" for hierarchy "sign_extender_16to32:inst14"
Info (12128): Elaborating entity "lpm_constant3" for hierarchy "lpm_constant3:inst29"
Info (12128): Elaborating entity "lpm_constant" for hierarchy "lpm_constant3:inst29|lpm_constant:LPM_CONSTANT_component"
Info (12130): Elaborated megafunction instantiation "lpm_constant3:inst29|lpm_constant:LPM_CONSTANT_component"
Info (12133): Instantiated megafunction "lpm_constant3:inst29|lpm_constant:LPM_CONSTANT_component" with the following parameter:
    Info (12134): Parameter "lpm_cvalue" = "2"
    Info (12134): Parameter "lpm_hint" = "ENABLE_RUNTIME_MOD=NO"
    Info (12134): Parameter "lpm_type" = "LPM_CONSTANT"
    Info (12134): Parameter "lpm_width" = "3"
Info (12128): Elaborating entity "lpm_constant2" for hierarchy "lpm_constant2:inst184"
Info (12128): Elaborating entity "lpm_constant" for hierarchy "lpm_constant2:inst184|lpm_constant:LPM_CONSTANT_component"
Info (12130): Elaborated megafunction instantiation "lpm_constant2:inst184|lpm_constant:LPM_CONSTANT_component"
Info (12133): Instantiated megafunction "lpm_constant2:inst184|lpm_constant:LPM_CONSTANT_component" with the following parameter:
    Info (12134): Parameter "lpm_cvalue" = "0"
    Info (12134): Parameter "lpm_hint" = "ENABLE_RUNTIME_MOD=NO"
    Info (12134): Parameter "lpm_type" = "LPM_CONSTANT"
    Info (12134): Parameter "lpm_width" = "24"
Info (12128): Elaborating entity "shift_left_2_26_to_28" for hierarchy "shift_left_2_26_to_28:inst2"
Info (12128): Elaborating entity "lpm_constant4" for hierarchy "lpm_constant4:inst37"
Info (12128): Elaborating entity "lpm_constant" for hierarchy "lpm_constant4:inst37|lpm_constant:LPM_CONSTANT_component"
Info (12130): Elaborated megafunction instantiation "lpm_constant4:inst37|lpm_constant:LPM_CONSTANT_component"
Info (12133): Instantiated megafunction "lpm_constant4:inst37|lpm_constant:LPM_CONSTANT_component" with the following parameter:
    Info (12134): Parameter "lpm_cvalue" = "63"
    Info (12134): Parameter "lpm_hint" = "ENABLE_RUNTIME_MOD=NO"
    Info (12134): Parameter "lpm_type" = "LPM_CONSTANT"
    Info (12134): Parameter "lpm_width" = "6"
Info (12128): Elaborating entity "mux4to1_8bit" for hierarchy "mux4to1_8bit:inst13"
Info (12128): Elaborating entity "forwarding_unit" for hierarchy "forwarding_unit:inst4"
Info (12128): Elaborating entity "ALUControl" for hierarchy "ALUControl:inst23"
Info (12128): Elaborating entity "mux5" for hierarchy "mux5:inst10"
Warning (13044): Always-enabled tri-state buffer(s) removed
    Warning (13045): Converted the fanout from the always-enabled tri-state buffer "lpm_rom:inst|otri[31]" to the node "Instruction_IF[31]" into a wire
    Warning (13045): Converted the fanout from the always-enabled tri-state buffer "lpm_rom:inst|otri[30]" to the node "Instruction_IF[30]" into a wire
    Warning (13045): Converted the fanout from the always-enabled tri-state buffer "lpm_rom:inst|otri[29]" to the node "Instruction_IF[29]" into a wire
    Warning (13045): Converted the fanout from the always-enabled tri-state buffer "lpm_rom:inst|otri[28]" to the node "Instruction_IF[28]" into a wire
    Warning (13045): Converted the fanout from the always-enabled tri-state buffer "lpm_rom:inst|otri[27]" to the node "Instruction_IF[27]" into a wire
    Warning (13045): Converted the fanout from the always-enabled tri-state buffer "lpm_rom:inst|otri[26]" to the node "Instruction_IF[26]" into a wire
    Warning (13045): Converted the fanout from the always-enabled tri-state buffer "lpm_rom:inst|otri[25]" to the node "Instruction_IF[25]" into a wire
    Warning (13045): Converted the fanout from the always-enabled tri-state buffer "lpm_rom:inst|otri[24]" to the node "Instruction_IF[24]" into a wire
    Warning (13045): Converted the fanout from the always-enabled tri-state buffer "lpm_rom:inst|otri[23]" to the node "Instruction_IF[23]" into a wire
    Warning (13045): Converted the fanout from the always-enabled tri-state buffer "lpm_rom:inst|otri[22]" to the node "Instruction_IF[22]" into a wire
    Warning (13045): Converted the fanout from the always-enabled tri-state buffer "lpm_rom:inst|otri[21]" to the node "Instruction_IF[21]" into a wire
    Warning (13045): Converted the fanout from the always-enabled tri-state buffer "lpm_rom:inst|otri[20]" to the node "Instruction_IF[20]" into a wire
    Warning (13045): Converted the fanout from the always-enabled tri-state buffer "lpm_rom:inst|otri[19]" to the node "Instruction_IF[19]" into a wire
    Warning (13045): Converted the fanout from the always-enabled tri-state buffer "lpm_rom:inst|otri[18]" to the node "Instruction_IF[18]" into a wire
    Warning (13045): Converted the fanout from the always-enabled tri-state buffer "lpm_rom:inst|otri[17]" to the node "Instruction_IF[17]" into a wire
    Warning (13045): Converted the fanout from the always-enabled tri-state buffer "lpm_rom:inst|otri[16]" to the node "Instruction_IF[16]" into a wire
    Warning (13045): Converted the fanout from the always-enabled tri-state buffer "lpm_rom:inst|otri[15]" to the node "Instruction_IF[15]" into a wire
    Warning (13045): Converted the fanout from the always-enabled tri-state buffer "lpm_rom:inst|otri[14]" to the node "Instruction_IF[14]" into a wire
    Warning (13045): Converted the fanout from the always-enabled tri-state buffer "lpm_rom:inst|otri[13]" to the node "Instruction_IF[13]" into a wire
    Warning (13045): Converted the fanout from the always-enabled tri-state buffer "lpm_rom:inst|otri[12]" to the node "Instruction_IF[12]" into a wire
    Warning (13045): Converted the fanout from the always-enabled tri-state buffer "lpm_rom:inst|otri[11]" to the node "Instruction_IF[11]" into a wire
    Warning (13045): Converted the fanout from the always-enabled tri-state buffer "lpm_rom:inst|otri[10]" to the node "Instruction_IF[10]" into a wire
    Warning (13045): Converted the fanout from the always-enabled tri-state buffer "lpm_rom:inst|otri[9]" to the node "Instruction_IF[9]" into a wire
    Warning (13045): Converted the fanout from the always-enabled tri-state buffer "lpm_rom:inst|otri[8]" to the node "Instruction_IF[8]" into a wire
    Warning (13045): Converted the fanout from the always-enabled tri-state buffer "lpm_rom:inst|otri[7]" to the node "Instruction_IF[7]" into a wire
    Warning (13045): Converted the fanout from the always-enabled tri-state buffer "lpm_rom:inst|otri[6]" to the node "Instruction_IF[6]" into a wire
    Warning (13045): Converted the fanout from the always-enabled tri-state buffer "lpm_rom:inst|otri[5]" to the node "Instruction_IF[5]" into a wire
    Warning (13045): Converted the fanout from the always-enabled tri-state buffer "lpm_rom:inst|otri[4]" to the node "Instruction_IF[4]" into a wire
    Warning (13045): Converted the fanout from the always-enabled tri-state buffer "lpm_rom:inst|otri[3]" to the node "Instruction_IF[3]" into a wire
    Warning (13045): Converted the fanout from the always-enabled tri-state buffer "lpm_rom:inst|otri[2]" to the node "Instruction_IF[2]" into a wire
    Warning (13045): Converted the fanout from the always-enabled tri-state buffer "lpm_rom:inst|otri[1]" to the node "Instruction_IF[1]" into a wire
    Warning (13045): Converted the fanout from the always-enabled tri-state buffer "lpm_rom:inst|otri[0]" to the node "Instruction_IF[0]" into a wire
    Warning (13045): Converted the fanout from the always-enabled tri-state buffer "lpm_rom:inst|otri[31]" to the node "IFID:inst1|reg32:insreg|q[31]" into a wire
    Warning (13045): Converted the fanout from the always-enabled tri-state buffer "lpm_rom:inst|otri[30]" to the node "IFID:inst1|reg32:insreg|q[30]" into a wire
    Warning (13045): Converted the fanout from the always-enabled tri-state buffer "lpm_rom:inst|otri[29]" to the node "IFID:inst1|reg32:insreg|q[29]" into a wire
    Warning (13045): Converted the fanout from the always-enabled tri-state buffer "lpm_rom:inst|otri[28]" to the node "IFID:inst1|reg32:insreg|q[28]" into a wire
    Warning (13045): Converted the fanout from the always-enabled tri-state buffer "lpm_rom:inst|otri[27]" to the node "IFID:inst1|reg32:insreg|q[27]" into a wire
    Warning (13045): Converted the fanout from the always-enabled tri-state buffer "lpm_rom:inst|otri[26]" to the node "IFID:inst1|reg32:insreg|q[26]" into a wire
    Warning (13045): Converted the fanout from the always-enabled tri-state buffer "lpm_rom:inst|otri[25]" to the node "IFID:inst1|reg32:insreg|q" into a wire
    Warning (13045): Converted the fanout from the always-enabled tri-state buffer "lpm_rom:inst|otri[24]" to the node "IFID:inst1|reg32:insreg|q" into a wire
    Warning (13045): Converted the fanout from the always-enabled tri-state buffer "lpm_rom:inst|otri[23]" to the node "IFID:inst1|reg32:insreg|q" into a wire
    Warning (13045): Converted the fanout from the always-enabled tri-state buffer "lpm_rom:inst|otri[22]" to the node "IFID:inst1|reg32:insreg|q" into a wire
    Warning (13045): Converted the fanout from the always-enabled tri-state buffer "lpm_rom:inst|otri[21]" to the node "IFID:inst1|reg32:insreg|q" into a wire
    Warning (13045): Converted the fanout from the always-enabled tri-state buffer "lpm_rom:inst|otri[20]" to the node "IFID:inst1|reg32:insreg|q" into a wire
    Warning (13045): Converted the fanout from the always-enabled tri-state buffer "lpm_rom:inst|otri[19]" to the node "IFID:inst1|reg32:insreg|q" into a wire
    Warning (13045): Converted the fanout from the always-enabled tri-state buffer "lpm_rom:inst|otri[18]" to the node "IFID:inst1|reg32:insreg|q" into a wire
    Warning (13045): Converted the fanout from the always-enabled tri-state buffer "lpm_rom:inst|otri[17]" to the node "IFID:inst1|reg32:insreg|q" into a wire
    Warning (13045): Converted the fanout from the always-enabled tri-state buffer "lpm_rom:inst|otri[16]" to the node "IFID:inst1|reg32:insreg|q" into a wire
    Warning (13045): Converted the fanout from the always-enabled tri-state buffer "lpm_rom:inst|otri[15]" to the node "IFID:inst1|reg32:insreg|q" into a wire
    Warning (13045): Converted the fanout from the always-enabled tri-state buffer "lpm_rom:inst|otri[14]" to the node "IFID:inst1|reg32:insreg|q" into a wire
    Warning (13045): Converted the fanout from the always-enabled tri-state buffer "lpm_rom:inst|otri[13]" to the node "IFID:inst1|reg32:insreg|q" into a wire
    Warning (13045): Converted the fanout from the always-enabled tri-state buffer "lpm_rom:inst|otri[12]" to the node "IFID:inst1|reg32:insreg|q" into a wire
    Warning (13045): Converted the fanout from the always-enabled tri-state buffer "lpm_rom:inst|otri[11]" to the node "IFID:inst1|reg32:insreg|q" into a wire
    Warning (13045): Converted the fanout from the always-enabled tri-state buffer "lpm_rom:inst|otri[10]" to the node "IFID:inst1|reg32:insreg|q" into a wire
    Warning (13045): Converted the fanout from the always-enabled tri-state buffer "lpm_rom:inst|otri[9]" to the node "IFID:inst1|reg32:insreg|q" into a wire
    Warning (13045): Converted the fanout from the always-enabled tri-state buffer "lpm_rom:inst|otri[8]" to the node "IFID:inst1|reg32:insreg|q" into a wire
    Warning (13045): Converted the fanout from the always-enabled tri-state buffer "lpm_rom:inst|otri[7]" to the node "IFID:inst1|reg32:insreg|q" into a wire
    Warning (13045): Converted the fanout from the always-enabled tri-state buffer "lpm_rom:inst|otri[6]" to the node "IFID:inst1|reg32:insreg|q" into a wire
    Warning (13045): Converted the fanout from the always-enabled tri-state buffer "lpm_rom:inst|otri[5]" to the node "IFID:inst1|reg32:insreg|q" into a wire
    Warning (13045): Converted the fanout from the always-enabled tri-state buffer "lpm_rom:inst|otri[4]" to the node "IFID:inst1|reg32:insreg|q" into a wire
    Warning (13045): Converted the fanout from the always-enabled tri-state buffer "lpm_rom:inst|otri[3]" to the node "IFID:inst1|reg32:insreg|q" into a wire
    Warning (13045): Converted the fanout from the always-enabled tri-state buffer "lpm_rom:inst|otri[2]" to the node "IFID:inst1|reg32:insreg|q" into a wire
    Warning (13045): Converted the fanout from the always-enabled tri-state buffer "lpm_rom:inst|otri[1]" to the node "IFID:inst1|reg32:insreg|q" into a wire
    Warning (13045): Converted the fanout from the always-enabled tri-state buffer "lpm_rom:inst|otri[0]" to the node "IFID:inst1|reg32:insreg|q" into a wire
Info (286030): Timing-Driven Synthesis is running
Info (16010): Generating hard_block partition "hard_block:auto_generated_inst"
    Info (16011): Adding 0 node(s), including 0 DDIO, 0 PLL, 0 transceiver and 0 LCELL
Info (21057): Implemented 789 device resources after synthesis - the final resource count might be different
    Info (21058): Implemented 3 input pins
    Info (21059): Implemented 245 output pins
    Info (21061): Implemented 501 logic cells
    Info (21064): Implemented 40 RAM segments
Info: Quartus II 64-Bit Analysis & Synthesis was successful. 0 errors, 82 warnings
    Info: Peak virtual memory: 4704 megabytes
    Info: Processing ended: Wed Mar 26 13:12:16 2025
    Info: Elapsed time: 00:00:11
    Info: Total CPU time (on all processors): 00:00:08


