Fitter report for Lab2
Wed Mar 26 13:12:50 2025
Quartus II 64-Bit Version 13.1.0 Build 162 10/23/2013 SJ Web Edition


---------------------
; Table of Contents ;
---------------------
  1. Legal Notice
  2. Fitter Summary
  3. Fitter Settings
  4. Parallel Compilation
  5. I/O Assignment Warnings
  6. Incremental Compilation Preservation Summary
  7. Incremental Compilation Partition Settings
  8. Incremental Compilation Placement Preservation
  9. Pin-Out File
 10. Fitter Resource Usage Summary
 11. Fitter Partition Statistics
 12. Input Pins
 13. Output Pins
 14. Dual Purpose and Dedicated Pins
 15. I/O Bank Usage
 16. All Package Pins
 17. Fitter Resource Utilization by Entity
 18. Delay Chain Summary
 19. Pad To Core Delay Chain Fanout
 20. Control Signals
 21. Global & Other Fast Signals
 22. Non-Global High Fan-Out Signals
 23. Fitter RAM Summary
 24. |Lab3|lpm_rom:inst|altrom:srom|altsyncram:rom_block|altsyncram_t811:auto_generated|ALTSYNCRAM
 25. |Lab3|lpm_ram_dq:inst9|altram:sram|altsyncram:ram_block|altsyncram_38a1:auto_generated|ALTSYNCRAM
 26. Routing Usage Summary
 27. LAB Logic Elements
 28. LAB-wide Signals
 29. LAB Signals Sourced
 30. LAB Signals Sourced Out
 31. LAB Distinct Inputs
 32. I/O Rules Summary
 33. I/O Rules Details
 34. I/O Rules Matrix
 35. Fitter Device Options
 36. Operating Settings and Conditions
 37. Estimated Delay Added for Hold Timing Summary
 38. Estimated Delay Added for Hold Timing Details
 39. Fitter Messages
 40. Fitter Suppressed Messages



----------------
; Legal Notice ;
----------------
Copyright (C) 1991-2013 Altera Corporation
Your use of Altera Corporation's design tools, logic functions 
and other software and tools, and its AMPP partner logic 
functions, and any output files from any of the foregoing 
(including device programming or simulation files), and any 
associated documentation or information are expressly subject 
to the terms and conditions of the Altera Program License 
Subscription Agreement, Altera MegaCore Function License 
Agreement, or other applicable license agreement, including, 
without limitation, that your use is for the sole purpose of 
programming logic devices manufactured by Altera and sold by 
Altera or its authorized distributors.  Please refer to the 
applicable agreement for further details.



+---------------------------------------------------------------------------------+
; Fitter Summary                                                                  ;
+------------------------------------+--------------------------------------------+
; Fitter Status                      ; Successful - Wed Mar 26 13:12:50 2025      ;
; Quartus II 64-Bit Version          ; 13.1.0 Build 162 10/23/2013 SJ Web Edition ;
; Revision Name                      ; Lab2                                       ;
; Top-level Entity Name              ; Lab3                                       ;
; Family                             ; Cyclone IV E                               ;
; Device                             ; EP4CE115F29C7                              ;
; Timing Models                      ; Final                                      ;
; Total logic elements               ; 447 / 114,480 ( < 1 % )                    ;
;     Total combinational functions  ; 345 / 114,480 ( < 1 % )                    ;
;     Dedicated logic registers      ; 211 / 114,480 ( < 1 % )                    ;
; Total registers                    ; 211                                        ;
; Total pins                         ; 248 / 529 ( 47 % )                         ;
; Total virtual pins                 ; 0                                          ;
; Total memory bits                  ; 10,240 / 3,981,312 ( < 1 % )               ;
; Embedded Multiplier 9-bit elements ; 0 / 532 ( 0 % )                            ;
; Total PLLs                         ; 0 / 4 ( 0 % )                              ;
+------------------------------------+--------------------------------------------+


+------------------------------------------------------------------------------------------------------------------------------------------------------------+
; Fitter Settings                                                                                                                                            ;
+----------------------------------------------------------------------------+---------------------------------------+---------------------------------------+
; Option                                                                     ; Setting                               ; Default Value                         ;
+----------------------------------------------------------------------------+---------------------------------------+---------------------------------------+
; Device                                                                     ; EP4CE115F29C7                         ;                                       ;
; Nominal Core Supply Voltage                                                ; 1.2V                                  ;                                       ;
; Minimum Core Junction Temperature                                          ; 0                                     ;                                       ;
; Maximum Core Junction Temperature                                          ; 85                                    ;                                       ;
; Fit Attempts to Skip                                                       ; 0                                     ; 0.0                                   ;
; Device I/O Standard                                                        ; 2.5 V                                 ;                                       ;
; Use smart compilation                                                      ; Off                                   ; Off                                   ;
; Enable parallel Assembler and TimeQuest Timing Analyzer during compilation ; On                                    ; On                                    ;
; Enable compact report table                                                ; Off                                   ; Off                                   ;
; Auto Merge PLLs                                                            ; On                                    ; On                                    ;
; Router Timing Optimization Level                                           ; Normal                                ; Normal                                ;
; Perform Clocking Topology Analysis During Routing                          ; Off                                   ; Off                                   ;
; Placement Effort Multiplier                                                ; 1.0                                   ; 1.0                                   ;
; Router Effort Multiplier                                                   ; 1.0                                   ; 1.0                                   ;
; Optimize Hold Timing                                                       ; All Paths                             ; All Paths                             ;
; Optimize Multi-Corner Timing                                               ; On                                    ; On                                    ;
; PowerPlay Power Optimization                                               ; Normal compilation                    ; Normal compilation                    ;
; SSN Optimization                                                           ; Off                                   ; Off                                   ;
; Optimize Timing                                                            ; Normal compilation                    ; Normal compilation                    ;
; Optimize Timing for ECOs                                                   ; Off                                   ; Off                                   ;
; Regenerate full fit report during ECO compiles                             ; Off                                   ; Off                                   ;
; Optimize IOC Register Placement for Timing                                 ; Normal                                ; Normal                                ;
; Limit to One Fitting Attempt                                               ; Off                                   ; Off                                   ;
; Final Placement Optimizations                                              ; Automatically                         ; Automatically                         ;
; Fitter Aggressive Routability Optimizations                                ; Automatically                         ; Automatically                         ;
; Fitter Initial Placement Seed                                              ; 1                                     ; 1                                     ;
; PCI I/O                                                                    ; Off                                   ; Off                                   ;
; Weak Pull-Up Resistor                                                      ; Off                                   ; Off                                   ;
; Enable Bus-Hold Circuitry                                                  ; Off                                   ; Off                                   ;
; Auto Packed Registers                                                      ; Auto                                  ; Auto                                  ;
; Auto Delay Chains                                                          ; On                                    ; On                                    ;
; Auto Delay Chains for High Fanout Input Pins                               ; Off                                   ; Off                                   ;
; Allow Single-ended Buffer for Differential-XSTL Input                      ; Off                                   ; Off                                   ;
; Treat Bidirectional Pin as Output Pin                                      ; Off                                   ; Off                                   ;
; Perform Physical Synthesis for Combinational Logic for Fitting             ; Off                                   ; Off                                   ;
; Perform Physical Synthesis for Combinational Logic for Performance         ; Off                                   ; Off                                   ;
; Perform Register Duplication for Performance                               ; Off                                   ; Off                                   ;
; Perform Logic to Memory Mapping for Fitting                                ; Off                                   ; Off                                   ;
; Perform Register Retiming for Performance                                  ; Off                                   ; Off                                   ;
; Perform Asynchronous Signal Pipelining                                     ; Off                                   ; Off                                   ;
; Fitter Effort                                                              ; Auto Fit                              ; Auto Fit                              ;
; Physical Synthesis Effort Level                                            ; Normal                                ; Normal                                ;
; Logic Cell Insertion - Logic Duplication                                   ; Auto                                  ; Auto                                  ;
; Auto Register Duplication                                                  ; Auto                                  ; Auto                                  ;
; Auto Global Clock                                                          ; On                                    ; On                                    ;
; Auto Global Register Control Signals                                       ; On                                    ; On                                    ;
; Reserve all unused pins                                                    ; As input tri-stated with weak pull-up ; As input tri-stated with weak pull-up ;
; Synchronizer Identification                                                ; Off                                   ; Off                                   ;
; Enable Beneficial Skew Optimization                                        ; On                                    ; On                                    ;
; Optimize Design for Metastability                                          ; On                                    ; On                                    ;
; Force Fitter to Avoid Periphery Placement Warnings                         ; Off                                   ; Off                                   ;
; Enable input tri-state on active configuration pins in user mode           ; Off                                   ; Off                                   ;
+----------------------------------------------------------------------------+---------------------------------------+---------------------------------------+


Parallel compilation was disabled, but you have multiple processors available. Enable parallel compilation to reduce compilation time.
+-------------------------------------+
; Parallel Compilation                ;
+----------------------------+--------+
; Processors                 ; Number ;
+----------------------------+--------+
; Number detected on machine ; 16     ;
; Maximum allowed            ; 1      ;
+----------------------------+--------+


+-----------------------------------------------------------------+
; I/O Assignment Warnings                                         ;
+--------------------------+--------------------------------------+
; Pin Name                 ; Reason                               ;
+--------------------------+--------------------------------------+
; Address_to_w_r_MEM[7]    ; Missing drive strength and slew rate ;
; Address_to_w_r_MEM[6]    ; Missing drive strength and slew rate ;
; Address_to_w_r_MEM[5]    ; Missing drive strength and slew rate ;
; Address_to_w_r_MEM[4]    ; Missing drive strength and slew rate ;
; Address_to_w_r_MEM[3]    ; Missing drive strength and slew rate ;
; Address_to_w_r_MEM[2]    ; Missing drive strength and slew rate ;
; Address_to_w_r_MEM[1]    ; Missing drive strength and slew rate ;
; Address_to_w_r_MEM[0]    ; Missing drive strength and slew rate ;
; Instruction_MEM[31]      ; Missing drive strength and slew rate ;
; Instruction_MEM[30]      ; Missing drive strength and slew rate ;
; Instruction_MEM[29]      ; Missing drive strength and slew rate ;
; Instruction_MEM[28]      ; Missing drive strength and slew rate ;
; Instruction_MEM[27]      ; Missing drive strength and slew rate ;
; Instruction_MEM[26]      ; Missing drive strength and slew rate ;
; Instruction_MEM[25]      ; Missing drive strength and slew rate ;
; Instruction_MEM[24]      ; Missing drive strength and slew rate ;
; Instruction_MEM[23]      ; Missing drive strength and slew rate ;
; Instruction_MEM[22]      ; Missing drive strength and slew rate ;
; Instruction_MEM[21]      ; Missing drive strength and slew rate ;
; Instruction_MEM[20]      ; Missing drive strength and slew rate ;
; Instruction_MEM[19]      ; Missing drive strength and slew rate ;
; Instruction_MEM[18]      ; Missing drive strength and slew rate ;
; Instruction_MEM[17]      ; Missing drive strength and slew rate ;
; Instruction_MEM[16]      ; Missing drive strength and slew rate ;
; Instruction_MEM[15]      ; Missing drive strength and slew rate ;
; Instruction_MEM[14]      ; Missing drive strength and slew rate ;
; Instruction_MEM[13]      ; Missing drive strength and slew rate ;
; Instruction_MEM[12]      ; Missing drive strength and slew rate ;
; Instruction_MEM[11]      ; Missing drive strength and slew rate ;
; Instruction_MEM[10]      ; Missing drive strength and slew rate ;
; Instruction_MEM[9]       ; Missing drive strength and slew rate ;
; Instruction_MEM[8]       ; Missing drive strength and slew rate ;
; Instruction_MEM[7]       ; Missing drive strength and slew rate ;
; Instruction_MEM[6]       ; Missing drive strength and slew rate ;
; Instruction_MEM[5]       ; Missing drive strength and slew rate ;
; Instruction_MEM[4]       ; Missing drive strength and slew rate ;
; Instruction_MEM[3]       ; Missing drive strength and slew rate ;
; Instruction_MEM[2]       ; Missing drive strength and slew rate ;
; Instruction_MEM[1]       ; Missing drive strength and slew rate ;
; Instruction_MEM[0]       ; Missing drive strength and slew rate ;
; Instruction_IF[31]       ; Missing drive strength and slew rate ;
; Instruction_IF[30]       ; Missing drive strength and slew rate ;
; Instruction_IF[29]       ; Missing drive strength and slew rate ;
; Instruction_IF[28]       ; Missing drive strength and slew rate ;
; Instruction_IF[27]       ; Missing drive strength and slew rate ;
; Instruction_IF[26]       ; Missing drive strength and slew rate ;
; Instruction_IF[25]       ; Missing drive strength and slew rate ;
; Instruction_IF[24]       ; Missing drive strength and slew rate ;
; Instruction_IF[23]       ; Missing drive strength and slew rate ;
; Instruction_IF[22]       ; Missing drive strength and slew rate ;
; Instruction_IF[21]       ; Missing drive strength and slew rate ;
; Instruction_IF[20]       ; Missing drive strength and slew rate ;
; Instruction_IF[19]       ; Missing drive strength and slew rate ;
; Instruction_IF[18]       ; Missing drive strength and slew rate ;
; Instruction_IF[17]       ; Missing drive strength and slew rate ;
; Instruction_IF[16]       ; Missing drive strength and slew rate ;
; Instruction_IF[15]       ; Missing drive strength and slew rate ;
; Instruction_IF[14]       ; Missing drive strength and slew rate ;
; Instruction_IF[13]       ; Missing drive strength and slew rate ;
; Instruction_IF[12]       ; Missing drive strength and slew rate ;
; Instruction_IF[11]       ; Missing drive strength and slew rate ;
; Instruction_IF[10]       ; Missing drive strength and slew rate ;
; Instruction_IF[9]        ; Missing drive strength and slew rate ;
; Instruction_IF[8]        ; Missing drive strength and slew rate ;
; Instruction_IF[7]        ; Missing drive strength and slew rate ;
; Instruction_IF[6]        ; Missing drive strength and slew rate ;
; Instruction_IF[5]        ; Missing drive strength and slew rate ;
; Instruction_IF[4]        ; Missing drive strength and slew rate ;
; Instruction_IF[3]        ; Missing drive strength and slew rate ;
; Instruction_IF[2]        ; Missing drive strength and slew rate ;
; Instruction_IF[1]        ; Missing drive strength and slew rate ;
; Instruction_IF[0]        ; Missing drive strength and slew rate ;
; PCValue[7]               ; Missing drive strength and slew rate ;
; PCValue[6]               ; Missing drive strength and slew rate ;
; PCValue[5]               ; Missing drive strength and slew rate ;
; PCValue[4]               ; Missing drive strength and slew rate ;
; PCValue[3]               ; Missing drive strength and slew rate ;
; PCValue[2]               ; Missing drive strength and slew rate ;
; PCValue[1]               ; Missing drive strength and slew rate ;
; PCValue[0]               ; Missing drive strength and slew rate ;
; Instruction_EX[31]       ; Missing drive strength and slew rate ;
; Instruction_EX[30]       ; Missing drive strength and slew rate ;
; Instruction_EX[29]       ; Missing drive strength and slew rate ;
; Instruction_EX[28]       ; Missing drive strength and slew rate ;
; Instruction_EX[27]       ; Missing drive strength and slew rate ;
; Instruction_EX[26]       ; Missing drive strength and slew rate ;
; Instruction_EX[25]       ; Missing drive strength and slew rate ;
; Instruction_EX[24]       ; Missing drive strength and slew rate ;
; Instruction_EX[23]       ; Missing drive strength and slew rate ;
; Instruction_EX[22]       ; Missing drive strength and slew rate ;
; Instruction_EX[21]       ; Missing drive strength and slew rate ;
; Instruction_EX[20]       ; Missing drive strength and slew rate ;
; Instruction_EX[19]       ; Missing drive strength and slew rate ;
; Instruction_EX[18]       ; Missing drive strength and slew rate ;
; Instruction_EX[17]       ; Missing drive strength and slew rate ;
; Instruction_EX[16]       ; Missing drive strength and slew rate ;
; Instruction_EX[15]       ; Missing drive strength and slew rate ;
; Instruction_EX[14]       ; Missing drive strength and slew rate ;
; Instruction_EX[13]       ; Missing drive strength and slew rate ;
; Instruction_EX[12]       ; Missing drive strength and slew rate ;
; Instruction_EX[11]       ; Missing drive strength and slew rate ;
; Instruction_EX[10]       ; Missing drive strength and slew rate ;
; Instruction_EX[9]        ; Missing drive strength and slew rate ;
; Instruction_EX[8]        ; Missing drive strength and slew rate ;
; Instruction_EX[7]        ; Missing drive strength and slew rate ;
; Instruction_EX[6]        ; Missing drive strength and slew rate ;
; Instruction_EX[5]        ; Missing drive strength and slew rate ;
; Instruction_EX[4]        ; Missing drive strength and slew rate ;
; Instruction_EX[3]        ; Missing drive strength and slew rate ;
; Instruction_EX[2]        ; Missing drive strength and slew rate ;
; Instruction_EX[1]        ; Missing drive strength and slew rate ;
; Instruction_EX[0]        ; Missing drive strength and slew rate ;
; ALU_Control[2]           ; Missing drive strength and slew rate ;
; ALU_Control[1]           ; Missing drive strength and slew rate ;
; ALU_Control[0]           ; Missing drive strength and slew rate ;
; ALUop1[7]                ; Missing drive strength and slew rate ;
; ALUop1[6]                ; Missing drive strength and slew rate ;
; ALUop1[5]                ; Missing drive strength and slew rate ;
; ALUop1[4]                ; Missing drive strength and slew rate ;
; ALUop1[3]                ; Missing drive strength and slew rate ;
; ALUop1[2]                ; Missing drive strength and slew rate ;
; ALUop1[1]                ; Missing drive strength and slew rate ;
; ALUop1[0]                ; Missing drive strength and slew rate ;
; ALUop2[7]                ; Missing drive strength and slew rate ;
; ALUop2[6]                ; Missing drive strength and slew rate ;
; ALUop2[5]                ; Missing drive strength and slew rate ;
; ALUop2[4]                ; Missing drive strength and slew rate ;
; ALUop2[3]                ; Missing drive strength and slew rate ;
; ALUop2[2]                ; Missing drive strength and slew rate ;
; ALUop2[1]                ; Missing drive strength and slew rate ;
; ALUop2[0]                ; Missing drive strength and slew rate ;
; ALUResultEX[7]           ; Missing drive strength and slew rate ;
; ALUResultEX[6]           ; Missing drive strength and slew rate ;
; ALUResultEX[5]           ; Missing drive strength and slew rate ;
; ALUResultEX[4]           ; Missing drive strength and slew rate ;
; ALUResultEX[3]           ; Missing drive strength and slew rate ;
; ALUResultEX[2]           ; Missing drive strength and slew rate ;
; ALUResultEX[1]           ; Missing drive strength and slew rate ;
; ALUResultEX[0]           ; Missing drive strength and slew rate ;
; Data_from_address_MEM[7] ; Missing drive strength and slew rate ;
; Data_from_address_MEM[6] ; Missing drive strength and slew rate ;
; Data_from_address_MEM[5] ; Missing drive strength and slew rate ;
; Data_from_address_MEM[4] ; Missing drive strength and slew rate ;
; Data_from_address_MEM[3] ; Missing drive strength and slew rate ;
; Data_from_address_MEM[2] ; Missing drive strength and slew rate ;
; Data_from_address_MEM[1] ; Missing drive strength and slew rate ;
; Data_from_address_MEM[0] ; Missing drive strength and slew rate ;
; Data_goingtobe[7]        ; Missing drive strength and slew rate ;
; Data_goingtobe[6]        ; Missing drive strength and slew rate ;
; Data_goingtobe[5]        ; Missing drive strength and slew rate ;
; Data_goingtobe[4]        ; Missing drive strength and slew rate ;
; Data_goingtobe[3]        ; Missing drive strength and slew rate ;
; Data_goingtobe[2]        ; Missing drive strength and slew rate ;
; Data_goingtobe[1]        ; Missing drive strength and slew rate ;
; Data_goingtobe[0]        ; Missing drive strength and slew rate ;
; DataRS[7]                ; Missing drive strength and slew rate ;
; DataRS[6]                ; Missing drive strength and slew rate ;
; DataRS[5]                ; Missing drive strength and slew rate ;
; DataRS[4]                ; Missing drive strength and slew rate ;
; DataRS[3]                ; Missing drive strength and slew rate ;
; DataRS[2]                ; Missing drive strength and slew rate ;
; DataRS[1]                ; Missing drive strength and slew rate ;
; DataRS[0]                ; Missing drive strength and slew rate ;
; DataRT[7]                ; Missing drive strength and slew rate ;
; DataRT[6]                ; Missing drive strength and slew rate ;
; DataRT[5]                ; Missing drive strength and slew rate ;
; DataRT[4]                ; Missing drive strength and slew rate ;
; DataRT[3]                ; Missing drive strength and slew rate ;
; DataRT[2]                ; Missing drive strength and slew rate ;
; DataRT[1]                ; Missing drive strength and slew rate ;
; DataRT[0]                ; Missing drive strength and slew rate ;
; Instruction_ID[31]       ; Missing drive strength and slew rate ;
; Instruction_ID[30]       ; Missing drive strength and slew rate ;
; Instruction_ID[29]       ; Missing drive strength and slew rate ;
; Instruction_ID[28]       ; Missing drive strength and slew rate ;
; Instruction_ID[27]       ; Missing drive strength and slew rate ;
; Instruction_ID[26]       ; Missing drive strength and slew rate ;
; Instruction_ID[25]       ; Missing drive strength and slew rate ;
; Instruction_ID[24]       ; Missing drive strength and slew rate ;
; Instruction_ID[23]       ; Missing drive strength and slew rate ;
; Instruction_ID[22]       ; Missing drive strength and slew rate ;
; Instruction_ID[21]       ; Missing drive strength and slew rate ;
; Instruction_ID[20]       ; Missing drive strength and slew rate ;
; Instruction_ID[19]       ; Missing drive strength and slew rate ;
; Instruction_ID[18]       ; Missing drive strength and slew rate ;
; Instruction_ID[17]       ; Missing drive strength and slew rate ;
; Instruction_ID[16]       ; Missing drive strength and slew rate ;
; Instruction_ID[15]       ; Missing drive strength and slew rate ;
; Instruction_ID[14]       ; Missing drive strength and slew rate ;
; Instruction_ID[13]       ; Missing drive strength and slew rate ;
; Instruction_ID[12]       ; Missing drive strength and slew rate ;
; Instruction_ID[11]       ; Missing drive strength and slew rate ;
; Instruction_ID[10]       ; Missing drive strength and slew rate ;
; Instruction_ID[9]        ; Missing drive strength and slew rate ;
; Instruction_ID[8]        ; Missing drive strength and slew rate ;
; Instruction_ID[7]        ; Missing drive strength and slew rate ;
; Instruction_ID[6]        ; Missing drive strength and slew rate ;
; Instruction_ID[5]        ; Missing drive strength and slew rate ;
; Instruction_ID[4]        ; Missing drive strength and slew rate ;
; Instruction_ID[3]        ; Missing drive strength and slew rate ;
; Instruction_ID[2]        ; Missing drive strength and slew rate ;
; Instruction_ID[1]        ; Missing drive strength and slew rate ;
; Instruction_ID[0]        ; Missing drive strength and slew rate ;
; Instruction_WB[31]       ; Missing drive strength and slew rate ;
; Instruction_WB[30]       ; Missing drive strength and slew rate ;
; Instruction_WB[29]       ; Missing drive strength and slew rate ;
; Instruction_WB[28]       ; Missing drive strength and slew rate ;
; Instruction_WB[27]       ; Missing drive strength and slew rate ;
; Instruction_WB[26]       ; Missing drive strength and slew rate ;
; Instruction_WB[25]       ; Missing drive strength and slew rate ;
; Instruction_WB[24]       ; Missing drive strength and slew rate ;
; Instruction_WB[23]       ; Missing drive strength and slew rate ;
; Instruction_WB[22]       ; Missing drive strength and slew rate ;
; Instruction_WB[21]       ; Missing drive strength and slew rate ;
; Instruction_WB[20]       ; Missing drive strength and slew rate ;
; Instruction_WB[19]       ; Missing drive strength and slew rate ;
; Instruction_WB[18]       ; Missing drive strength and slew rate ;
; Instruction_WB[17]       ; Missing drive strength and slew rate ;
; Instruction_WB[16]       ; Missing drive strength and slew rate ;
; Instruction_WB[15]       ; Missing drive strength and slew rate ;
; Instruction_WB[14]       ; Missing drive strength and slew rate ;
; Instruction_WB[13]       ; Missing drive strength and slew rate ;
; Instruction_WB[12]       ; Missing drive strength and slew rate ;
; Instruction_WB[11]       ; Missing drive strength and slew rate ;
; Instruction_WB[10]       ; Missing drive strength and slew rate ;
; Instruction_WB[9]        ; Missing drive strength and slew rate ;
; Instruction_WB[8]        ; Missing drive strength and slew rate ;
; Instruction_WB[7]        ; Missing drive strength and slew rate ;
; Instruction_WB[6]        ; Missing drive strength and slew rate ;
; Instruction_WB[5]        ; Missing drive strength and slew rate ;
; Instruction_WB[4]        ; Missing drive strength and slew rate ;
; Instruction_WB[3]        ; Missing drive strength and slew rate ;
; Instruction_WB[2]        ; Missing drive strength and slew rate ;
; Instruction_WB[1]        ; Missing drive strength and slew rate ;
; Instruction_WB[0]        ; Missing drive strength and slew rate ;
; rsIF[4]                  ; Missing drive strength and slew rate ;
; rsIF[3]                  ; Missing drive strength and slew rate ;
; rsIF[2]                  ; Missing drive strength and slew rate ;
; rsIF[1]                  ; Missing drive strength and slew rate ;
; rsIF[0]                  ; Missing drive strength and slew rate ;
; rtIF[4]                  ; Missing drive strength and slew rate ;
; rtIF[3]                  ; Missing drive strength and slew rate ;
; rtIF[2]                  ; Missing drive strength and slew rate ;
; rtIF[1]                  ; Missing drive strength and slew rate ;
; rtIF[0]                  ; Missing drive strength and slew rate ;
+--------------------------+--------------------------------------+


+---------------------------------------------------------------------------------------------------+
; Incremental Compilation Preservation Summary                                                      ;
+---------------------+---------------------+----------------------------+--------------------------+
; Type                ; Total [A + B]       ; From Design Partitions [A] ; From Rapid Recompile [B] ;
+---------------------+---------------------+----------------------------+--------------------------+
; Placement (by node) ;                     ;                            ;                          ;
;     -- Requested    ; 0.00 % ( 0 / 1114 ) ; 0.00 % ( 0 / 1114 )        ; 0.00 % ( 0 / 1114 )      ;
;     -- Achieved     ; 0.00 % ( 0 / 1114 ) ; 0.00 % ( 0 / 1114 )        ; 0.00 % ( 0 / 1114 )      ;
;                     ;                     ;                            ;                          ;
; Routing (by net)    ;                     ;                            ;                          ;
;     -- Requested    ; 0.00 % ( 0 / 0 )    ; 0.00 % ( 0 / 0 )           ; 0.00 % ( 0 / 0 )         ;
;     -- Achieved     ; 0.00 % ( 0 / 0 )    ; 0.00 % ( 0 / 0 )           ; 0.00 % ( 0 / 0 )         ;
+---------------------+---------------------+----------------------------+--------------------------+


+----------------------------------------------------------------------------------------------------------------------------------------------------------------------------------------+
; Incremental Compilation Partition Settings                                                                                                                                             ;
+--------------------------------+----------------+-------------------+-------------------------+------------------------+------------------------------+--------------------------------+
; Partition Name                 ; Partition Type ; Netlist Type Used ; Preservation Level Used ; Netlist Type Requested ; Preservation Level Requested ; Contents                       ;
+--------------------------------+----------------+-------------------+-------------------------+------------------------+------------------------------+--------------------------------+
; Top                            ; User-created   ; Source File       ; N/A                     ; Source File            ; N/A                          ;                                ;
; hard_block:auto_generated_inst ; Auto-generated ; Source File       ; N/A                     ; Source File            ; N/A                          ; hard_block:auto_generated_inst ;
+--------------------------------+----------------+-------------------+-------------------------+------------------------+------------------------------+--------------------------------+


+------------------------------------------------------------------------------------------------------------------------------------+
; Incremental Compilation Placement Preservation                                                                                     ;
+--------------------------------+-----------------------+-------------------------+-------------------+---------------------+-------+
; Partition Name                 ; Preservation Achieved ; Preservation Level Used ; Netlist Type Used ; Preservation Method ; Notes ;
+--------------------------------+-----------------------+-------------------------+-------------------+---------------------+-------+
; Top                            ; 0.00 % ( 0 / 1104 )   ; N/A                     ; Source File       ; N/A                 ;       ;
; hard_block:auto_generated_inst ; 0.00 % ( 0 / 10 )     ; N/A                     ; Source File       ; N/A                 ;       ;
+--------------------------------+-----------------------+-------------------------+-------------------+---------------------+-------+


+--------------+
; Pin-Out File ;
+--------------+
The pin-out file can be found in C:/Users/jadme/Downloads/MIPS_processor-3d6027f261c21a0ff73975456114cfafef89e094/MIPS_processor-3d6027f261c21a0ff73975456114cfafef89e094/Quartus_project/output_files/Lab2.pin.


+----------------------------------------------------------------------------+
; Fitter Resource Usage Summary                                              ;
+---------------------------------------------+------------------------------+
; Resource                                    ; Usage                        ;
+---------------------------------------------+------------------------------+
; Total logic elements                        ; 447 / 114,480 ( < 1 % )      ;
;     -- Combinational with no register       ; 236                          ;
;     -- Register only                        ; 102                          ;
;     -- Combinational with a register        ; 109                          ;
;                                             ;                              ;
; Logic element usage by number of LUT inputs ;                              ;
;     -- 4 input functions                    ; 245                          ;
;     -- 3 input functions                    ; 66                           ;
;     -- <=2 input functions                  ; 34                           ;
;     -- Register only                        ; 102                          ;
;                                             ;                              ;
; Logic elements by mode                      ;                              ;
;     -- normal mode                          ; 345                          ;
;     -- arithmetic mode                      ; 0                            ;
;                                             ;                              ;
; Total registers*                            ; 211 / 117,053 ( < 1 % )      ;
;     -- Dedicated logic registers            ; 211 / 114,480 ( < 1 % )      ;
;     -- I/O registers                        ; 0 / 2,573 ( 0 % )            ;
;                                             ;                              ;
; Total LABs:  partially or completely used   ; 53 / 7,155 ( < 1 % )         ;
; Virtual pins                                ; 0                            ;
; I/O pins                                    ; 248 / 529 ( 47 % )           ;
;     -- Clock pins                           ; 3 / 7 ( 43 % )               ;
;     -- Dedicated input pins                 ; 0 / 9 ( 0 % )                ;
;                                             ;                              ;
; Global signals                              ; 11                           ;
; M9Ks                                        ; 2 / 432 ( < 1 % )            ;
; Total block memory bits                     ; 10,240 / 3,981,312 ( < 1 % ) ;
; Total block memory implementation bits      ; 18,432 / 3,981,312 ( < 1 % ) ;
; Embedded Multiplier 9-bit elements          ; 0 / 532 ( 0 % )              ;
; PLLs                                        ; 0 / 4 ( 0 % )                ;
; Global clocks                               ; 11 / 20 ( 55 % )             ;
; JTAGs                                       ; 0 / 1 ( 0 % )                ;
; CRC blocks                                  ; 0 / 1 ( 0 % )                ;
; ASMI blocks                                 ; 0 / 1 ( 0 % )                ;
; Impedance control blocks                    ; 0 / 4 ( 0 % )                ;
; Average interconnect usage (total/H/V)      ; 0% / 0% / 0%                 ;
; Peak interconnect usage (total/H/V)         ; 7% / 7% / 6%                 ;
; Maximum fan-out                             ; 208                          ;
; Highest non-global fan-out                  ; 64                           ;
; Total fan-out                               ; 2353                         ;
; Average fan-out                             ; 2.01                         ;
+---------------------------------------------+------------------------------+
*  Register count does not include registers inside RAM blocks or DSP blocks.



+-------------------------------------------------------------------------------------------------------+
; Fitter Partition Statistics                                                                           ;
+---------------------------------------------+------------------------+--------------------------------+
; Statistic                                   ; Top                    ; hard_block:auto_generated_inst ;
+---------------------------------------------+------------------------+--------------------------------+
; Difficulty Clustering Region                ; Low                    ; Low                            ;
;                                             ;                        ;                                ;
; Total logic elements                        ; 447 / 114480 ( < 1 % ) ; 0 / 114480 ( 0 % )             ;
;     -- Combinational with no register       ; 236                    ; 0                              ;
;     -- Register only                        ; 102                    ; 0                              ;
;     -- Combinational with a register        ; 109                    ; 0                              ;
;                                             ;                        ;                                ;
; Logic element usage by number of LUT inputs ;                        ;                                ;
;     -- 4 input functions                    ; 245                    ; 0                              ;
;     -- 3 input functions                    ; 66                     ; 0                              ;
;     -- <=2 input functions                  ; 34                     ; 0                              ;
;     -- Register only                        ; 102                    ; 0                              ;
;                                             ;                        ;                                ;
; Logic elements by mode                      ;                        ;                                ;
;     -- normal mode                          ; 345                    ; 0                              ;
;     -- arithmetic mode                      ; 0                      ; 0                              ;
;                                             ;                        ;                                ;
; Total registers                             ; 211                    ; 0                              ;
;     -- Dedicated logic registers            ; 211 / 114480 ( < 1 % ) ; 0 / 114480 ( 0 % )             ;
;     -- I/O registers                        ; 0                      ; 0                              ;
;                                             ;                        ;                                ;
; Total LABs:  partially or completely used   ; 53 / 7155 ( < 1 % )    ; 0 / 7155 ( 0 % )               ;
;                                             ;                        ;                                ;
; Virtual pins                                ; 0                      ; 0                              ;
; I/O pins                                    ; 248                    ; 0                              ;
; Embedded Multiplier 9-bit elements          ; 0 / 532 ( 0 % )        ; 0 / 532 ( 0 % )                ;
; Total memory bits                           ; 10240                  ; 0                              ;
; Total RAM block bits                        ; 18432                  ; 0                              ;
; M9K                                         ; 2 / 432 ( < 1 % )      ; 0 / 432 ( 0 % )                ;
; Clock control block                         ; 11 / 24 ( 45 % )       ; 0 / 24 ( 0 % )                 ;
;                                             ;                        ;                                ;
; Connections                                 ;                        ;                                ;
;     -- Input Connections                    ; 0                      ; 0                              ;
;     -- Registered Input Connections         ; 0                      ; 0                              ;
;     -- Output Connections                   ; 0                      ; 0                              ;
;     -- Registered Output Connections        ; 0                      ; 0                              ;
;                                             ;                        ;                                ;
; Internal Connections                        ;                        ;                                ;
;     -- Total Connections                    ; 2349                   ; 5                              ;
;     -- Registered Connections               ; 721                    ; 0                              ;
;                                             ;                        ;                                ;
; External Connections                        ;                        ;                                ;
;     -- Top                                  ; 0                      ; 0                              ;
;     -- hard_block:auto_generated_inst       ; 0                      ; 0                              ;
;                                             ;                        ;                                ;
; Partition Interface                         ;                        ;                                ;
;     -- Input Ports                          ; 3                      ; 0                              ;
;     -- Output Ports                         ; 245                    ; 0                              ;
;     -- Bidir Ports                          ; 0                      ; 0                              ;
;                                             ;                        ;                                ;
; Registered Ports                            ;                        ;                                ;
;     -- Registered Input Ports               ; 0                      ; 0                              ;
;     -- Registered Output Ports              ; 0                      ; 0                              ;
;                                             ;                        ;                                ;
; Port Connectivity                           ;                        ;                                ;
;     -- Input Ports driven by GND            ; 0                      ; 0                              ;
;     -- Output Ports driven by GND           ; 0                      ; 0                              ;
;     -- Input Ports driven by VCC            ; 0                      ; 0                              ;
;     -- Output Ports driven by VCC           ; 0                      ; 0                              ;
;     -- Input Ports with no Source           ; 0                      ; 0                              ;
;     -- Output Ports with no Source          ; 0                      ; 0                              ;
;     -- Input Ports with no Fanout           ; 0                      ; 0                              ;
;     -- Output Ports with no Fanout          ; 0                      ; 0                              ;
+---------------------------------------------+------------------------+--------------------------------+


+--------------------------------------------------------------------------------------------------------------------------------------------------------------------------------------------------------------------------------------------------------------------------------+
; Input Pins                                                                                                                                                                                                                                                                     ;
+-----------+-------+----------+--------------+--------------+--------------+-----------------------+--------------------+--------+----------------+---------------+-----------------+----------+--------------+--------------+---------------------------+----------------------+
; Name      ; Pin # ; I/O Bank ; X coordinate ; Y coordinate ; Z coordinate ; Combinational Fan-Out ; Registered Fan-Out ; Global ; Input Register ; Power Up High ; PCI I/O Enabled ; Bus Hold ; Weak Pull Up ; I/O Standard ; Termination Control Block ; Location assigned by ;
+-----------+-------+----------+--------------+--------------+--------------+-----------------------+--------------------+--------+----------------+---------------+-----------------+----------+--------------+--------------+---------------------------+----------------------+
; GClock    ; J1    ; 1        ; 0            ; 36           ; 7            ; 211                   ; 0                  ; yes    ; no             ; no            ; yes             ; no       ; Off          ; 2.5 V        ; --                        ; Fitter               ;
; GReset    ; AH14  ; 3        ; 58           ; 0            ; 14           ; 71                    ; 0                  ; yes    ; no             ; no            ; yes             ; no       ; Off          ; 2.5 V        ; --                        ; Fitter               ;
; RAM_Clock ; Y2    ; 2        ; 0            ; 36           ; 14           ; 2                     ; 0                  ; yes    ; no             ; no            ; yes             ; no       ; Off          ; 2.5 V        ; --                        ; Fitter               ;
+-----------+-------+----------+--------------+--------------+--------------+-----------------------+--------------------+--------+----------------+---------------+-----------------+----------+--------------+--------------+---------------------------+----------------------+


+---------------------------------------------------------------------------------------------------------------------------------------------------------------------------------------------------------------------------------------------------------------------------------------------------------------------------------------------------------------------------------------------------------------------------------------------------------------------------+
; Output Pins                                                                                                                                                                                                                                                                                                                                                                                                                                                               ;
+--------------------------+-------+----------+--------------+--------------+--------------+-----------------+------------------------+---------------+-----------+-----------------+------------+---------------+----------+--------------+--------------+------------------+-----------------------------------+---------------------------+----------------------------+-----------------------------+----------------------+----------------------+---------------------+
; Name                     ; Pin # ; I/O Bank ; X coordinate ; Y coordinate ; Z coordinate ; Output Register ; Output Enable Register ; Power Up High ; Slew Rate ; PCI I/O Enabled ; Open Drain ; TRI Primitive ; Bus Hold ; Weak Pull Up ; I/O Standard ; Current Strength ; Termination                       ; Termination Control Block ; Output Buffer Pre-emphasis ; Voltage Output Differential ; Location assigned by ; Output Enable Source ; Output Enable Group ;
+--------------------------+-------+----------+--------------+--------------+--------------+-----------------+------------------------+---------------+-----------+-----------------+------------+---------------+----------+--------------+--------------+------------------+-----------------------------------+---------------------------+----------------------------+-----------------------------+----------------------+----------------------+---------------------+
; ALUResultEX[0]           ; F27   ; 6        ; 115          ; 56           ; 14           ; no              ; no                     ; no            ; 2         ; no              ; no         ; no            ; no       ; Off          ; 2.5 V        ; Default          ; Series 50 Ohm without Calibration ; --                        ; no                         ; no                          ; Fitter               ; -                    ; -                   ;
; ALUResultEX[1]           ; W25   ; 5        ; 115          ; 20           ; 7            ; no              ; no                     ; no            ; 2         ; no              ; no         ; no            ; no       ; Off          ; 2.5 V        ; Default          ; Series 50 Ohm without Calibration ; --                        ; no                         ; no                          ; Fitter               ; -                    ; -                   ;
; ALUResultEX[2]           ; H19   ; 7        ; 72           ; 73           ; 0            ; no              ; no                     ; no            ; 2         ; no              ; no         ; no            ; no       ; Off          ; 2.5 V        ; Default          ; Series 50 Ohm without Calibration ; --                        ; no                         ; no                          ; Fitter               ; -                    ; -                   ;
; ALUResultEX[3]           ; AC8   ; 3        ; 18           ; 0            ; 21           ; no              ; no                     ; no            ; 2         ; no              ; no         ; no            ; no       ; Off          ; 2.5 V        ; Default          ; Series 50 Ohm without Calibration ; --                        ; no                         ; no                          ; Fitter               ; -                    ; -                   ;
; ALUResultEX[4]           ; AB28  ; 5        ; 115          ; 17           ; 0            ; no              ; no                     ; no            ; 2         ; no              ; no         ; no            ; no       ; Off          ; 2.5 V        ; Default          ; Series 50 Ohm without Calibration ; --                        ; no                         ; no                          ; Fitter               ; -                    ; -                   ;
; ALUResultEX[5]           ; AF14  ; 3        ; 49           ; 0            ; 14           ; no              ; no                     ; no            ; 2         ; no              ; no         ; no            ; no       ; Off          ; 2.5 V        ; Default          ; Series 50 Ohm without Calibration ; --                        ; no                         ; no                          ; Fitter               ; -                    ; -                   ;
; ALUResultEX[6]           ; H21   ; 7        ; 72           ; 73           ; 14           ; no              ; no                     ; no            ; 2         ; no              ; no         ; no            ; no       ; Off          ; 2.5 V        ; Default          ; Series 50 Ohm without Calibration ; --                        ; no                         ; no                          ; Fitter               ; -                    ; -                   ;
; ALUResultEX[7]           ; G17   ; 7        ; 83           ; 73           ; 21           ; no              ; no                     ; no            ; 2         ; no              ; no         ; no            ; no       ; Off          ; 2.5 V        ; Default          ; Series 50 Ohm without Calibration ; --                        ; no                         ; no                          ; Fitter               ; -                    ; -                   ;
; ALU_Control[0]           ; Y4    ; 2        ; 0            ; 24           ; 7            ; no              ; no                     ; no            ; 2         ; no              ; no         ; no            ; no       ; Off          ; 2.5 V        ; Default          ; Series 50 Ohm without Calibration ; --                        ; no                         ; no                          ; Fitter               ; -                    ; -                   ;
; ALU_Control[1]           ; AH21  ; 4        ; 74           ; 0            ; 0            ; no              ; no                     ; no            ; 2         ; no              ; no         ; no            ; no       ; Off          ; 2.5 V        ; Default          ; Series 50 Ohm without Calibration ; --                        ; no                         ; no                          ; Fitter               ; -                    ; -                   ;
; ALU_Control[2]           ; G21   ; 7        ; 74           ; 73           ; 21           ; no              ; no                     ; no            ; 2         ; no              ; no         ; no            ; no       ; Off          ; 2.5 V        ; Default          ; Series 50 Ohm without Calibration ; --                        ; no                         ; no                          ; Fitter               ; -                    ; -                   ;
; ALUop1[0]                ; U23   ; 5        ; 115          ; 22           ; 0            ; no              ; no                     ; no            ; 2         ; no              ; no         ; no            ; no       ; Off          ; 2.5 V        ; Default          ; Series 50 Ohm without Calibration ; --                        ; no                         ; no                          ; Fitter               ; -                    ; -                   ;
; ALUop1[1]                ; AG21  ; 4        ; 74           ; 0            ; 7            ; no              ; no                     ; no            ; 2         ; no              ; no         ; no            ; no       ; Off          ; 2.5 V        ; Default          ; Series 50 Ohm without Calibration ; --                        ; no                         ; no                          ; Fitter               ; -                    ; -                   ;
; ALUop1[2]                ; AB15  ; 4        ; 67           ; 0            ; 14           ; no              ; no                     ; no            ; 2         ; no              ; no         ; no            ; no       ; Off          ; 2.5 V        ; Default          ; Series 50 Ohm without Calibration ; --                        ; no                         ; no                          ; Fitter               ; -                    ; -                   ;
; ALUop1[3]                ; H25   ; 6        ; 115          ; 58           ; 14           ; no              ; no                     ; no            ; 2         ; no              ; no         ; no            ; no       ; Off          ; 2.5 V        ; Default          ; Series 50 Ohm without Calibration ; --                        ; no                         ; no                          ; Fitter               ; -                    ; -                   ;
; ALUop1[4]                ; AH12  ; 3        ; 54           ; 0            ; 0            ; no              ; no                     ; no            ; 2         ; no              ; no         ; no            ; no       ; Off          ; 2.5 V        ; Default          ; Series 50 Ohm without Calibration ; --                        ; no                         ; no                          ; Fitter               ; -                    ; -                   ;
; ALUop1[5]                ; Y16   ; 4        ; 96           ; 0            ; 14           ; no              ; no                     ; no            ; 2         ; no              ; no         ; no            ; no       ; Off          ; 2.5 V        ; Default          ; Series 50 Ohm without Calibration ; --                        ; no                         ; no                          ; Fitter               ; -                    ; -                   ;
; ALUop1[6]                ; AA15  ; 4        ; 67           ; 0            ; 21           ; no              ; no                     ; no            ; 2         ; no              ; no         ; no            ; no       ; Off          ; 2.5 V        ; Default          ; Series 50 Ohm without Calibration ; --                        ; no                         ; no                          ; Fitter               ; -                    ; -                   ;
; ALUop1[7]                ; W28   ; 5        ; 115          ; 21           ; 14           ; no              ; no                     ; no            ; 2         ; no              ; no         ; no            ; no       ; Off          ; 2.5 V        ; Default          ; Series 50 Ohm without Calibration ; --                        ; no                         ; no                          ; Fitter               ; -                    ; -                   ;
; ALUop2[0]                ; AF17  ; 4        ; 67           ; 0            ; 0            ; no              ; no                     ; no            ; 2         ; no              ; no         ; no            ; no       ; Off          ; 2.5 V        ; Default          ; Series 50 Ohm without Calibration ; --                        ; no                         ; no                          ; Fitter               ; -                    ; -                   ;
; ALUop2[1]                ; AA13  ; 3        ; 52           ; 0            ; 0            ; no              ; no                     ; no            ; 2         ; no              ; no         ; no            ; no       ; Off          ; 2.5 V        ; Default          ; Series 50 Ohm without Calibration ; --                        ; no                         ; no                          ; Fitter               ; -                    ; -                   ;
; ALUop2[2]                ; AE16  ; 4        ; 65           ; 0            ; 21           ; no              ; no                     ; no            ; 2         ; no              ; no         ; no            ; no       ; Off          ; 2.5 V        ; Default          ; Series 50 Ohm without Calibration ; --                        ; no                         ; no                          ; Fitter               ; -                    ; -                   ;
; ALUop2[3]                ; D19   ; 7        ; 83           ; 73           ; 14           ; no              ; no                     ; no            ; 2         ; no              ; no         ; no            ; no       ; Off          ; 2.5 V        ; Default          ; Series 50 Ohm without Calibration ; --                        ; no                         ; no                          ; Fitter               ; -                    ; -                   ;
; ALUop2[4]                ; G20   ; 7        ; 74           ; 73           ; 14           ; no              ; no                     ; no            ; 2         ; no              ; no         ; no            ; no       ; Off          ; 2.5 V        ; Default          ; Series 50 Ohm without Calibration ; --                        ; no                         ; no                          ; Fitter               ; -                    ; -                   ;
; ALUop2[5]                ; AE17  ; 4        ; 67           ; 0            ; 7            ; no              ; no                     ; no            ; 2         ; no              ; no         ; no            ; no       ; Off          ; 2.5 V        ; Default          ; Series 50 Ohm without Calibration ; --                        ; no                         ; no                          ; Fitter               ; -                    ; -                   ;
; ALUop2[6]                ; AC12  ; 3        ; 45           ; 0            ; 21           ; no              ; no                     ; no            ; 2         ; no              ; no         ; no            ; no       ; Off          ; 2.5 V        ; Default          ; Series 50 Ohm without Calibration ; --                        ; no                         ; no                          ; Fitter               ; -                    ; -                   ;
; ALUop2[7]                ; AG10  ; 3        ; 31           ; 0            ; 7            ; no              ; no                     ; no            ; 2         ; no              ; no         ; no            ; no       ; Off          ; 2.5 V        ; Default          ; Series 50 Ohm without Calibration ; --                        ; no                         ; no                          ; Fitter               ; -                    ; -                   ;
; Address_to_w_r_MEM[0]    ; V25   ; 5        ; 115          ; 23           ; 0            ; no              ; no                     ; no            ; 2         ; no              ; no         ; no            ; no       ; Off          ; 2.5 V        ; Default          ; Series 50 Ohm without Calibration ; --                        ; no                         ; no                          ; Fitter               ; -                    ; -                   ;
; Address_to_w_r_MEM[1]    ; AH23  ; 4        ; 81           ; 0            ; 14           ; no              ; no                     ; no            ; 2         ; no              ; no         ; no            ; no       ; Off          ; 2.5 V        ; Default          ; Series 50 Ohm without Calibration ; --                        ; no                         ; no                          ; Fitter               ; -                    ; -                   ;
; Address_to_w_r_MEM[2]    ; AF19  ; 4        ; 83           ; 0            ; 14           ; no              ; no                     ; no            ; 2         ; no              ; no         ; no            ; no       ; Off          ; 2.5 V        ; Default          ; Series 50 Ohm without Calibration ; --                        ; no                         ; no                          ; Fitter               ; -                    ; -                   ;
; Address_to_w_r_MEM[3]    ; V24   ; 5        ; 115          ; 24           ; 7            ; no              ; no                     ; no            ; 2         ; no              ; no         ; no            ; no       ; Off          ; 2.5 V        ; Default          ; Series 50 Ohm without Calibration ; --                        ; no                         ; no                          ; Fitter               ; -                    ; -                   ;
; Address_to_w_r_MEM[4]    ; AF24  ; 4        ; 83           ; 0            ; 7            ; no              ; no                     ; no            ; 2         ; no              ; no         ; no            ; no       ; Off          ; 2.5 V        ; Default          ; Series 50 Ohm without Calibration ; --                        ; no                         ; no                          ; Fitter               ; -                    ; -                   ;
; Address_to_w_r_MEM[5]    ; V26   ; 5        ; 115          ; 23           ; 7            ; no              ; no                     ; no            ; 2         ; no              ; no         ; no            ; no       ; Off          ; 2.5 V        ; Default          ; Series 50 Ohm without Calibration ; --                        ; no                         ; no                          ; Fitter               ; -                    ; -                   ;
; Address_to_w_r_MEM[6]    ; W21   ; 5        ; 115          ; 25           ; 21           ; no              ; no                     ; no            ; 2         ; no              ; no         ; no            ; no       ; Off          ; 2.5 V        ; Default          ; Series 50 Ohm without Calibration ; --                        ; no                         ; no                          ; Fitter               ; -                    ; -                   ;
; Address_to_w_r_MEM[7]    ; C17   ; 7        ; 81           ; 73           ; 0            ; no              ; no                     ; no            ; 2         ; no              ; no         ; no            ; no       ; Off          ; 2.5 V        ; Default          ; Series 50 Ohm without Calibration ; --                        ; no                         ; no                          ; Fitter               ; -                    ; -                   ;
; DataRS[0]                ; M26   ; 6        ; 115          ; 46           ; 0            ; no              ; no                     ; no            ; 2         ; no              ; no         ; no            ; no       ; Off          ; 2.5 V        ; Default          ; Series 50 Ohm without Calibration ; --                        ; no                         ; no                          ; Fitter               ; -                    ; -                   ;
; DataRS[1]                ; AF21  ; 4        ; 87           ; 0            ; 21           ; no              ; no                     ; no            ; 2         ; no              ; no         ; no            ; no       ; Off          ; 2.5 V        ; Default          ; Series 50 Ohm without Calibration ; --                        ; no                         ; no                          ; Fitter               ; -                    ; -                   ;
; DataRS[2]                ; L28   ; 6        ; 115          ; 47           ; 14           ; no              ; no                     ; no            ; 2         ; no              ; no         ; no            ; no       ; Off          ; 2.5 V        ; Default          ; Series 50 Ohm without Calibration ; --                        ; no                         ; no                          ; Fitter               ; -                    ; -                   ;
; DataRS[3]                ; AA17  ; 4        ; 89           ; 0            ; 21           ; no              ; no                     ; no            ; 2         ; no              ; no         ; no            ; no       ; Off          ; 2.5 V        ; Default          ; Series 50 Ohm without Calibration ; --                        ; no                         ; no                          ; Fitter               ; -                    ; -                   ;
; DataRS[4]                ; M25   ; 6        ; 115          ; 47           ; 21           ; no              ; no                     ; no            ; 2         ; no              ; no         ; no            ; no       ; Off          ; 2.5 V        ; Default          ; Series 50 Ohm without Calibration ; --                        ; no                         ; no                          ; Fitter               ; -                    ; -                   ;
; DataRS[5]                ; R28   ; 5        ; 115          ; 34           ; 21           ; no              ; no                     ; no            ; 2         ; no              ; no         ; no            ; no       ; Off          ; 2.5 V        ; Default          ; Series 50 Ohm without Calibration ; --                        ; no                         ; no                          ; Fitter               ; -                    ; -                   ;
; DataRS[6]                ; U21   ; 5        ; 115          ; 29           ; 0            ; no              ; no                     ; no            ; 2         ; no              ; no         ; no            ; no       ; Off          ; 2.5 V        ; Default          ; Series 50 Ohm without Calibration ; --                        ; no                         ; no                          ; Fitter               ; -                    ; -                   ;
; DataRS[7]                ; F18   ; 7        ; 87           ; 73           ; 14           ; no              ; no                     ; no            ; 2         ; no              ; no         ; no            ; no       ; Off          ; 2.5 V        ; Default          ; Series 50 Ohm without Calibration ; --                        ; no                         ; no                          ; Fitter               ; -                    ; -                   ;
; DataRT[0]                ; T25   ; 5        ; 115          ; 31           ; 0            ; no              ; no                     ; no            ; 2         ; no              ; no         ; no            ; no       ; Off          ; 2.5 V        ; Default          ; Series 50 Ohm without Calibration ; --                        ; no                         ; no                          ; Fitter               ; -                    ; -                   ;
; DataRT[1]                ; W26   ; 5        ; 115          ; 19           ; 0            ; no              ; no                     ; no            ; 2         ; no              ; no         ; no            ; no       ; Off          ; 2.5 V        ; Default          ; Series 50 Ohm without Calibration ; --                        ; no                         ; no                          ; Fitter               ; -                    ; -                   ;
; DataRT[2]                ; AF22  ; 4        ; 96           ; 0            ; 0            ; no              ; no                     ; no            ; 2         ; no              ; no         ; no            ; no       ; Off          ; 2.5 V        ; Default          ; Series 50 Ohm without Calibration ; --                        ; no                         ; no                          ; Fitter               ; -                    ; -                   ;
; DataRT[3]                ; U26   ; 5        ; 115          ; 27           ; 7            ; no              ; no                     ; no            ; 2         ; no              ; no         ; no            ; no       ; Off          ; 2.5 V        ; Default          ; Series 50 Ohm without Calibration ; --                        ; no                         ; no                          ; Fitter               ; -                    ; -                   ;
; DataRT[4]                ; T21   ; 5        ; 115          ; 32           ; 0            ; no              ; no                     ; no            ; 2         ; no              ; no         ; no            ; no       ; Off          ; 2.5 V        ; Default          ; Series 50 Ohm without Calibration ; --                        ; no                         ; no                          ; Fitter               ; -                    ; -                   ;
; DataRT[5]                ; L26   ; 6        ; 115          ; 50           ; 0            ; no              ; no                     ; no            ; 2         ; no              ; no         ; no            ; no       ; Off          ; 2.5 V        ; Default          ; Series 50 Ohm without Calibration ; --                        ; no                         ; no                          ; Fitter               ; -                    ; -                   ;
; DataRT[6]                ; AH25  ; 4        ; 91           ; 0            ; 14           ; no              ; no                     ; no            ; 2         ; no              ; no         ; no            ; no       ; Off          ; 2.5 V        ; Default          ; Series 50 Ohm without Calibration ; --                        ; no                         ; no                          ; Fitter               ; -                    ; -                   ;
; DataRT[7]                ; AC1   ; 2        ; 0            ; 23           ; 14           ; no              ; no                     ; no            ; 2         ; no              ; no         ; no            ; no       ; Off          ; 2.5 V        ; Default          ; Series 50 Ohm without Calibration ; --                        ; no                         ; no                          ; Fitter               ; -                    ; -                   ;
; Data_from_address_MEM[0] ; AD14  ; 3        ; 56           ; 0            ; 14           ; no              ; no                     ; no            ; 2         ; no              ; no         ; no            ; no       ; Off          ; 2.5 V        ; Default          ; Series 50 Ohm without Calibration ; --                        ; no                         ; no                          ; Fitter               ; -                    ; -                   ;
; Data_from_address_MEM[1] ; C20   ; 7        ; 85           ; 73           ; 7            ; no              ; no                     ; no            ; 2         ; no              ; no         ; no            ; no       ; Off          ; 2.5 V        ; Default          ; Series 50 Ohm without Calibration ; --                        ; no                         ; no                          ; Fitter               ; -                    ; -                   ;
; Data_from_address_MEM[2] ; Y23   ; 5        ; 115          ; 14           ; 7            ; no              ; no                     ; no            ; 2         ; no              ; no         ; no            ; no       ; Off          ; 2.5 V        ; Default          ; Series 50 Ohm without Calibration ; --                        ; no                         ; no                          ; Fitter               ; -                    ; -                   ;
; Data_from_address_MEM[3] ; V28   ; 5        ; 115          ; 22           ; 21           ; no              ; no                     ; no            ; 2         ; no              ; no         ; no            ; no       ; Off          ; 2.5 V        ; Default          ; Series 50 Ohm without Calibration ; --                        ; no                         ; no                          ; Fitter               ; -                    ; -                   ;
; Data_from_address_MEM[4] ; Y13   ; 3        ; 52           ; 0            ; 7            ; no              ; no                     ; no            ; 2         ; no              ; no         ; no            ; no       ; Off          ; 2.5 V        ; Default          ; Series 50 Ohm without Calibration ; --                        ; no                         ; no                          ; Fitter               ; -                    ; -                   ;
; Data_from_address_MEM[5] ; AB27  ; 5        ; 115          ; 18           ; 7            ; no              ; no                     ; no            ; 2         ; no              ; no         ; no            ; no       ; Off          ; 2.5 V        ; Default          ; Series 50 Ohm without Calibration ; --                        ; no                         ; no                          ; Fitter               ; -                    ; -                   ;
; Data_from_address_MEM[6] ; U5    ; 2        ; 0            ; 24           ; 0            ; no              ; no                     ; no            ; 2         ; no              ; no         ; no            ; no       ; Off          ; 2.5 V        ; Default          ; Series 50 Ohm without Calibration ; --                        ; no                         ; no                          ; Fitter               ; -                    ; -                   ;
; Data_from_address_MEM[7] ; AD19  ; 4        ; 94           ; 0            ; 0            ; no              ; no                     ; no            ; 2         ; no              ; no         ; no            ; no       ; Off          ; 2.5 V        ; Default          ; Series 50 Ohm without Calibration ; --                        ; no                         ; no                          ; Fitter               ; -                    ; -                   ;
; Data_goingtobe[0]        ; U28   ; 5        ; 115          ; 28           ; 0            ; no              ; no                     ; no            ; 2         ; no              ; no         ; no            ; no       ; Off          ; 2.5 V        ; Default          ; Series 50 Ohm without Calibration ; --                        ; no                         ; no                          ; Fitter               ; -                    ; -                   ;
; Data_goingtobe[1]        ; AE19  ; 4        ; 83           ; 0            ; 21           ; no              ; no                     ; no            ; 2         ; no              ; no         ; no            ; no       ; Off          ; 2.5 V        ; Default          ; Series 50 Ohm without Calibration ; --                        ; no                         ; no                          ; Fitter               ; -                    ; -                   ;
; Data_goingtobe[2]        ; AG23  ; 4        ; 81           ; 0            ; 21           ; no              ; no                     ; no            ; 2         ; no              ; no         ; no            ; no       ; Off          ; 2.5 V        ; Default          ; Series 50 Ohm without Calibration ; --                        ; no                         ; no                          ; Fitter               ; -                    ; -                   ;
; Data_goingtobe[3]        ; AH22  ; 4        ; 79           ; 0            ; 0            ; no              ; no                     ; no            ; 2         ; no              ; no         ; no            ; no       ; Off          ; 2.5 V        ; Default          ; Series 50 Ohm without Calibration ; --                        ; no                         ; no                          ; Fitter               ; -                    ; -                   ;
; Data_goingtobe[4]        ; D17   ; 7        ; 81           ; 73           ; 7            ; no              ; no                     ; no            ; 2         ; no              ; no         ; no            ; no       ; Off          ; 2.5 V        ; Default          ; Series 50 Ohm without Calibration ; --                        ; no                         ; no                          ; Fitter               ; -                    ; -                   ;
; Data_goingtobe[5]        ; AD17  ; 4        ; 74           ; 0            ; 14           ; no              ; no                     ; no            ; 2         ; no              ; no         ; no            ; no       ; Off          ; 2.5 V        ; Default          ; Series 50 Ohm without Calibration ; --                        ; no                         ; no                          ; Fitter               ; -                    ; -                   ;
; Data_goingtobe[6]        ; U25   ; 5        ; 115          ; 27           ; 0            ; no              ; no                     ; no            ; 2         ; no              ; no         ; no            ; no       ; Off          ; 2.5 V        ; Default          ; Series 50 Ohm without Calibration ; --                        ; no                         ; no                          ; Fitter               ; -                    ; -                   ;
; Data_goingtobe[7]        ; AF25  ; 4        ; 83           ; 0            ; 0            ; no              ; no                     ; no            ; 2         ; no              ; no         ; no            ; no       ; Off          ; 2.5 V        ; Default          ; Series 50 Ohm without Calibration ; --                        ; no                         ; no                          ; Fitter               ; -                    ; -                   ;
; Instruction_EX[0]        ; G18   ; 7        ; 69           ; 73           ; 21           ; no              ; no                     ; no            ; 2         ; no              ; no         ; no            ; no       ; Off          ; 2.5 V        ; Default          ; Series 50 Ohm without Calibration ; --                        ; no                         ; no                          ; Fitter               ; -                    ; -                   ;
; Instruction_EX[10]       ; AB19  ; 4        ; 98           ; 0            ; 21           ; no              ; no                     ; no            ; 2         ; no              ; no         ; no            ; no       ; Off          ; 2.5 V        ; Default          ; Series 50 Ohm without Calibration ; --                        ; no                         ; no                          ; Fitter               ; -                    ; -                   ;
; Instruction_EX[11]       ; AF16  ; 4        ; 65           ; 0            ; 14           ; no              ; no                     ; no            ; 2         ; no              ; no         ; no            ; no       ; Off          ; 2.5 V        ; Default          ; Series 50 Ohm without Calibration ; --                        ; no                         ; no                          ; Fitter               ; -                    ; -                   ;
; Instruction_EX[12]       ; AE24  ; 4        ; 100          ; 0            ; 14           ; no              ; no                     ; no            ; 2         ; no              ; no         ; no            ; no       ; Off          ; 2.5 V        ; Default          ; Series 50 Ohm without Calibration ; --                        ; no                         ; no                          ; Fitter               ; -                    ; -                   ;
; Instruction_EX[13]       ; AC11  ; 3        ; 49           ; 0            ; 7            ; no              ; no                     ; no            ; 2         ; no              ; no         ; no            ; no       ; Off          ; 2.5 V        ; Default          ; Series 50 Ohm without Calibration ; --                        ; no                         ; no                          ; Fitter               ; -                    ; -                   ;
; Instruction_EX[14]       ; N25   ; 6        ; 115          ; 45           ; 21           ; no              ; no                     ; no            ; 2         ; no              ; no         ; no            ; no       ; Off          ; 2.5 V        ; Default          ; Series 50 Ohm without Calibration ; --                        ; no                         ; no                          ; Fitter               ; -                    ; -                   ;
; Instruction_EX[15]       ; AA25  ; 5        ; 115          ; 17           ; 7            ; no              ; no                     ; no            ; 2         ; no              ; no         ; no            ; no       ; Off          ; 2.5 V        ; Default          ; Series 50 Ohm without Calibration ; --                        ; no                         ; no                          ; Fitter               ; -                    ; -                   ;
; Instruction_EX[16]       ; AA22  ; 5        ; 115          ; 6            ; 14           ; no              ; no                     ; no            ; 2         ; no              ; no         ; no            ; no       ; Off          ; 2.5 V        ; Default          ; Series 50 Ohm without Calibration ; --                        ; no                         ; no                          ; Fitter               ; -                    ; -                   ;
; Instruction_EX[17]       ; V21   ; 5        ; 115          ; 25           ; 14           ; no              ; no                     ; no            ; 2         ; no              ; no         ; no            ; no       ; Off          ; 2.5 V        ; Default          ; Series 50 Ohm without Calibration ; --                        ; no                         ; no                          ; Fitter               ; -                    ; -                   ;
; Instruction_EX[18]       ; L27   ; 6        ; 115          ; 48           ; 7            ; no              ; no                     ; no            ; 2         ; no              ; no         ; no            ; no       ; Off          ; 2.5 V        ; Default          ; Series 50 Ohm without Calibration ; --                        ; no                         ; no                          ; Fitter               ; -                    ; -                   ;
; Instruction_EX[19]       ; B18   ; 7        ; 79           ; 73           ; 7            ; no              ; no                     ; no            ; 2         ; no              ; no         ; no            ; no       ; Off          ; 2.5 V        ; Default          ; Series 50 Ohm without Calibration ; --                        ; no                         ; no                          ; Fitter               ; -                    ; -                   ;
; Instruction_EX[1]        ; AB26  ; 5        ; 115          ; 15           ; 0            ; no              ; no                     ; no            ; 2         ; no              ; no         ; no            ; no       ; Off          ; 2.5 V        ; Default          ; Series 50 Ohm without Calibration ; --                        ; no                         ; no                          ; Fitter               ; -                    ; -                   ;
; Instruction_EX[20]       ; AD11  ; 3        ; 49           ; 0            ; 0            ; no              ; no                     ; no            ; 2         ; no              ; no         ; no            ; no       ; Off          ; 2.5 V        ; Default          ; Series 50 Ohm without Calibration ; --                        ; no                         ; no                          ; Fitter               ; -                    ; -                   ;
; Instruction_EX[21]       ; AE23  ; 4        ; 105          ; 0            ; 14           ; no              ; no                     ; no            ; 2         ; no              ; no         ; no            ; no       ; Off          ; 2.5 V        ; Default          ; Series 50 Ohm without Calibration ; --                        ; no                         ; no                          ; Fitter               ; -                    ; -                   ;
; Instruction_EX[22]       ; AC22  ; 4        ; 109          ; 0            ; 0            ; no              ; no                     ; no            ; 2         ; no              ; no         ; no            ; no       ; Off          ; 2.5 V        ; Default          ; Series 50 Ohm without Calibration ; --                        ; no                         ; no                          ; Fitter               ; -                    ; -                   ;
; Instruction_EX[23]       ; AA21  ; 4        ; 111          ; 0            ; 0            ; no              ; no                     ; no            ; 2         ; no              ; no         ; no            ; no       ; Off          ; 2.5 V        ; Default          ; Series 50 Ohm without Calibration ; --                        ; no                         ; no                          ; Fitter               ; -                    ; -                   ;
; Instruction_EX[24]       ; AC26  ; 5        ; 115          ; 11           ; 7            ; no              ; no                     ; no            ; 2         ; no              ; no         ; no            ; no       ; Off          ; 2.5 V        ; Default          ; Series 50 Ohm without Calibration ; --                        ; no                         ; no                          ; Fitter               ; -                    ; -                   ;
; Instruction_EX[25]       ; AE28  ; 5        ; 115          ; 11           ; 0            ; no              ; no                     ; no            ; 2         ; no              ; no         ; no            ; no       ; Off          ; 2.5 V        ; Default          ; Series 50 Ohm without Calibration ; --                        ; no                         ; no                          ; Fitter               ; -                    ; -                   ;
; Instruction_EX[26]       ; M23   ; 6        ; 115          ; 40           ; 7            ; no              ; no                     ; no            ; 2         ; no              ; no         ; no            ; no       ; Off          ; 2.5 V        ; Default          ; Series 50 Ohm without Calibration ; --                        ; no                         ; no                          ; Fitter               ; -                    ; -                   ;
; Instruction_EX[27]       ; K25   ; 6        ; 115          ; 55           ; 14           ; no              ; no                     ; no            ; 2         ; no              ; no         ; no            ; no       ; Off          ; 2.5 V        ; Default          ; Series 50 Ohm without Calibration ; --                        ; no                         ; no                          ; Fitter               ; -                    ; -                   ;
; Instruction_EX[28]       ; AE8   ; 3        ; 23           ; 0            ; 21           ; no              ; no                     ; no            ; 2         ; no              ; no         ; no            ; no       ; Off          ; 2.5 V        ; Default          ; Series 50 Ohm without Calibration ; --                        ; no                         ; no                          ; Fitter               ; -                    ; -                   ;
; Instruction_EX[29]       ; AF11  ; 3        ; 35           ; 0            ; 14           ; no              ; no                     ; no            ; 2         ; no              ; no         ; no            ; no       ; Off          ; 2.5 V        ; Default          ; Series 50 Ohm without Calibration ; --                        ; no                         ; no                          ; Fitter               ; -                    ; -                   ;
; Instruction_EX[2]        ; Y26   ; 5        ; 115          ; 18           ; 0            ; no              ; no                     ; no            ; 2         ; no              ; no         ; no            ; no       ; Off          ; 2.5 V        ; Default          ; Series 50 Ohm without Calibration ; --                        ; no                         ; no                          ; Fitter               ; -                    ; -                   ;
; Instruction_EX[30]       ; AB13  ; 3        ; 47           ; 0            ; 7            ; no              ; no                     ; no            ; 2         ; no              ; no         ; no            ; no       ; Off          ; 2.5 V        ; Default          ; Series 50 Ohm without Calibration ; --                        ; no                         ; no                          ; Fitter               ; -                    ; -                   ;
; Instruction_EX[31]       ; P27   ; 6        ; 115          ; 44           ; 7            ; no              ; no                     ; no            ; 2         ; no              ; no         ; no            ; no       ; Off          ; 2.5 V        ; Default          ; Series 50 Ohm without Calibration ; --                        ; no                         ; no                          ; Fitter               ; -                    ; -                   ;
; Instruction_EX[3]        ; G22   ; 7        ; 72           ; 73           ; 21           ; no              ; no                     ; no            ; 2         ; no              ; no         ; no            ; no       ; Off          ; 2.5 V        ; Default          ; Series 50 Ohm without Calibration ; --                        ; no                         ; no                          ; Fitter               ; -                    ; -                   ;
; Instruction_EX[4]        ; Y25   ; 5        ; 115          ; 19           ; 7            ; no              ; no                     ; no            ; 2         ; no              ; no         ; no            ; no       ; Off          ; 2.5 V        ; Default          ; Series 50 Ohm without Calibration ; --                        ; no                         ; no                          ; Fitter               ; -                    ; -                   ;
; Instruction_EX[5]        ; AE13  ; 3        ; 42           ; 0            ; 21           ; no              ; no                     ; no            ; 2         ; no              ; no         ; no            ; no       ; Off          ; 2.5 V        ; Default          ; Series 50 Ohm without Calibration ; --                        ; no                         ; no                          ; Fitter               ; -                    ; -                   ;
; Instruction_EX[6]        ; AC27  ; 5        ; 115          ; 15           ; 7            ; no              ; no                     ; no            ; 2         ; no              ; no         ; no            ; no       ; Off          ; 2.5 V        ; Default          ; Series 50 Ohm without Calibration ; --                        ; no                         ; no                          ; Fitter               ; -                    ; -                   ;
; Instruction_EX[7]        ; AA12  ; 3        ; 52           ; 0            ; 14           ; no              ; no                     ; no            ; 2         ; no              ; no         ; no            ; no       ; Off          ; 2.5 V        ; Default          ; Series 50 Ohm without Calibration ; --                        ; no                         ; no                          ; Fitter               ; -                    ; -                   ;
; Instruction_EX[8]        ; AC21  ; 4        ; 102          ; 0            ; 21           ; no              ; no                     ; no            ; 2         ; no              ; no         ; no            ; no       ; Off          ; 2.5 V        ; Default          ; Series 50 Ohm without Calibration ; --                        ; no                         ; no                          ; Fitter               ; -                    ; -                   ;
; Instruction_EX[9]        ; E27   ; 6        ; 115          ; 57           ; 14           ; no              ; no                     ; no            ; 2         ; no              ; no         ; no            ; no       ; Off          ; 2.5 V        ; Default          ; Series 50 Ohm without Calibration ; --                        ; no                         ; no                          ; Fitter               ; -                    ; -                   ;
; Instruction_ID[0]        ; U24   ; 5        ; 115          ; 28           ; 7            ; no              ; no                     ; no            ; 2         ; no              ; no         ; no            ; no       ; Off          ; 2.5 V        ; Default          ; Series 50 Ohm without Calibration ; --                        ; no                         ; no                          ; Fitter               ; -                    ; -                   ;
; Instruction_ID[10]       ; AD24  ; 4        ; 105          ; 0            ; 21           ; no              ; no                     ; no            ; 2         ; no              ; no         ; no            ; no       ; Off          ; 2.5 V        ; Default          ; Series 50 Ohm without Calibration ; --                        ; no                         ; no                          ; Fitter               ; -                    ; -                   ;
; Instruction_ID[11]       ; G19   ; 7        ; 69           ; 73           ; 14           ; no              ; no                     ; no            ; 2         ; no              ; no         ; no            ; no       ; Off          ; 2.5 V        ; Default          ; Series 50 Ohm without Calibration ; --                        ; no                         ; no                          ; Fitter               ; -                    ; -                   ;
; Instruction_ID[12]       ; AG19  ; 4        ; 72           ; 0            ; 7            ; no              ; no                     ; no            ; 2         ; no              ; no         ; no            ; no       ; Off          ; 2.5 V        ; Default          ; Series 50 Ohm without Calibration ; --                        ; no                         ; no                          ; Fitter               ; -                    ; -                   ;
; Instruction_ID[13]       ; U27   ; 5        ; 115          ; 29           ; 7            ; no              ; no                     ; no            ; 2         ; no              ; no         ; no            ; no       ; Off          ; 2.5 V        ; Default          ; Series 50 Ohm without Calibration ; --                        ; no                         ; no                          ; Fitter               ; -                    ; -                   ;
; Instruction_ID[14]       ; W22   ; 5        ; 115          ; 30           ; 0            ; no              ; no                     ; no            ; 2         ; no              ; no         ; no            ; no       ; Off          ; 2.5 V        ; Default          ; Series 50 Ohm without Calibration ; --                        ; no                         ; no                          ; Fitter               ; -                    ; -                   ;
; Instruction_ID[15]       ; AD12  ; 3        ; 47           ; 0            ; 0            ; no              ; no                     ; no            ; 2         ; no              ; no         ; no            ; no       ; Off          ; 2.5 V        ; Default          ; Series 50 Ohm without Calibration ; --                        ; no                         ; no                          ; Fitter               ; -                    ; -                   ;
; Instruction_ID[16]       ; D18   ; 7        ; 85           ; 73           ; 0            ; no              ; no                     ; no            ; 2         ; no              ; no         ; no            ; no       ; Off          ; 2.5 V        ; Default          ; Series 50 Ohm without Calibration ; --                        ; no                         ; no                          ; Fitter               ; -                    ; -                   ;
; Instruction_ID[17]       ; AF7   ; 3        ; 20           ; 0            ; 7            ; no              ; no                     ; no            ; 2         ; no              ; no         ; no            ; no       ; Off          ; 2.5 V        ; Default          ; Series 50 Ohm without Calibration ; --                        ; no                         ; no                          ; Fitter               ; -                    ; -                   ;
; Instruction_ID[18]       ; AE15  ; 4        ; 60           ; 0            ; 7            ; no              ; no                     ; no            ; 2         ; no              ; no         ; no            ; no       ; Off          ; 2.5 V        ; Default          ; Series 50 Ohm without Calibration ; --                        ; no                         ; no                          ; Fitter               ; -                    ; -                   ;
; Instruction_ID[19]       ; B22   ; 7        ; 89           ; 73           ; 14           ; no              ; no                     ; no            ; 2         ; no              ; no         ; no            ; no       ; Off          ; 2.5 V        ; Default          ; Series 50 Ohm without Calibration ; --                        ; no                         ; no                          ; Fitter               ; -                    ; -                   ;
; Instruction_ID[1]        ; AC14  ; 3        ; 56           ; 0            ; 21           ; no              ; no                     ; no            ; 2         ; no              ; no         ; no            ; no       ; Off          ; 2.5 V        ; Default          ; Series 50 Ohm without Calibration ; --                        ; no                         ; no                          ; Fitter               ; -                    ; -                   ;
; Instruction_ID[20]       ; AG11  ; 3        ; 40           ; 0            ; 21           ; no              ; no                     ; no            ; 2         ; no              ; no         ; no            ; no       ; Off          ; 2.5 V        ; Default          ; Series 50 Ohm without Calibration ; --                        ; no                         ; no                          ; Fitter               ; -                    ; -                   ;
; Instruction_ID[21]       ; AC3   ; 2        ; 0            ; 23           ; 21           ; no              ; no                     ; no            ; 2         ; no              ; no         ; no            ; no       ; Off          ; 2.5 V        ; Default          ; Series 50 Ohm without Calibration ; --                        ; no                         ; no                          ; Fitter               ; -                    ; -                   ;
; Instruction_ID[22]       ; C18   ; 7        ; 87           ; 73           ; 21           ; no              ; no                     ; no            ; 2         ; no              ; no         ; no            ; no       ; Off          ; 2.5 V        ; Default          ; Series 50 Ohm without Calibration ; --                        ; no                         ; no                          ; Fitter               ; -                    ; -                   ;
; Instruction_ID[23]       ; AF26  ; 4        ; 89           ; 0            ; 0            ; no              ; no                     ; no            ; 2         ; no              ; no         ; no            ; no       ; Off          ; 2.5 V        ; Default          ; Series 50 Ohm without Calibration ; --                        ; no                         ; no                          ; Fitter               ; -                    ; -                   ;
; Instruction_ID[24]       ; AA10  ; 3        ; 18           ; 0            ; 7            ; no              ; no                     ; no            ; 2         ; no              ; no         ; no            ; no       ; Off          ; 2.5 V        ; Default          ; Series 50 Ohm without Calibration ; --                        ; no                         ; no                          ; Fitter               ; -                    ; -                   ;
; Instruction_ID[25]       ; AE10  ; 3        ; 29           ; 0            ; 21           ; no              ; no                     ; no            ; 2         ; no              ; no         ; no            ; no       ; Off          ; 2.5 V        ; Default          ; Series 50 Ohm without Calibration ; --                        ; no                         ; no                          ; Fitter               ; -                    ; -                   ;
; Instruction_ID[26]       ; R22   ; 5        ; 115          ; 36           ; 14           ; no              ; no                     ; no            ; 2         ; no              ; no         ; no            ; no       ; Off          ; 2.5 V        ; Default          ; Series 50 Ohm without Calibration ; --                        ; no                         ; no                          ; Fitter               ; -                    ; -                   ;
; Instruction_ID[27]       ; P25   ; 6        ; 115          ; 41           ; 7            ; no              ; no                     ; no            ; 2         ; no              ; no         ; no            ; no       ; Off          ; 2.5 V        ; Default          ; Series 50 Ohm without Calibration ; --                        ; no                         ; no                          ; Fitter               ; -                    ; -                   ;
; Instruction_ID[28]       ; AE9   ; 3        ; 27           ; 0            ; 21           ; no              ; no                     ; no            ; 2         ; no              ; no         ; no            ; no       ; Off          ; 2.5 V        ; Default          ; Series 50 Ohm without Calibration ; --                        ; no                         ; no                          ; Fitter               ; -                    ; -                   ;
; Instruction_ID[29]       ; Y12   ; 3        ; 52           ; 0            ; 21           ; no              ; no                     ; no            ; 2         ; no              ; no         ; no            ; no       ; Off          ; 2.5 V        ; Default          ; Series 50 Ohm without Calibration ; --                        ; no                         ; no                          ; Fitter               ; -                    ; -                   ;
; Instruction_ID[2]        ; AB17  ; 4        ; 89           ; 0            ; 14           ; no              ; no                     ; no            ; 2         ; no              ; no         ; no            ; no       ; Off          ; 2.5 V        ; Default          ; Series 50 Ohm without Calibration ; --                        ; no                         ; no                          ; Fitter               ; -                    ; -                   ;
; Instruction_ID[30]       ; A18   ; 7        ; 79           ; 73           ; 0            ; no              ; no                     ; no            ; 2         ; no              ; no         ; no            ; no       ; Off          ; 2.5 V        ; Default          ; Series 50 Ohm without Calibration ; --                        ; no                         ; no                          ; Fitter               ; -                    ; -                   ;
; Instruction_ID[31]       ; R23   ; 5        ; 115          ; 35           ; 14           ; no              ; no                     ; no            ; 2         ; no              ; no         ; no            ; no       ; Off          ; 2.5 V        ; Default          ; Series 50 Ohm without Calibration ; --                        ; no                         ; no                          ; Fitter               ; -                    ; -                   ;
; Instruction_ID[3]        ; C19   ; 7        ; 83           ; 73           ; 7            ; no              ; no                     ; no            ; 2         ; no              ; no         ; no            ; no       ; Off          ; 2.5 V        ; Default          ; Series 50 Ohm without Calibration ; --                        ; no                         ; no                          ; Fitter               ; -                    ; -                   ;
; Instruction_ID[4]        ; AG22  ; 4        ; 79           ; 0            ; 7            ; no              ; no                     ; no            ; 2         ; no              ; no         ; no            ; no       ; Off          ; 2.5 V        ; Default          ; Series 50 Ohm without Calibration ; --                        ; no                         ; no                          ; Fitter               ; -                    ; -                   ;
; Instruction_ID[5]        ; AB14  ; 3        ; 54           ; 0            ; 14           ; no              ; no                     ; no            ; 2         ; no              ; no         ; no            ; no       ; Off          ; 2.5 V        ; Default          ; Series 50 Ohm without Calibration ; --                        ; no                         ; no                          ; Fitter               ; -                    ; -                   ;
; Instruction_ID[6]        ; V27   ; 5        ; 115          ; 22           ; 14           ; no              ; no                     ; no            ; 2         ; no              ; no         ; no            ; no       ; Off          ; 2.5 V        ; Default          ; Series 50 Ohm without Calibration ; --                        ; no                         ; no                          ; Fitter               ; -                    ; -                   ;
; Instruction_ID[7]        ; AH19  ; 4        ; 72           ; 0            ; 0            ; no              ; no                     ; no            ; 2         ; no              ; no         ; no            ; no       ; Off          ; 2.5 V        ; Default          ; Series 50 Ohm without Calibration ; --                        ; no                         ; no                          ; Fitter               ; -                    ; -                   ;
; Instruction_ID[8]        ; L24   ; 6        ; 115          ; 48           ; 0            ; no              ; no                     ; no            ; 2         ; no              ; no         ; no            ; no       ; Off          ; 2.5 V        ; Default          ; Series 50 Ohm without Calibration ; --                        ; no                         ; no                          ; Fitter               ; -                    ; -                   ;
; Instruction_ID[9]        ; AE22  ; 4        ; 96           ; 0            ; 7            ; no              ; no                     ; no            ; 2         ; no              ; no         ; no            ; no       ; Off          ; 2.5 V        ; Default          ; Series 50 Ohm without Calibration ; --                        ; no                         ; no                          ; Fitter               ; -                    ; -                   ;
; Instruction_IF[0]        ; R24   ; 5        ; 115          ; 35           ; 21           ; no              ; no                     ; no            ; 2         ; no              ; no         ; no            ; no       ; Off          ; 2.5 V        ; Default          ; Series 50 Ohm without Calibration ; --                        ; no                         ; no                          ; Fitter               ; -                    ; -                   ;
; Instruction_IF[10]       ; J26   ; 6        ; 115          ; 51           ; 7            ; no              ; no                     ; no            ; 2         ; no              ; no         ; no            ; no       ; Off          ; 2.5 V        ; Default          ; Series 50 Ohm without Calibration ; --                        ; no                         ; no                          ; Fitter               ; -                    ; -                   ;
; Instruction_IF[11]       ; A19   ; 7        ; 81           ; 73           ; 14           ; no              ; no                     ; no            ; 2         ; no              ; no         ; no            ; no       ; Off          ; 2.5 V        ; Default          ; Series 50 Ohm without Calibration ; --                        ; no                         ; no                          ; Fitter               ; -                    ; -                   ;
; Instruction_IF[12]       ; AE20  ; 4        ; 85           ; 0            ; 21           ; no              ; no                     ; no            ; 2         ; no              ; no         ; no            ; no       ; Off          ; 2.5 V        ; Default          ; Series 50 Ohm without Calibration ; --                        ; no                         ; no                          ; Fitter               ; -                    ; -                   ;
; Instruction_IF[13]       ; AH18  ; 4        ; 69           ; 0            ; 0            ; no              ; no                     ; no            ; 2         ; no              ; no         ; no            ; no       ; Off          ; 2.5 V        ; Default          ; Series 50 Ohm without Calibration ; --                        ; no                         ; no                          ; Fitter               ; -                    ; -                   ;
; Instruction_IF[14]       ; AA16  ; 4        ; 65           ; 0            ; 7            ; no              ; no                     ; no            ; 2         ; no              ; no         ; no            ; no       ; Off          ; 2.5 V        ; Default          ; Series 50 Ohm without Calibration ; --                        ; no                         ; no                          ; Fitter               ; -                    ; -                   ;
; Instruction_IF[15]       ; B19   ; 7        ; 81           ; 73           ; 21           ; no              ; no                     ; no            ; 2         ; no              ; no         ; no            ; no       ; Off          ; 2.5 V        ; Default          ; Series 50 Ohm without Calibration ; --                        ; no                         ; no                          ; Fitter               ; -                    ; -                   ;
; Instruction_IF[16]       ; AD18  ; 4        ; 85           ; 0            ; 7            ; no              ; no                     ; no            ; 2         ; no              ; no         ; no            ; no       ; Off          ; 2.5 V        ; Default          ; Series 50 Ohm without Calibration ; --                        ; no                         ; no                          ; Fitter               ; -                    ; -                   ;
; Instruction_IF[17]       ; AF13  ; 3        ; 42           ; 0            ; 14           ; no              ; no                     ; no            ; 2         ; no              ; no         ; no            ; no       ; Off          ; 2.5 V        ; Default          ; Series 50 Ohm without Calibration ; --                        ; no                         ; no                          ; Fitter               ; -                    ; -                   ;
; Instruction_IF[18]       ; AB10  ; 3        ; 38           ; 0            ; 7            ; no              ; no                     ; no            ; 2         ; no              ; no         ; no            ; no       ; Off          ; 2.5 V        ; Default          ; Series 50 Ohm without Calibration ; --                        ; no                         ; no                          ; Fitter               ; -                    ; -                   ;
; Instruction_IF[19]       ; AE18  ; 4        ; 79           ; 0            ; 21           ; no              ; no                     ; no            ; 2         ; no              ; no         ; no            ; no       ; Off          ; 2.5 V        ; Default          ; Series 50 Ohm without Calibration ; --                        ; no                         ; no                          ; Fitter               ; -                    ; -                   ;
; Instruction_IF[1]        ; J25   ; 6        ; 115          ; 51           ; 0            ; no              ; no                     ; no            ; 2         ; no              ; no         ; no            ; no       ; Off          ; 2.5 V        ; Default          ; Series 50 Ohm without Calibration ; --                        ; no                         ; no                          ; Fitter               ; -                    ; -                   ;
; Instruction_IF[20]       ; K27   ; 6        ; 115          ; 50           ; 7            ; no              ; no                     ; no            ; 2         ; no              ; no         ; no            ; no       ; Off          ; 2.5 V        ; Default          ; Series 50 Ohm without Calibration ; --                        ; no                         ; no                          ; Fitter               ; -                    ; -                   ;
; Instruction_IF[21]       ; T22   ; 5        ; 115          ; 32           ; 7            ; no              ; no                     ; no            ; 2         ; no              ; no         ; no            ; no       ; Off          ; 2.5 V        ; Default          ; Series 50 Ohm without Calibration ; --                        ; no                         ; no                          ; Fitter               ; -                    ; -                   ;
; Instruction_IF[22]       ; AG18  ; 4        ; 69           ; 0            ; 7            ; no              ; no                     ; no            ; 2         ; no              ; no         ; no            ; no       ; Off          ; 2.5 V        ; Default          ; Series 50 Ohm without Calibration ; --                        ; no                         ; no                          ; Fitter               ; -                    ; -                   ;
; Instruction_IF[23]       ; T26   ; 5        ; 115          ; 31           ; 7            ; no              ; no                     ; no            ; 2         ; no              ; no         ; no            ; no       ; Off          ; 2.5 V        ; Default          ; Series 50 Ohm without Calibration ; --                        ; no                         ; no                          ; Fitter               ; -                    ; -                   ;
; Instruction_IF[24]       ; AF18  ; 4        ; 79           ; 0            ; 14           ; no              ; no                     ; no            ; 2         ; no              ; no         ; no            ; no       ; Off          ; 2.5 V        ; Default          ; Series 50 Ohm without Calibration ; --                        ; no                         ; no                          ; Fitter               ; -                    ; -                   ;
; Instruction_IF[25]       ; L23   ; 6        ; 115          ; 49           ; 7            ; no              ; no                     ; no            ; 2         ; no              ; no         ; no            ; no       ; Off          ; 2.5 V        ; Default          ; Series 50 Ohm without Calibration ; --                        ; no                         ; no                          ; Fitter               ; -                    ; -                   ;
; Instruction_IF[26]       ; K28   ; 6        ; 115          ; 49           ; 0            ; no              ; no                     ; no            ; 2         ; no              ; no         ; no            ; no       ; Off          ; 2.5 V        ; Default          ; Series 50 Ohm without Calibration ; --                        ; no                         ; no                          ; Fitter               ; -                    ; -                   ;
; Instruction_IF[27]       ; AA14  ; 3        ; 54           ; 0            ; 21           ; no              ; no                     ; no            ; 2         ; no              ; no         ; no            ; no       ; Off          ; 2.5 V        ; Default          ; Series 50 Ohm without Calibration ; --                        ; no                         ; no                          ; Fitter               ; -                    ; -                   ;
; Instruction_IF[28]       ; R26   ; 5        ; 115          ; 33           ; 7            ; no              ; no                     ; no            ; 2         ; no              ; no         ; no            ; no       ; Off          ; 2.5 V        ; Default          ; Series 50 Ohm without Calibration ; --                        ; no                         ; no                          ; Fitter               ; -                    ; -                   ;
; Instruction_IF[29]       ; AC10  ; 3        ; 38           ; 0            ; 0            ; no              ; no                     ; no            ; 2         ; no              ; no         ; no            ; no       ; Off          ; 2.5 V        ; Default          ; Series 50 Ohm without Calibration ; --                        ; no                         ; no                          ; Fitter               ; -                    ; -                   ;
; Instruction_IF[2]        ; R27   ; 5        ; 115          ; 34           ; 14           ; no              ; no                     ; no            ; 2         ; no              ; no         ; no            ; no       ; Off          ; 2.5 V        ; Default          ; Series 50 Ohm without Calibration ; --                        ; no                         ; no                          ; Fitter               ; -                    ; -                   ;
; Instruction_IF[30]       ; D20   ; 7        ; 85           ; 73           ; 14           ; no              ; no                     ; no            ; 2         ; no              ; no         ; no            ; no       ; Off          ; 2.5 V        ; Default          ; Series 50 Ohm without Calibration ; --                        ; no                         ; no                          ; Fitter               ; -                    ; -                   ;
; Instruction_IF[31]       ; R25   ; 5        ; 115          ; 33           ; 0            ; no              ; no                     ; no            ; 2         ; no              ; no         ; no            ; no       ; Off          ; 2.5 V        ; Default          ; Series 50 Ohm without Calibration ; --                        ; no                         ; no                          ; Fitter               ; -                    ; -                   ;
; Instruction_IF[3]        ; N21   ; 6        ; 115          ; 42           ; 14           ; no              ; no                     ; no            ; 2         ; no              ; no         ; no            ; no       ; Off          ; 2.5 V        ; Default          ; Series 50 Ohm without Calibration ; --                        ; no                         ; no                          ; Fitter               ; -                    ; -                   ;
; Instruction_IF[4]        ; B21   ; 7        ; 87           ; 73           ; 0            ; no              ; no                     ; no            ; 2         ; no              ; no         ; no            ; no       ; Off          ; 2.5 V        ; Default          ; Series 50 Ohm without Calibration ; --                        ; no                         ; no                          ; Fitter               ; -                    ; -                   ;
; Instruction_IF[5]        ; Y22   ; 5        ; 115          ; 30           ; 7            ; no              ; no                     ; no            ; 2         ; no              ; no         ; no            ; no       ; Off          ; 2.5 V        ; Default          ; Series 50 Ohm without Calibration ; --                        ; no                         ; no                          ; Fitter               ; -                    ; -                   ;
; Instruction_IF[6]        ; AC17  ; 4        ; 74           ; 0            ; 21           ; no              ; no                     ; no            ; 2         ; no              ; no         ; no            ; no       ; Off          ; 2.5 V        ; Default          ; Series 50 Ohm without Calibration ; --                        ; no                         ; no                          ; Fitter               ; -                    ; -                   ;
; Instruction_IF[7]        ; M28   ; 6        ; 115          ; 45           ; 14           ; no              ; no                     ; no            ; 2         ; no              ; no         ; no            ; no       ; Off          ; 2.5 V        ; Default          ; Series 50 Ohm without Calibration ; --                        ; no                         ; no                          ; Fitter               ; -                    ; -                   ;
; Instruction_IF[8]        ; M27   ; 6        ; 115          ; 46           ; 7            ; no              ; no                     ; no            ; 2         ; no              ; no         ; no            ; no       ; Off          ; 2.5 V        ; Default          ; Series 50 Ohm without Calibration ; --                        ; no                         ; no                          ; Fitter               ; -                    ; -                   ;
; Instruction_IF[9]        ; AG12  ; 3        ; 54           ; 0            ; 7            ; no              ; no                     ; no            ; 2         ; no              ; no         ; no            ; no       ; Off          ; 2.5 V        ; Default          ; Series 50 Ohm without Calibration ; --                        ; no                         ; no                          ; Fitter               ; -                    ; -                   ;
; Instruction_MEM[0]       ; AE14  ; 3        ; 49           ; 0            ; 21           ; no              ; no                     ; no            ; 2         ; no              ; no         ; no            ; no       ; Off          ; 2.5 V        ; Default          ; Series 50 Ohm without Calibration ; --                        ; no                         ; no                          ; Fitter               ; -                    ; -                   ;
; Instruction_MEM[10]      ; AB18  ; 4        ; 98           ; 0            ; 14           ; no              ; no                     ; no            ; 2         ; no              ; no         ; no            ; no       ; Off          ; 2.5 V        ; Default          ; Series 50 Ohm without Calibration ; --                        ; no                         ; no                          ; Fitter               ; -                    ; -                   ;
; Instruction_MEM[11]      ; M24   ; 6        ; 115          ; 41           ; 0            ; no              ; no                     ; no            ; 2         ; no              ; no         ; no            ; no       ; Off          ; 2.5 V        ; Default          ; Series 50 Ohm without Calibration ; --                        ; no                         ; no                          ; Fitter               ; -                    ; -                   ;
; Instruction_MEM[12]      ; AD21  ; 4        ; 102          ; 0            ; 14           ; no              ; no                     ; no            ; 2         ; no              ; no         ; no            ; no       ; Off          ; 2.5 V        ; Default          ; Series 50 Ohm without Calibration ; --                        ; no                         ; no                          ; Fitter               ; -                    ; -                   ;
; Instruction_MEM[13]      ; AH10  ; 3        ; 31           ; 0            ; 0            ; no              ; no                     ; no            ; 2         ; no              ; no         ; no            ; no       ; Off          ; 2.5 V        ; Default          ; Series 50 Ohm without Calibration ; --                        ; no                         ; no                          ; Fitter               ; -                    ; -                   ;
; Instruction_MEM[14]      ; F26   ; 6        ; 115          ; 59           ; 14           ; no              ; no                     ; no            ; 2         ; no              ; no         ; no            ; no       ; Off          ; 2.5 V        ; Default          ; Series 50 Ohm without Calibration ; --                        ; no                         ; no                          ; Fitter               ; -                    ; -                   ;
; Instruction_MEM[15]      ; AA26  ; 5        ; 115          ; 16           ; 0            ; no              ; no                     ; no            ; 2         ; no              ; no         ; no            ; no       ; Off          ; 2.5 V        ; Default          ; Series 50 Ohm without Calibration ; --                        ; no                         ; no                          ; Fitter               ; -                    ; -                   ;
; Instruction_MEM[16]      ; AC24  ; 5        ; 115          ; 4            ; 14           ; no              ; no                     ; no            ; 2         ; no              ; no         ; no            ; no       ; Off          ; 2.5 V        ; Default          ; Series 50 Ohm without Calibration ; --                        ; no                         ; no                          ; Fitter               ; -                    ; -                   ;
; Instruction_MEM[17]      ; W1    ; 2        ; 0            ; 25           ; 14           ; no              ; no                     ; no            ; 2         ; no              ; no         ; no            ; no       ; Off          ; 2.5 V        ; Default          ; Series 50 Ohm without Calibration ; --                        ; no                         ; no                          ; Fitter               ; -                    ; -                   ;
; Instruction_MEM[18]      ; AC18  ; 4        ; 87           ; 0            ; 14           ; no              ; no                     ; no            ; 2         ; no              ; no         ; no            ; no       ; Off          ; 2.5 V        ; Default          ; Series 50 Ohm without Calibration ; --                        ; no                         ; no                          ; Fitter               ; -                    ; -                   ;
; Instruction_MEM[19]      ; U6    ; 2        ; 0            ; 25           ; 21           ; no              ; no                     ; no            ; 2         ; no              ; no         ; no            ; no       ; Off          ; 2.5 V        ; Default          ; Series 50 Ohm without Calibration ; --                        ; no                         ; no                          ; Fitter               ; -                    ; -                   ;
; Instruction_MEM[1]       ; AB25  ; 5        ; 115          ; 16           ; 7            ; no              ; no                     ; no            ; 2         ; no              ; no         ; no            ; no       ; Off          ; 2.5 V        ; Default          ; Series 50 Ohm without Calibration ; --                        ; no                         ; no                          ; Fitter               ; -                    ; -                   ;
; Instruction_MEM[20]      ; Y19   ; 4        ; 105          ; 0            ; 0            ; no              ; no                     ; no            ; 2         ; no              ; no         ; no            ; no       ; Off          ; 2.5 V        ; Default          ; Series 50 Ohm without Calibration ; --                        ; no                         ; no                          ; Fitter               ; -                    ; -                   ;
; Instruction_MEM[21]      ; AB21  ; 4        ; 109          ; 0            ; 7            ; no              ; no                     ; no            ; 2         ; no              ; no         ; no            ; no       ; Off          ; 2.5 V        ; Default          ; Series 50 Ohm without Calibration ; --                        ; no                         ; no                          ; Fitter               ; -                    ; -                   ;
; Instruction_MEM[22]      ; AB22  ; 4        ; 107          ; 0            ; 0            ; no              ; no                     ; no            ; 2         ; no              ; no         ; no            ; no       ; Off          ; 2.5 V        ; Default          ; Series 50 Ohm without Calibration ; --                        ; no                         ; no                          ; Fitter               ; -                    ; -                   ;
; Instruction_MEM[23]      ; AA23  ; 5        ; 115          ; 10           ; 7            ; no              ; no                     ; no            ; 2         ; no              ; no         ; no            ; no       ; Off          ; 2.5 V        ; Default          ; Series 50 Ohm without Calibration ; --                        ; no                         ; no                          ; Fitter               ; -                    ; -                   ;
; Instruction_MEM[24]      ; AA24  ; 5        ; 115          ; 9            ; 21           ; no              ; no                     ; no            ; 2         ; no              ; no         ; no            ; no       ; Off          ; 2.5 V        ; Default          ; Series 50 Ohm without Calibration ; --                        ; no                         ; no                          ; Fitter               ; -                    ; -                   ;
; Instruction_MEM[25]      ; AD26  ; 5        ; 115          ; 10           ; 0            ; no              ; no                     ; no            ; 2         ; no              ; no         ; no            ; no       ; Off          ; 2.5 V        ; Default          ; Series 50 Ohm without Calibration ; --                        ; no                         ; no                          ; Fitter               ; -                    ; -                   ;
; Instruction_MEM[26]      ; R21   ; 5        ; 115          ; 36           ; 7            ; no              ; no                     ; no            ; 2         ; no              ; no         ; no            ; no       ; Off          ; 2.5 V        ; Default          ; Series 50 Ohm without Calibration ; --                        ; no                         ; no                          ; Fitter               ; -                    ; -                   ;
; Instruction_MEM[27]      ; G27   ; 6        ; 115          ; 52           ; 0            ; no              ; no                     ; no            ; 2         ; no              ; no         ; no            ; no       ; Off          ; 2.5 V        ; Default          ; Series 50 Ohm without Calibration ; --                        ; no                         ; no                          ; Fitter               ; -                    ; -                   ;
; Instruction_MEM[28]      ; AF8   ; 3        ; 23           ; 0            ; 14           ; no              ; no                     ; no            ; 2         ; no              ; no         ; no            ; no       ; Off          ; 2.5 V        ; Default          ; Series 50 Ohm without Calibration ; --                        ; no                         ; no                          ; Fitter               ; -                    ; -                   ;
; Instruction_MEM[29]      ; AE11  ; 3        ; 35           ; 0            ; 21           ; no              ; no                     ; no            ; 2         ; no              ; no         ; no            ; no       ; Off          ; 2.5 V        ; Default          ; Series 50 Ohm without Calibration ; --                        ; no                         ; no                          ; Fitter               ; -                    ; -                   ;
; Instruction_MEM[2]       ; Y3    ; 2        ; 0            ; 24           ; 14           ; no              ; no                     ; no            ; 2         ; no              ; no         ; no            ; no       ; Off          ; 2.5 V        ; Default          ; Series 50 Ohm without Calibration ; --                        ; no                         ; no                          ; Fitter               ; -                    ; -                   ;
; Instruction_MEM[30]      ; AE12  ; 3        ; 33           ; 0            ; 7            ; no              ; no                     ; no            ; 2         ; no              ; no         ; no            ; no       ; Off          ; 2.5 V        ; Default          ; Series 50 Ohm without Calibration ; --                        ; no                         ; no                          ; Fitter               ; -                    ; -                   ;
; Instruction_MEM[31]      ; M21   ; 6        ; 115          ; 53           ; 14           ; no              ; no                     ; no            ; 2         ; no              ; no         ; no            ; no       ; Off          ; 2.5 V        ; Default          ; Series 50 Ohm without Calibration ; --                        ; no                         ; no                          ; Fitter               ; -                    ; -                   ;
; Instruction_MEM[3]       ; N26   ; 6        ; 115          ; 44           ; 0            ; no              ; no                     ; no            ; 2         ; no              ; no         ; no            ; no       ; Off          ; 2.5 V        ; Default          ; Series 50 Ohm without Calibration ; --                        ; no                         ; no                          ; Fitter               ; -                    ; -                   ;
; Instruction_MEM[4]       ; AC19  ; 4        ; 94           ; 0            ; 7            ; no              ; no                     ; no            ; 2         ; no              ; no         ; no            ; no       ; Off          ; 2.5 V        ; Default          ; Series 50 Ohm without Calibration ; --                        ; no                         ; no                          ; Fitter               ; -                    ; -                   ;
; Instruction_MEM[5]       ; J17   ; 7        ; 69           ; 73           ; 0            ; no              ; no                     ; no            ; 2         ; no              ; no         ; no            ; no       ; Off          ; 2.5 V        ; Default          ; Series 50 Ohm without Calibration ; --                        ; no                         ; no                          ; Fitter               ; -                    ; -                   ;
; Instruction_MEM[6]       ; AB16  ; 4        ; 65           ; 0            ; 0            ; no              ; no                     ; no            ; 2         ; no              ; no         ; no            ; no       ; Off          ; 2.5 V        ; Default          ; Series 50 Ohm without Calibration ; --                        ; no                         ; no                          ; Fitter               ; -                    ; -                   ;
; Instruction_MEM[7]       ; AH17  ; 4        ; 62           ; 0            ; 14           ; no              ; no                     ; no            ; 2         ; no              ; no         ; no            ; no       ; Off          ; 2.5 V        ; Default          ; Series 50 Ohm without Calibration ; --                        ; no                         ; no                          ; Fitter               ; -                    ; -                   ;
; Instruction_MEM[8]       ; P21   ; 5        ; 115          ; 36           ; 0            ; no              ; no                     ; no            ; 2         ; no              ; no         ; no            ; no       ; Off          ; 2.5 V        ; Default          ; Series 50 Ohm without Calibration ; --                        ; no                         ; no                          ; Fitter               ; -                    ; -                   ;
; Instruction_MEM[9]       ; A22   ; 7        ; 89           ; 73           ; 7            ; no              ; no                     ; no            ; 2         ; no              ; no         ; no            ; no       ; Off          ; 2.5 V        ; Default          ; Series 50 Ohm without Calibration ; --                        ; no                         ; no                          ; Fitter               ; -                    ; -                   ;
; Instruction_WB[0]        ; V23   ; 5        ; 115          ; 24           ; 0            ; no              ; no                     ; no            ; 2         ; no              ; no         ; no            ; no       ; Off          ; 2.5 V        ; Default          ; Series 50 Ohm without Calibration ; --                        ; no                         ; no                          ; Fitter               ; -                    ; -                   ;
; Instruction_WB[10]       ; AD25  ; 4        ; 100          ; 0            ; 21           ; no              ; no                     ; no            ; 2         ; no              ; no         ; no            ; no       ; Off          ; 2.5 V        ; Default          ; Series 50 Ohm without Calibration ; --                        ; no                         ; no                          ; Fitter               ; -                    ; -                   ;
; Instruction_WB[11]       ; AG17  ; 4        ; 62           ; 0            ; 21           ; no              ; no                     ; no            ; 2         ; no              ; no         ; no            ; no       ; Off          ; 2.5 V        ; Default          ; Series 50 Ohm without Calibration ; --                        ; no                         ; no                          ; Fitter               ; -                    ; -                   ;
; Instruction_WB[12]       ; AB20  ; 4        ; 100          ; 0            ; 0            ; no              ; no                     ; no            ; 2         ; no              ; no         ; no            ; no       ; Off          ; 2.5 V        ; Default          ; Series 50 Ohm without Calibration ; --                        ; no                         ; no                          ; Fitter               ; -                    ; -                   ;
; Instruction_WB[13]       ; AC15  ; 4        ; 60           ; 0            ; 21           ; no              ; no                     ; no            ; 2         ; no              ; no         ; no            ; no       ; Off          ; 2.5 V        ; Default          ; Series 50 Ohm without Calibration ; --                        ; no                         ; no                          ; Fitter               ; -                    ; -                   ;
; Instruction_WB[14]       ; W2    ; 2        ; 0            ; 26           ; 14           ; no              ; no                     ; no            ; 2         ; no              ; no         ; no            ; no       ; Off          ; 2.5 V        ; Default          ; Series 50 Ohm without Calibration ; --                        ; no                         ; no                          ; Fitter               ; -                    ; -                   ;
; Instruction_WB[15]       ; Y24   ; 5        ; 115          ; 13           ; 0            ; no              ; no                     ; no            ; 2         ; no              ; no         ; no            ; no       ; Off          ; 2.5 V        ; Default          ; Series 50 Ohm without Calibration ; --                        ; no                         ; no                          ; Fitter               ; -                    ; -                   ;
; Instruction_WB[16]       ; AC25  ; 5        ; 115          ; 4            ; 21           ; no              ; no                     ; no            ; 2         ; no              ; no         ; no            ; no       ; Off          ; 2.5 V        ; Default          ; Series 50 Ohm without Calibration ; --                        ; no                         ; no                          ; Fitter               ; -                    ; -                   ;
; Instruction_WB[17]       ; Y14   ; 3        ; 56           ; 0            ; 7            ; no              ; no                     ; no            ; 2         ; no              ; no         ; no            ; no       ; Off          ; 2.5 V        ; Default          ; Series 50 Ohm without Calibration ; --                        ; no                         ; no                          ; Fitter               ; -                    ; -                   ;
; Instruction_WB[18]       ; W27   ; 5        ; 115          ; 20           ; 0            ; no              ; no                     ; no            ; 2         ; no              ; no         ; no            ; no       ; Off          ; 2.5 V        ; Default          ; Series 50 Ohm without Calibration ; --                        ; no                         ; no                          ; Fitter               ; -                    ; -                   ;
; Instruction_WB[19]       ; AF12  ; 3        ; 33           ; 0            ; 0            ; no              ; no                     ; no            ; 2         ; no              ; no         ; no            ; no       ; Off          ; 2.5 V        ; Default          ; Series 50 Ohm without Calibration ; --                        ; no                         ; no                          ; Fitter               ; -                    ; -                   ;
; Instruction_WB[1]        ; AC28  ; 5        ; 115          ; 14           ; 0            ; no              ; no                     ; no            ; 2         ; no              ; no         ; no            ; no       ; Off          ; 2.5 V        ; Default          ; Series 50 Ohm without Calibration ; --                        ; no                         ; no                          ; Fitter               ; -                    ; -                   ;
; Instruction_WB[20]       ; AD27  ; 5        ; 115          ; 13           ; 7            ; no              ; no                     ; no            ; 2         ; no              ; no         ; no            ; no       ; Off          ; 2.5 V        ; Default          ; Series 50 Ohm without Calibration ; --                        ; no                         ; no                          ; Fitter               ; -                    ; -                   ;
; Instruction_WB[21]       ; AF23  ; 4        ; 105          ; 0            ; 7            ; no              ; no                     ; no            ; 2         ; no              ; no         ; no            ; no       ; Off          ; 2.5 V        ; Default          ; Series 50 Ohm without Calibration ; --                        ; no                         ; no                          ; Fitter               ; -                    ; -                   ;
; Instruction_WB[22]       ; AA19  ; 4        ; 107          ; 0            ; 7            ; no              ; no                     ; no            ; 2         ; no              ; no         ; no            ; no       ; Off          ; 2.5 V        ; Default          ; Series 50 Ohm without Calibration ; --                        ; no                         ; no                          ; Fitter               ; -                    ; -                   ;
; Instruction_WB[23]       ; AB23  ; 5        ; 115          ; 7            ; 14           ; no              ; no                     ; no            ; 2         ; no              ; no         ; no            ; no       ; Off          ; 2.5 V        ; Default          ; Series 50 Ohm without Calibration ; --                        ; no                         ; no                          ; Fitter               ; -                    ; -                   ;
; Instruction_WB[24]       ; AF27  ; 5        ; 115          ; 8            ; 21           ; no              ; no                     ; no            ; 2         ; no              ; no         ; no            ; no       ; Off          ; 2.5 V        ; Default          ; Series 50 Ohm without Calibration ; --                        ; no                         ; no                          ; Fitter               ; -                    ; -                   ;
; Instruction_WB[25]       ; AE26  ; 5        ; 115          ; 8            ; 14           ; no              ; no                     ; no            ; 2         ; no              ; no         ; no            ; no       ; Off          ; 2.5 V        ; Default          ; Series 50 Ohm without Calibration ; --                        ; no                         ; no                          ; Fitter               ; -                    ; -                   ;
; Instruction_WB[26]       ; P26   ; 6        ; 115          ; 40           ; 0            ; no              ; no                     ; no            ; 2         ; no              ; no         ; no            ; no       ; Off          ; 2.5 V        ; Default          ; Series 50 Ohm without Calibration ; --                        ; no                         ; no                          ; Fitter               ; -                    ; -                   ;
; Instruction_WB[27]       ; L25   ; 6        ; 115          ; 54           ; 14           ; no              ; no                     ; no            ; 2         ; no              ; no         ; no            ; no       ; Off          ; 2.5 V        ; Default          ; Series 50 Ohm without Calibration ; --                        ; no                         ; no                          ; Fitter               ; -                    ; -                   ;
; Instruction_WB[28]       ; AE7   ; 3        ; 20           ; 0            ; 14           ; no              ; no                     ; no            ; 2         ; no              ; no         ; no            ; no       ; Off          ; 2.5 V        ; Default          ; Series 50 Ohm without Calibration ; --                        ; no                         ; no                          ; Fitter               ; -                    ; -                   ;
; Instruction_WB[29]       ; AF10  ; 3        ; 29           ; 0            ; 14           ; no              ; no                     ; no            ; 2         ; no              ; no         ; no            ; no       ; Off          ; 2.5 V        ; Default          ; Series 50 Ohm without Calibration ; --                        ; no                         ; no                          ; Fitter               ; -                    ; -                   ;
; Instruction_WB[2]        ; F28   ; 6        ; 115          ; 56           ; 21           ; no              ; no                     ; no            ; 2         ; no              ; no         ; no            ; no       ; Off          ; 2.5 V        ; Default          ; Series 50 Ohm without Calibration ; --                        ; no                         ; no                          ; Fitter               ; -                    ; -                   ;
; Instruction_WB[30]       ; Y15   ; 3        ; 56           ; 0            ; 0            ; no              ; no                     ; no            ; 2         ; no              ; no         ; no            ; no       ; Off          ; 2.5 V        ; Default          ; Series 50 Ohm without Calibration ; --                        ; no                         ; no                          ; Fitter               ; -                    ; -                   ;
; Instruction_WB[31]       ; G28   ; 6        ; 115          ; 52           ; 7            ; no              ; no                     ; no            ; 2         ; no              ; no         ; no            ; no       ; Off          ; 2.5 V        ; Default          ; Series 50 Ohm without Calibration ; --                        ; no                         ; no                          ; Fitter               ; -                    ; -                   ;
; Instruction_WB[3]        ; AB12  ; 3        ; 45           ; 0            ; 14           ; no              ; no                     ; no            ; 2         ; no              ; no         ; no            ; no       ; Off          ; 2.5 V        ; Default          ; Series 50 Ohm without Calibration ; --                        ; no                         ; no                          ; Fitter               ; -                    ; -                   ;
; Instruction_WB[4]        ; Y17   ; 4        ; 96           ; 0            ; 21           ; no              ; no                     ; no            ; 2         ; no              ; no         ; no            ; no       ; Off          ; 2.5 V        ; Default          ; Series 50 Ohm without Calibration ; --                        ; no                         ; no                          ; Fitter               ; -                    ; -                   ;
; Instruction_WB[5]        ; AA8   ; 3        ; 18           ; 0            ; 14           ; no              ; no                     ; no            ; 2         ; no              ; no         ; no            ; no       ; Off          ; 2.5 V        ; Default          ; Series 50 Ohm without Calibration ; --                        ; no                         ; no                          ; Fitter               ; -                    ; -                   ;
; Instruction_WB[6]        ; J19   ; 7        ; 72           ; 73           ; 7            ; no              ; no                     ; no            ; 2         ; no              ; no         ; no            ; no       ; Off          ; 2.5 V        ; Default          ; Series 50 Ohm without Calibration ; --                        ; no                         ; no                          ; Fitter               ; -                    ; -                   ;
; Instruction_WB[7]        ; AF15  ; 4        ; 60           ; 0            ; 0            ; no              ; no                     ; no            ; 2         ; no              ; no         ; no            ; no       ; Off          ; 2.5 V        ; Default          ; Series 50 Ohm without Calibration ; --                        ; no                         ; no                          ; Fitter               ; -                    ; -                   ;
; Instruction_WB[8]        ; A23   ; 7        ; 102          ; 73           ; 0            ; no              ; no                     ; no            ; 2         ; no              ; no         ; no            ; no       ; Off          ; 2.5 V        ; Default          ; Series 50 Ohm without Calibration ; --                        ; no                         ; no                          ; Fitter               ; -                    ; -                   ;
; Instruction_WB[9]        ; K26   ; 6        ; 115          ; 55           ; 21           ; no              ; no                     ; no            ; 2         ; no              ; no         ; no            ; no       ; Off          ; 2.5 V        ; Default          ; Series 50 Ohm without Calibration ; --                        ; no                         ; no                          ; Fitter               ; -                    ; -                   ;
; PCValue[0]               ; E26   ; 6        ; 115          ; 59           ; 21           ; no              ; no                     ; no            ; 2         ; no              ; no         ; no            ; no       ; Off          ; 2.5 V        ; Default          ; Series 50 Ohm without Calibration ; --                        ; no                         ; no                          ; Fitter               ; -                    ; -                   ;
; PCValue[1]               ; E28   ; 6        ; 115          ; 57           ; 21           ; no              ; no                     ; no            ; 2         ; no              ; no         ; no            ; no       ; Off          ; 2.5 V        ; Default          ; Series 50 Ohm without Calibration ; --                        ; no                         ; no                          ; Fitter               ; -                    ; -                   ;
; PCValue[2]               ; AE21  ; 4        ; 85           ; 0            ; 0            ; no              ; no                     ; no            ; 2         ; no              ; no         ; no            ; no       ; Off          ; 2.5 V        ; Default          ; Series 50 Ohm without Calibration ; --                        ; no                         ; no                          ; Fitter               ; -                    ; -                   ;
; PCValue[3]               ; E25   ; 7        ; 83           ; 73           ; 0            ; no              ; no                     ; no            ; 2         ; no              ; no         ; no            ; no       ; Off          ; 2.5 V        ; Default          ; Series 50 Ohm without Calibration ; --                        ; no                         ; no                          ; Fitter               ; -                    ; -                   ;
; PCValue[4]               ; AF20  ; 4        ; 85           ; 0            ; 14           ; no              ; no                     ; no            ; 2         ; no              ; no         ; no            ; no       ; Off          ; 2.5 V        ; Default          ; Series 50 Ohm without Calibration ; --                        ; no                         ; no                          ; Fitter               ; -                    ; -                   ;
; PCValue[5]               ; AE25  ; 4        ; 89           ; 0            ; 7            ; no              ; no                     ; no            ; 2         ; no              ; no         ; no            ; no       ; Off          ; 2.5 V        ; Default          ; Series 50 Ohm without Calibration ; --                        ; no                         ; no                          ; Fitter               ; -                    ; -                   ;
; PCValue[6]               ; V22   ; 5        ; 115          ; 26           ; 21           ; no              ; no                     ; no            ; 2         ; no              ; no         ; no            ; no       ; Off          ; 2.5 V        ; Default          ; Series 50 Ohm without Calibration ; --                        ; no                         ; no                          ; Fitter               ; -                    ; -                   ;
; PCValue[7]               ; U22   ; 5        ; 115          ; 26           ; 14           ; no              ; no                     ; no            ; 2         ; no              ; no         ; no            ; no       ; Off          ; 2.5 V        ; Default          ; Series 50 Ohm without Calibration ; --                        ; no                         ; no                          ; Fitter               ; -                    ; -                   ;
; rsIF[0]                  ; V1    ; 2        ; 0            ; 28           ; 21           ; no              ; no                     ; no            ; 2         ; no              ; no         ; no            ; no       ; Off          ; 2.5 V        ; Default          ; Series 50 Ohm without Calibration ; --                        ; no                         ; no                          ; Fitter               ; -                    ; -                   ;
; rsIF[1]                  ; E18   ; 7        ; 87           ; 73           ; 7            ; no              ; no                     ; no            ; 2         ; no              ; no         ; no            ; no       ; Off          ; 2.5 V        ; Default          ; Series 50 Ohm without Calibration ; --                        ; no                         ; no                          ; Fitter               ; -                    ; -                   ;
; rsIF[2]                  ; AG25  ; 4        ; 91           ; 0            ; 21           ; no              ; no                     ; no            ; 2         ; no              ; no         ; no            ; no       ; Off          ; 2.5 V        ; Default          ; Series 50 Ohm without Calibration ; --                        ; no                         ; no                          ; Fitter               ; -                    ; -                   ;
; rsIF[3]                  ; AG8   ; 3        ; 18           ; 0            ; 0            ; no              ; no                     ; no            ; 2         ; no              ; no         ; no            ; no       ; Off          ; 2.5 V        ; Default          ; Series 50 Ohm without Calibration ; --                        ; no                         ; no                          ; Fitter               ; -                    ; -                   ;
; rsIF[4]                  ; AB11  ; 3        ; 27           ; 0            ; 7            ; no              ; no                     ; no            ; 2         ; no              ; no         ; no            ; no       ; Off          ; 2.5 V        ; Default          ; Series 50 Ohm without Calibration ; --                        ; no                         ; no                          ; Fitter               ; -                    ; -                   ;
; rtIF[0]                  ; E24   ; 7        ; 85           ; 73           ; 21           ; no              ; no                     ; no            ; 2         ; no              ; no         ; no            ; no       ; Off          ; 2.5 V        ; Default          ; Series 50 Ohm without Calibration ; --                        ; no                         ; no                          ; Fitter               ; -                    ; -                   ;
; rtIF[1]                  ; AF9   ; 3        ; 20           ; 0            ; 0            ; no              ; no                     ; no            ; 2         ; no              ; no         ; no            ; no       ; Off          ; 2.5 V        ; Default          ; Series 50 Ohm without Calibration ; --                        ; no                         ; no                          ; Fitter               ; -                    ; -                   ;
; rtIF[2]                  ; AD15  ; 4        ; 60           ; 0            ; 14           ; no              ; no                     ; no            ; 2         ; no              ; no         ; no            ; no       ; Off          ; 2.5 V        ; Default          ; Series 50 Ohm without Calibration ; --                        ; no                         ; no                          ; Fitter               ; -                    ; -                   ;
; rtIF[3]                  ; A21   ; 7        ; 89           ; 73           ; 21           ; no              ; no                     ; no            ; 2         ; no              ; no         ; no            ; no       ; Off          ; 2.5 V        ; Default          ; Series 50 Ohm without Calibration ; --                        ; no                         ; no                          ; Fitter               ; -                    ; -                   ;
; rtIF[4]                  ; AH11  ; 3        ; 40           ; 0            ; 14           ; no              ; no                     ; no            ; 2         ; no              ; no         ; no            ; no       ; Off          ; 2.5 V        ; Default          ; Series 50 Ohm without Calibration ; --                        ; no                         ; no                          ; Fitter               ; -                    ; -                   ;
+--------------------------+-------+----------+--------------+--------------+--------------+-----------------+------------------------+---------------+-----------+-----------------+------------+---------------+----------+--------------+--------------+------------------+-----------------------------------+---------------------------+----------------------------+-----------------------------+----------------------+----------------------+---------------------+


+-----------------------------------------------------------------------------------------------------------------------------------+
; Dual Purpose and Dedicated Pins                                                                                                   ;
+----------+---------------------------------------+--------------------------+-------------------------+---------------------------+
; Location ; Pin Name                              ; Reserved As              ; User Signal Name        ; Pin Type                  ;
+----------+---------------------------------------+--------------------------+-------------------------+---------------------------+
; F4       ; DIFFIO_L5n, DATA1, ASDO               ; As input tri-stated      ; ~ALTERA_ASDO_DATA1~     ; Dual Purpose Pin          ;
; E2       ; DIFFIO_L8p, FLASH_nCE, nCSO           ; As input tri-stated      ; ~ALTERA_FLASH_nCE_nCSO~ ; Dual Purpose Pin          ;
; M6       ; nSTATUS                               ; -                        ; -                       ; Dedicated Programming Pin ;
; P3       ; DCLK                                  ; As output driving ground ; ~ALTERA_DCLK~           ; Dual Purpose Pin          ;
; N7       ; DATA0                                 ; As input tri-stated      ; ~ALTERA_DATA0~          ; Dual Purpose Pin          ;
; P4       ; nCONFIG                               ; -                        ; -                       ; Dedicated Programming Pin ;
; R8       ; nCE                                   ; -                        ; -                       ; Dedicated Programming Pin ;
; T22      ; DIFFIO_R29n, DEV_OE                   ; Use as regular IO        ; Instruction_IF[21]      ; Dual Purpose Pin          ;
; T21      ; DIFFIO_R29p, DEV_CLRn                 ; Use as regular IO        ; DataRT[4]               ; Dual Purpose Pin          ;
; P24      ; CONF_DONE                             ; -                        ; -                       ; Dedicated Programming Pin ;
; N22      ; MSEL0                                 ; -                        ; -                       ; Dedicated Programming Pin ;
; P23      ; MSEL1                                 ; -                        ; -                       ; Dedicated Programming Pin ;
; M22      ; MSEL2                                 ; -                        ; -                       ; Dedicated Programming Pin ;
; P22      ; MSEL3                                 ; -                        ; -                       ; Dedicated Programming Pin ;
; P26      ; DIFFIO_R24n, INIT_DONE                ; Use as regular IO        ; Instruction_WB[26]      ; Dual Purpose Pin          ;
; P25      ; DIFFIO_R24p, CRC_ERROR                ; Use as regular IO        ; Instruction_ID[27]      ; Dual Purpose Pin          ;
; P28      ; DIFFIO_R23n, nCEO                     ; Use as programming pin   ; ~ALTERA_nCEO~           ; Dual Purpose Pin          ;
; P27      ; DIFFIO_R23p, CLKUSR                   ; Use as regular IO        ; Instruction_EX[31]      ; Dual Purpose Pin          ;
; G28      ; DIFFIO_R15n, nWE                      ; Use as regular IO        ; Instruction_WB[31]      ; Dual Purpose Pin          ;
; G27      ; DIFFIO_R15p, nOE                      ; Use as regular IO        ; Instruction_MEM[27]     ; Dual Purpose Pin          ;
; F28      ; DIFFIO_R13n, nAVD                     ; Use as regular IO        ; Instruction_WB[2]       ; Dual Purpose Pin          ;
; F27      ; DIFFIO_R13p                           ; Use as regular IO        ; ALUResultEX[0]          ; Dual Purpose Pin          ;
; E28      ; DIFFIO_R12n, PADD23                   ; Use as regular IO        ; PCValue[1]              ; Dual Purpose Pin          ;
; B22      ; DIFFIO_T53p, PADD0                    ; Use as regular IO        ; Instruction_ID[19]      ; Dual Purpose Pin          ;
; C18      ; DIFFIO_T50n, PADD1                    ; Use as regular IO        ; Instruction_ID[22]      ; Dual Purpose Pin          ;
; D18      ; DIFFIO_T50p, PADD2                    ; Use as regular IO        ; Instruction_ID[16]      ; Dual Purpose Pin          ;
; C17      ; DIFFIO_T46n, PADD3                    ; Use as regular IO        ; Address_to_w_r_MEM[7]   ; Dual Purpose Pin          ;
; D17      ; DIFFIO_T46p, PADD4, DQS2T/CQ3T,DPCLK8 ; Use as regular IO        ; Data_goingtobe[4]       ; Dual Purpose Pin          ;
; A19      ; DIFFIO_T45n, PADD5                    ; Use as regular IO        ; Instruction_IF[11]      ; Dual Purpose Pin          ;
; B19      ; DIFFIO_T45p, PADD6                    ; Use as regular IO        ; Instruction_IF[15]      ; Dual Purpose Pin          ;
; A18      ; DIFFIO_T44n, PADD7                    ; Use as regular IO        ; Instruction_ID[30]      ; Dual Purpose Pin          ;
; B18      ; DIFFIO_T44p, PADD8                    ; Use as regular IO        ; Instruction_EX[19]      ; Dual Purpose Pin          ;
+----------+---------------------------------------+--------------------------+-------------------------+---------------------------+


+------------------------------------------------------------+
; I/O Bank Usage                                             ;
+----------+------------------+---------------+--------------+
; I/O Bank ; Usage            ; VCCIO Voltage ; VREF Voltage ;
+----------+------------------+---------------+--------------+
; 1        ; 5 / 56 ( 9 % )   ; 2.5V          ; --           ;
; 2        ; 10 / 63 ( 16 % ) ; 2.5V          ; --           ;
; 3        ; 46 / 73 ( 63 % ) ; 2.5V          ; --           ;
; 4        ; 66 / 71 ( 93 % ) ; 2.5V          ; --           ;
; 5        ; 60 / 65 ( 92 % ) ; 2.5V          ; --           ;
; 6        ; 35 / 58 ( 60 % ) ; 2.5V          ; --           ;
; 7        ; 31 / 72 ( 43 % ) ; 2.5V          ; --           ;
; 8        ; 0 / 71 ( 0 % )   ; 2.5V          ; --           ;
+----------+------------------+---------------+--------------+


+-----------------------------------------------------------------------------------------------------------------------------------------------------------------------------------------+
; All Package Pins                                                                                                                                                                        ;
+----------+------------+----------+-----------------------------------------------------------+--------+--------------+---------+------------+-----------------+----------+--------------+
; Location ; Pad Number ; I/O Bank ; Pin Name/Usage                                            ; Dir.   ; I/O Standard ; Voltage ; I/O Type   ; User Assignment ; Bus Hold ; Weak Pull Up ;
+----------+------------+----------+-----------------------------------------------------------+--------+--------------+---------+------------+-----------------+----------+--------------+
; A2       ;            ; 8        ; VCCIO8                                                    ; power  ;              ; 2.5V    ; --         ;                 ; --       ; --           ;
; A3       ; 535        ; 8        ; RESERVED_INPUT_WITH_WEAK_PULLUP                           ;        ;              ;         ; Column I/O ;                 ; no       ; On           ;
; A4       ; 532        ; 8        ; RESERVED_INPUT_WITH_WEAK_PULLUP                           ;        ;              ;         ; Column I/O ;                 ; no       ; On           ;
; A5       ;            ; 8        ; VCCIO8                                                    ; power  ;              ; 2.5V    ; --         ;                 ; --       ; --           ;
; A6       ; 504        ; 8        ; RESERVED_INPUT_WITH_WEAK_PULLUP                           ;        ;              ;         ; Column I/O ;                 ; no       ; On           ;
; A7       ; 501        ; 8        ; RESERVED_INPUT_WITH_WEAK_PULLUP                           ;        ;              ;         ; Column I/O ;                 ; no       ; On           ;
; A8       ; 517        ; 8        ; RESERVED_INPUT_WITH_WEAK_PULLUP                           ;        ;              ;         ; Column I/O ;                 ; no       ; On           ;
; A9       ;            ; 8        ; VCCIO8                                                    ; power  ;              ; 2.5V    ; --         ;                 ; --       ; --           ;
; A10      ; 491        ; 8        ; RESERVED_INPUT_WITH_WEAK_PULLUP                           ;        ;              ;         ; Column I/O ;                 ; no       ; On           ;
; A11      ; 487        ; 8        ; RESERVED_INPUT_WITH_WEAK_PULLUP                           ;        ;              ;         ; Column I/O ;                 ; no       ; On           ;
; A12      ; 482        ; 8        ; RESERVED_INPUT_WITH_WEAK_PULLUP                           ;        ;              ;         ; Column I/O ;                 ; no       ; On           ;
; A13      ;            ; 8        ; VCCIO8                                                    ; power  ;              ; 2.5V    ; --         ;                 ; --       ; --           ;
; A14      ; 472        ; 8        ; GND+                                                      ;        ;              ;         ; Column I/O ;                 ; --       ; --           ;
; A15      ; 470        ; 7        ; GND+                                                      ;        ;              ;         ; Column I/O ;                 ; --       ; --           ;
; A16      ;            ; 7        ; VCCIO7                                                    ; power  ;              ; 2.5V    ; --         ;                 ; --       ; --           ;
; A17      ; 462        ; 7        ; RESERVED_INPUT_WITH_WEAK_PULLUP                           ;        ;              ;         ; Column I/O ;                 ; no       ; On           ;
; A18      ; 442        ; 7        ; Instruction_ID[30]                                        ; output ; 2.5 V        ;         ; Column I/O ; N               ; no       ; Off          ;
; A19      ; 440        ; 7        ; Instruction_IF[11]                                        ; output ; 2.5 V        ;         ; Column I/O ; N               ; no       ; Off          ;
; A20      ;            ; 7        ; VCCIO7                                                    ; power  ;              ; 2.5V    ; --         ;                 ; --       ; --           ;
; A21      ; 425        ; 7        ; rtIF[3]                                                   ; output ; 2.5 V        ;         ; Column I/O ; N               ; no       ; Off          ;
; A22      ; 423        ; 7        ; Instruction_MEM[9]                                        ; output ; 2.5 V        ;         ; Column I/O ; N               ; no       ; Off          ;
; A23      ; 412        ; 7        ; Instruction_WB[8]                                         ; output ; 2.5 V        ;         ; Column I/O ; N               ; no       ; Off          ;
; A24      ;            ; 7        ; VCCIO7                                                    ; power  ;              ; 2.5V    ; --         ;                 ; --       ; --           ;
; A25      ; 405        ; 7        ; RESERVED_INPUT_WITH_WEAK_PULLUP                           ;        ;              ;         ; Column I/O ;                 ; no       ; On           ;
; A26      ; 404        ; 7        ; RESERVED_INPUT_WITH_WEAK_PULLUP                           ;        ;              ;         ; Column I/O ;                 ; no       ; On           ;
; A27      ;            ; 7        ; VCCIO7                                                    ; power  ;              ; 2.5V    ; --         ;                 ; --       ; --           ;
; AA1      ;            ; 2        ; VCCIO2                                                    ; power  ;              ; 2.5V    ; --         ;                 ; --       ; --           ;
; AA2      ;            ;          ; GND                                                       ; gnd    ;              ;         ; --         ;                 ; --       ; --           ;
; AA3      ; 102        ; 2        ; RESERVED_INPUT_WITH_WEAK_PULLUP                           ;        ;              ;         ; Row I/O    ;                 ; no       ; On           ;
; AA4      ; 101        ; 2        ; RESERVED_INPUT_WITH_WEAK_PULLUP                           ;        ;              ;         ; Row I/O    ;                 ; no       ; On           ;
; AA5      ; 119        ; 2        ; RESERVED_INPUT_WITH_WEAK_PULLUP                           ;        ;              ;         ; Row I/O    ;                 ; no       ; On           ;
; AA6      ; 118        ; 2        ; RESERVED_INPUT_WITH_WEAK_PULLUP                           ;        ;              ;         ; Row I/O    ;                 ; no       ; On           ;
; AA7      ; 120        ; 2        ; RESERVED_INPUT_WITH_WEAK_PULLUP                           ;        ;              ;         ; Row I/O    ;                 ; no       ; On           ;
; AA8      ; 154        ; 3        ; Instruction_WB[5]                                         ; output ; 2.5 V        ;         ; Column I/O ; N               ; no       ; Off          ;
; AA9      ;            ;          ; GNDA1                                                     ; gnd    ;              ;         ; --         ;                 ; --       ; --           ;
; AA10     ; 155        ; 3        ; Instruction_ID[24]                                        ; output ; 2.5 V        ;         ; Column I/O ; N               ; no       ; Off          ;
; AA11     ;            ; 3        ; VCCIO3                                                    ; power  ;              ; 2.5V    ; --         ;                 ; --       ; --           ;
; AA12     ; 188        ; 3        ; Instruction_EX[7]                                         ; output ; 2.5 V        ;         ; Column I/O ; N               ; no       ; Off          ;
; AA13     ; 190        ; 3        ; ALUop2[1]                                                 ; output ; 2.5 V        ;         ; Column I/O ; N               ; no       ; Off          ;
; AA14     ; 191        ; 3        ; Instruction_IF[27]                                        ; output ; 2.5 V        ;         ; Column I/O ; N               ; no       ; Off          ;
; AA15     ; 213        ; 4        ; ALUop1[6]                                                 ; output ; 2.5 V        ;         ; Column I/O ; N               ; no       ; Off          ;
; AA16     ; 211        ; 4        ; Instruction_IF[14]                                        ; output ; 2.5 V        ;         ; Column I/O ; N               ; no       ; Off          ;
; AA17     ; 241        ; 4        ; DataRS[3]                                                 ; output ; 2.5 V        ;         ; Column I/O ; N               ; no       ; Off          ;
; AA18     ;            ; 4        ; VCCIO4                                                    ; power  ;              ; 2.5V    ; --         ;                 ; --       ; --           ;
; AA19     ; 264        ; 4        ; Instruction_WB[22]                                        ; output ; 2.5 V        ;         ; Column I/O ; N               ; no       ; Off          ;
; AA20     ;            ;          ; GNDA4                                                     ; gnd    ;              ;         ; --         ;                 ; --       ; --           ;
; AA21     ; 269        ; 4        ; Instruction_EX[23]                                        ; output ; 2.5 V        ;         ; Column I/O ; N               ; no       ; Off          ;
; AA22     ; 275        ; 5        ; Instruction_EX[16]                                        ; output ; 2.5 V        ;         ; Row I/O    ; N               ; no       ; Off          ;
; AA23     ; 280        ; 5        ; Instruction_MEM[23]                                       ; output ; 2.5 V        ;         ; Row I/O    ; N               ; no       ; Off          ;
; AA24     ; 279        ; 5        ; Instruction_MEM[24]                                       ; output ; 2.5 V        ;         ; Row I/O    ; N               ; no       ; Off          ;
; AA25     ; 294        ; 5        ; Instruction_EX[15]                                        ; output ; 2.5 V        ;         ; Row I/O    ; N               ; no       ; Off          ;
; AA26     ; 293        ; 5        ; Instruction_MEM[15]                                       ; output ; 2.5 V        ;         ; Row I/O    ; N               ; no       ; Off          ;
; AA27     ;            ;          ; GND                                                       ; gnd    ;              ;         ; --         ;                 ; --       ; --           ;
; AA28     ;            ; 5        ; VCCIO5                                                    ; power  ;              ; 2.5V    ; --         ;                 ; --       ; --           ;
; AB1      ; 86         ; 2        ; RESERVED_INPUT_WITH_WEAK_PULLUP                           ;        ;              ;         ; Row I/O    ;                 ; no       ; On           ;
; AB2      ; 85         ; 2        ; RESERVED_INPUT_WITH_WEAK_PULLUP                           ;        ;              ;         ; Row I/O    ;                 ; no       ; On           ;
; AB3      ; 99         ; 2        ; RESERVED_INPUT_WITH_WEAK_PULLUP                           ;        ;              ;         ; Row I/O    ;                 ; no       ; On           ;
; AB4      ; 121        ; 2        ; RESERVED_INPUT_WITH_WEAK_PULLUP                           ;        ;              ;         ; Row I/O    ;                 ; --       ; --           ;
; AB5      ; 127        ; 2        ; RESERVED_INPUT_WITH_WEAK_PULLUP                           ;        ;              ;         ; Row I/O    ;                 ; no       ; On           ;
; AB6      ; 126        ; 2        ; RESERVED_INPUT_WITH_WEAK_PULLUP                           ;        ;              ;         ; Row I/O    ;                 ; no       ; On           ;
; AB7      ; 152        ; 3        ; RESERVED_INPUT_WITH_WEAK_PULLUP                           ;        ;              ;         ; Column I/O ;                 ; no       ; On           ;
; AB8      ; 148        ; 3        ; RESERVED_INPUT_WITH_WEAK_PULLUP                           ;        ;              ;         ; Column I/O ;                 ; no       ; On           ;
; AB9      ; 147        ; 3        ; RESERVED_INPUT_WITH_WEAK_PULLUP                           ;        ;              ;         ; Column I/O ;                 ; no       ; On           ;
; AB10     ; 173        ; 3        ; Instruction_IF[18]                                        ; output ; 2.5 V        ;         ; Column I/O ; N               ; no       ; Off          ;
; AB11     ; 164        ; 3        ; rsIF[4]                                                   ; output ; 2.5 V        ;         ; Column I/O ; N               ; no       ; Off          ;
; AB12     ; 180        ; 3        ; Instruction_WB[3]                                         ; output ; 2.5 V        ;         ; Column I/O ; N               ; no       ; Off          ;
; AB13     ; 181        ; 3        ; Instruction_EX[30]                                        ; output ; 2.5 V        ;         ; Column I/O ; N               ; no       ; Off          ;
; AB14     ; 192        ; 3        ; Instruction_ID[5]                                         ; output ; 2.5 V        ;         ; Column I/O ; N               ; no       ; Off          ;
; AB15     ; 214        ; 4        ; ALUop1[2]                                                 ; output ; 2.5 V        ;         ; Column I/O ; N               ; no       ; Off          ;
; AB16     ; 212        ; 4        ; Instruction_MEM[6]                                        ; output ; 2.5 V        ;         ; Column I/O ; N               ; no       ; Off          ;
; AB17     ; 242        ; 4        ; Instruction_ID[2]                                         ; output ; 2.5 V        ;         ; Column I/O ; N               ; no       ; Off          ;
; AB18     ; 254        ; 4        ; Instruction_MEM[10]                                       ; output ; 2.5 V        ;         ; Column I/O ; N               ; no       ; Off          ;
; AB19     ; 253        ; 4        ; Instruction_EX[10]                                        ; output ; 2.5 V        ;         ; Column I/O ; N               ; no       ; Off          ;
; AB20     ; 257        ; 4        ; Instruction_WB[12]                                        ; output ; 2.5 V        ;         ; Column I/O ; N               ; no       ; Off          ;
; AB21     ; 266        ; 4        ; Instruction_MEM[21]                                       ; output ; 2.5 V        ;         ; Column I/O ; N               ; no       ; Off          ;
; AB22     ; 265        ; 4        ; Instruction_MEM[22]                                       ; output ; 2.5 V        ;         ; Column I/O ; N               ; no       ; Off          ;
; AB23     ; 276        ; 5        ; Instruction_WB[23]                                        ; output ; 2.5 V        ;         ; Row I/O    ; N               ; no       ; Off          ;
; AB24     ; 274        ; 5        ; RESERVED_INPUT_WITH_WEAK_PULLUP                           ;        ;              ;         ; Row I/O    ;                 ; no       ; On           ;
; AB25     ; 292        ; 5        ; Instruction_MEM[1]                                        ; output ; 2.5 V        ;         ; Row I/O    ; N               ; no       ; Off          ;
; AB26     ; 291        ; 5        ; Instruction_EX[1]                                         ; output ; 2.5 V        ;         ; Row I/O    ; N               ; no       ; Off          ;
; AB27     ; 296        ; 5        ; Data_from_address_MEM[5]                                  ; output ; 2.5 V        ;         ; Row I/O    ; N               ; no       ; Off          ;
; AB28     ; 295        ; 5        ; ALUResultEX[4]                                            ; output ; 2.5 V        ;         ; Row I/O    ; N               ; no       ; Off          ;
; AC1      ; 94         ; 2        ; DataRT[7]                                                 ; output ; 2.5 V        ;         ; Row I/O    ; N               ; no       ; Off          ;
; AC2      ; 93         ; 2        ; RESERVED_INPUT_WITH_WEAK_PULLUP                           ;        ;              ;         ; Row I/O    ;                 ; no       ; On           ;
; AC3      ; 95         ; 2        ; Instruction_ID[21]                                        ; output ; 2.5 V        ;         ; Row I/O    ; N               ; no       ; Off          ;
; AC4      ; 125        ; 2        ; RESERVED_INPUT_WITH_WEAK_PULLUP                           ;        ;              ;         ; Row I/O    ;                 ; no       ; On           ;
; AC5      ; 124        ; 2        ; RESERVED_INPUT_WITH_WEAK_PULLUP                           ;        ;              ;         ; Row I/O    ;                 ; no       ; On           ;
; AC6      ;            ;          ; GND                                                       ; gnd    ;              ;         ; --         ;                 ; --       ; --           ;
; AC7      ; 144        ; 3        ; RESERVED_INPUT_WITH_WEAK_PULLUP                           ;        ;              ;         ; Column I/O ;                 ; no       ; On           ;
; AC8      ; 153        ; 3        ; ALUResultEX[3]                                            ; output ; 2.5 V        ;         ; Column I/O ; N               ; no       ; Off          ;
; AC9      ;            ;          ; GND                                                       ; gnd    ;              ;         ; --         ;                 ; --       ; --           ;
; AC10     ; 174        ; 3        ; Instruction_IF[29]                                        ; output ; 2.5 V        ;         ; Column I/O ; N               ; no       ; Off          ;
; AC11     ; 185        ; 3        ; Instruction_EX[13]                                        ; output ; 2.5 V        ;         ; Column I/O ; N               ; no       ; Off          ;
; AC12     ; 179        ; 3        ; ALUop2[6]                                                 ; output ; 2.5 V        ;         ; Column I/O ; N               ; no       ; Off          ;
; AC13     ;            ;          ; GND                                                       ; gnd    ;              ;         ; --         ;                 ; --       ; --           ;
; AC14     ; 195        ; 3        ; Instruction_ID[1]                                         ; output ; 2.5 V        ;         ; Column I/O ; N               ; no       ; Off          ;
; AC15     ; 203        ; 4        ; Instruction_WB[13]                                        ; output ; 2.5 V        ;         ; Column I/O ; N               ; no       ; Off          ;
; AC16     ;            ;          ; GND                                                       ; gnd    ;              ;         ; --         ;                 ; --       ; --           ;
; AC17     ; 221        ; 4        ; Instruction_IF[6]                                         ; output ; 2.5 V        ;         ; Column I/O ; N               ; no       ; Off          ;
; AC18     ; 240        ; 4        ; Instruction_MEM[18]                                       ; output ; 2.5 V        ;         ; Column I/O ; N               ; no       ; Off          ;
; AC19     ; 247        ; 4        ; Instruction_MEM[4]                                        ; output ; 2.5 V        ;         ; Column I/O ; N               ; no       ; Off          ;
; AC20     ;            ;          ; GND                                                       ; gnd    ;              ;         ; --         ;                 ; --       ; --           ;
; AC21     ; 258        ; 4        ; Instruction_EX[8]                                         ; output ; 2.5 V        ;         ; Column I/O ; N               ; no       ; Off          ;
; AC22     ; 267        ; 4        ; Instruction_EX[22]                                        ; output ; 2.5 V        ;         ; Column I/O ; N               ; no       ; Off          ;
; AC23     ;            ;          ; GND                                                       ; gnd    ;              ;         ; --         ;                 ; --       ; --           ;
; AC24     ; 273        ; 5        ; Instruction_MEM[16]                                       ; output ; 2.5 V        ;         ; Row I/O    ; N               ; no       ; Off          ;
; AC25     ; 272        ; 5        ; Instruction_WB[16]                                        ; output ; 2.5 V        ;         ; Row I/O    ; N               ; no       ; Off          ;
; AC26     ; 282        ; 5        ; Instruction_EX[24]                                        ; output ; 2.5 V        ;         ; Row I/O    ; N               ; no       ; Off          ;
; AC27     ; 290        ; 5        ; Instruction_EX[6]                                         ; output ; 2.5 V        ;         ; Row I/O    ; N               ; no       ; Off          ;
; AC28     ; 289        ; 5        ; Instruction_WB[1]                                         ; output ; 2.5 V        ;         ; Row I/O    ; N               ; no       ; Off          ;
; AD1      ; 98         ; 2        ; RESERVED_INPUT_WITH_WEAK_PULLUP                           ;        ;              ;         ; Row I/O    ;                 ; no       ; On           ;
; AD2      ; 97         ; 2        ; RESERVED_INPUT_WITH_WEAK_PULLUP                           ;        ;              ;         ; Row I/O    ;                 ; no       ; On           ;
; AD3      ; 96         ; 2        ; RESERVED_INPUT_WITH_WEAK_PULLUP                           ;        ;              ;         ; Row I/O    ;                 ; no       ; On           ;
; AD4      ; 130        ; 3        ; RESERVED_INPUT_WITH_WEAK_PULLUP                           ;        ;              ;         ; Column I/O ;                 ; no       ; On           ;
; AD5      ; 128        ; 3        ; RESERVED_INPUT_WITH_WEAK_PULLUP                           ;        ;              ;         ; Column I/O ;                 ; no       ; On           ;
; AD6      ;            ; 3        ; VCCIO3                                                    ; power  ;              ; 2.5V    ; --         ;                 ; --       ; --           ;
; AD7      ; 134        ; 3        ; RESERVED_INPUT_WITH_WEAK_PULLUP                           ;        ;              ;         ; Column I/O ;                 ; no       ; On           ;
; AD8      ; 143        ; 3        ; RESERVED_INPUT_WITH_WEAK_PULLUP                           ;        ;              ;         ; Column I/O ;                 ; no       ; On           ;
; AD9      ;            ; 3        ; VCCIO3                                                    ; power  ;              ; 2.5V    ; --         ;                 ; --       ; --           ;
; AD10     ; 149        ; 3        ; RESERVED_INPUT_WITH_WEAK_PULLUP                           ;        ;              ;         ; Column I/O ;                 ; no       ; On           ;
; AD11     ; 186        ; 3        ; Instruction_EX[20]                                        ; output ; 2.5 V        ;         ; Column I/O ; N               ; no       ; Off          ;
; AD12     ; 182        ; 3        ; Instruction_ID[15]                                        ; output ; 2.5 V        ;         ; Column I/O ; N               ; no       ; Off          ;
; AD13     ;            ; 3        ; VCCIO3                                                    ; power  ;              ; 2.5V    ; --         ;                 ; --       ; --           ;
; AD14     ; 196        ; 3        ; Data_from_address_MEM[0]                                  ; output ; 2.5 V        ;         ; Column I/O ; N               ; no       ; Off          ;
; AD15     ; 204        ; 4        ; rtIF[2]                                                   ; output ; 2.5 V        ;         ; Column I/O ; N               ; no       ; Off          ;
; AD16     ;            ; 4        ; VCCIO4                                                    ; power  ;              ; 2.5V    ; --         ;                 ; --       ; --           ;
; AD17     ; 222        ; 4        ; Data_goingtobe[5]                                         ; output ; 2.5 V        ;         ; Column I/O ; N               ; no       ; Off          ;
; AD18     ; 237        ; 4        ; Instruction_IF[16]                                        ; output ; 2.5 V        ;         ; Column I/O ; N               ; no       ; Off          ;
; AD19     ; 248        ; 4        ; Data_from_address_MEM[7]                                  ; output ; 2.5 V        ;         ; Column I/O ; N               ; no       ; Off          ;
; AD20     ;            ; 4        ; VCCIO4                                                    ; power  ;              ; 2.5V    ; --         ;                 ; --       ; --           ;
; AD21     ; 259        ; 4        ; Instruction_MEM[12]                                       ; output ; 2.5 V        ;         ; Column I/O ; N               ; no       ; Off          ;
; AD22     ; 268        ; 4        ; RESERVED_INPUT_WITH_WEAK_PULLUP                           ;        ;              ;         ; Column I/O ;                 ; no       ; On           ;
; AD23     ;            ; 4        ; VCCIO4                                                    ; power  ;              ; 2.5V    ; --         ;                 ; --       ; --           ;
; AD24     ; 260        ; 4        ; Instruction_ID[10]                                        ; output ; 2.5 V        ;         ; Column I/O ; N               ; no       ; Off          ;
; AD25     ; 255        ; 4        ; Instruction_WB[10]                                        ; output ; 2.5 V        ;         ; Column I/O ; N               ; no       ; Off          ;
; AD26     ; 281        ; 5        ; Instruction_MEM[25]                                       ; output ; 2.5 V        ;         ; Row I/O    ; N               ; no       ; Off          ;
; AD27     ; 286        ; 5        ; Instruction_WB[20]                                        ; output ; 2.5 V        ;         ; Row I/O    ; N               ; no       ; Off          ;
; AD28     ; 285        ; 5        ; RESERVED_INPUT_WITH_WEAK_PULLUP                           ;        ;              ;         ; Row I/O    ;                 ; no       ; On           ;
; AE1      ; 106        ; 2        ; RESERVED_INPUT_WITH_WEAK_PULLUP                           ;        ;              ;         ; Row I/O    ;                 ; no       ; On           ;
; AE2      ; 105        ; 2        ; RESERVED_INPUT_WITH_WEAK_PULLUP                           ;        ;              ;         ; Row I/O    ;                 ; no       ; On           ;
; AE3      ; 122        ; 2        ; RESERVED_INPUT_WITH_WEAK_PULLUP                           ;        ;              ;         ; Row I/O    ;                 ; no       ; On           ;
; AE4      ; 132        ; 3        ; RESERVED_INPUT_WITH_WEAK_PULLUP                           ;        ;              ;         ; Column I/O ;                 ; no       ; On           ;
; AE5      ; 135        ; 3        ; RESERVED_INPUT_WITH_WEAK_PULLUP                           ;        ;              ;         ; Column I/O ;                 ; no       ; On           ;
; AE6      ; 129        ; 3        ; RESERVED_INPUT_WITH_WEAK_PULLUP                           ;        ;              ;         ; Column I/O ;                 ; no       ; On           ;
; AE7      ; 158        ; 3        ; Instruction_WB[28]                                        ; output ; 2.5 V        ;         ; Column I/O ; N               ; no       ; Off          ;
; AE8      ; 161        ; 3        ; Instruction_EX[28]                                        ; output ; 2.5 V        ;         ; Column I/O ; N               ; no       ; Off          ;
; AE9      ; 163        ; 3        ; Instruction_ID[28]                                        ; output ; 2.5 V        ;         ; Column I/O ; N               ; no       ; Off          ;
; AE10     ; 165        ; 3        ; Instruction_ID[25]                                        ; output ; 2.5 V        ;         ; Column I/O ; N               ; no       ; Off          ;
; AE11     ; 171        ; 3        ; Instruction_MEM[29]                                       ; output ; 2.5 V        ;         ; Column I/O ; N               ; no       ; Off          ;
; AE12     ; 169        ; 3        ; Instruction_MEM[30]                                       ; output ; 2.5 V        ;         ; Column I/O ; N               ; no       ; Off          ;
; AE13     ; 177        ; 3        ; Instruction_EX[5]                                         ; output ; 2.5 V        ;         ; Column I/O ; N               ; no       ; Off          ;
; AE14     ; 183        ; 3        ; Instruction_MEM[0]                                        ; output ; 2.5 V        ;         ; Column I/O ; N               ; no       ; Off          ;
; AE15     ; 205        ; 4        ; Instruction_ID[18]                                        ; output ; 2.5 V        ;         ; Column I/O ; N               ; no       ; Off          ;
; AE16     ; 209        ; 4        ; ALUop2[2]                                                 ; output ; 2.5 V        ;         ; Column I/O ; N               ; no       ; Off          ;
; AE17     ; 215        ; 4        ; ALUop2[5]                                                 ; output ; 2.5 V        ;         ; Column I/O ; N               ; no       ; Off          ;
; AE18     ; 225        ; 4        ; Instruction_IF[19]                                        ; output ; 2.5 V        ;         ; Column I/O ; N               ; no       ; Off          ;
; AE19     ; 231        ; 4        ; Data_goingtobe[1]                                         ; output ; 2.5 V        ;         ; Column I/O ; N               ; no       ; Off          ;
; AE20     ; 235        ; 4        ; Instruction_IF[12]                                        ; output ; 2.5 V        ;         ; Column I/O ; N               ; no       ; Off          ;
; AE21     ; 238        ; 4        ; PCValue[2]                                                ; output ; 2.5 V        ;         ; Column I/O ; N               ; no       ; Off          ;
; AE22     ; 251        ; 4        ; Instruction_ID[9]                                         ; output ; 2.5 V        ;         ; Column I/O ; N               ; no       ; Off          ;
; AE23     ; 261        ; 4        ; Instruction_EX[21]                                        ; output ; 2.5 V        ;         ; Column I/O ; N               ; no       ; Off          ;
; AE24     ; 256        ; 4        ; Instruction_EX[12]                                        ; output ; 2.5 V        ;         ; Column I/O ; N               ; no       ; Off          ;
; AE25     ; 243        ; 4        ; PCValue[5]                                                ; output ; 2.5 V        ;         ; Column I/O ; N               ; no       ; Off          ;
; AE26     ; 278        ; 5        ; Instruction_WB[25]                                        ; output ; 2.5 V        ;         ; Row I/O    ; N               ; no       ; Off          ;
; AE27     ; 284        ; 5        ; RESERVED_INPUT_WITH_WEAK_PULLUP                           ;        ;              ;         ; Row I/O    ;                 ; no       ; On           ;
; AE28     ; 283        ; 5        ; Instruction_EX[25]                                        ; output ; 2.5 V        ;         ; Row I/O    ; N               ; no       ; Off          ;
; AF1      ;            ;          ; GND                                                       ; gnd    ;              ;         ; --         ;                 ; --       ; --           ;
; AF2      ; 123        ; 2        ; RESERVED_INPUT_WITH_WEAK_PULLUP                           ;        ;              ;         ; Row I/O    ;                 ; no       ; On           ;
; AF3      ; 138        ; 3        ; RESERVED_INPUT_WITH_WEAK_PULLUP                           ;        ;              ;         ; Column I/O ;                 ; no       ; On           ;
; AF4      ; 131        ; 3        ; RESERVED_INPUT_WITH_WEAK_PULLUP                           ;        ;              ;         ; Column I/O ;                 ; no       ; On           ;
; AF5      ; 136        ; 3        ; RESERVED_INPUT_WITH_WEAK_PULLUP                           ;        ;              ;         ; Column I/O ;                 ; no       ; On           ;
; AF6      ; 139        ; 3        ; RESERVED_INPUT_WITH_WEAK_PULLUP                           ;        ;              ;         ; Column I/O ;                 ; no       ; On           ;
; AF7      ; 159        ; 3        ; Instruction_ID[17]                                        ; output ; 2.5 V        ;         ; Column I/O ; N               ; no       ; Off          ;
; AF8      ; 162        ; 3        ; Instruction_MEM[28]                                       ; output ; 2.5 V        ;         ; Column I/O ; N               ; no       ; Off          ;
; AF9      ; 160        ; 3        ; rtIF[1]                                                   ; output ; 2.5 V        ;         ; Column I/O ; N               ; no       ; Off          ;
; AF10     ; 166        ; 3        ; Instruction_WB[29]                                        ; output ; 2.5 V        ;         ; Column I/O ; N               ; no       ; Off          ;
; AF11     ; 172        ; 3        ; Instruction_EX[29]                                        ; output ; 2.5 V        ;         ; Column I/O ; N               ; no       ; Off          ;
; AF12     ; 170        ; 3        ; Instruction_WB[19]                                        ; output ; 2.5 V        ;         ; Column I/O ; N               ; no       ; Off          ;
; AF13     ; 178        ; 3        ; Instruction_IF[17]                                        ; output ; 2.5 V        ;         ; Column I/O ; N               ; no       ; Off          ;
; AF14     ; 184        ; 3        ; ALUResultEX[5]                                            ; output ; 2.5 V        ;         ; Column I/O ; N               ; no       ; Off          ;
; AF15     ; 206        ; 4        ; Instruction_WB[7]                                         ; output ; 2.5 V        ;         ; Column I/O ; N               ; no       ; Off          ;
; AF16     ; 210        ; 4        ; Instruction_EX[11]                                        ; output ; 2.5 V        ;         ; Column I/O ; N               ; no       ; Off          ;
; AF17     ; 216        ; 4        ; ALUop2[0]                                                 ; output ; 2.5 V        ;         ; Column I/O ; N               ; no       ; Off          ;
; AF18     ; 226        ; 4        ; Instruction_IF[24]                                        ; output ; 2.5 V        ;         ; Column I/O ; N               ; no       ; Off          ;
; AF19     ; 232        ; 4        ; Address_to_w_r_MEM[2]                                     ; output ; 2.5 V        ;         ; Column I/O ; N               ; no       ; Off          ;
; AF20     ; 236        ; 4        ; PCValue[4]                                                ; output ; 2.5 V        ;         ; Column I/O ; N               ; no       ; Off          ;
; AF21     ; 239        ; 4        ; DataRS[1]                                                 ; output ; 2.5 V        ;         ; Column I/O ; N               ; no       ; Off          ;
; AF22     ; 252        ; 4        ; DataRT[2]                                                 ; output ; 2.5 V        ;         ; Column I/O ; N               ; no       ; Off          ;
; AF23     ; 262        ; 4        ; Instruction_WB[21]                                        ; output ; 2.5 V        ;         ; Column I/O ; N               ; no       ; Off          ;
; AF24     ; 233        ; 4        ; Address_to_w_r_MEM[4]                                     ; output ; 2.5 V        ;         ; Column I/O ; N               ; no       ; Off          ;
; AF25     ; 234        ; 4        ; Data_goingtobe[7]                                         ; output ; 2.5 V        ;         ; Column I/O ; N               ; no       ; Off          ;
; AF26     ; 244        ; 4        ; Instruction_ID[23]                                        ; output ; 2.5 V        ;         ; Column I/O ; N               ; no       ; Off          ;
; AF27     ; 277        ; 5        ; Instruction_WB[24]                                        ; output ; 2.5 V        ;         ; Row I/O    ; N               ; no       ; Off          ;
; AF28     ;            ;          ; GND                                                       ; gnd    ;              ;         ; --         ;                 ; --       ; --           ;
; AG1      ;            ; 2        ; VCCIO2                                                    ; power  ;              ; 2.5V    ; --         ;                 ; --       ; --           ;
; AG2      ;            ;          ; GND                                                       ; gnd    ;              ;         ; --         ;                 ; --       ; --           ;
; AG3      ; 133        ; 3        ; RESERVED_INPUT_WITH_WEAK_PULLUP                           ;        ;              ;         ; Column I/O ;                 ; no       ; On           ;
; AG4      ; 141        ; 3        ; RESERVED_INPUT_WITH_WEAK_PULLUP                           ;        ;              ;         ; Column I/O ;                 ; no       ; On           ;
; AG5      ;            ;          ; GND                                                       ; gnd    ;              ;         ; --         ;                 ; --       ; --           ;
; AG6      ; 145        ; 3        ; RESERVED_INPUT_WITH_WEAK_PULLUP                           ;        ;              ;         ; Column I/O ;                 ; no       ; On           ;
; AG7      ; 150        ; 3        ; RESERVED_INPUT_WITH_WEAK_PULLUP                           ;        ;              ;         ; Column I/O ;                 ; no       ; On           ;
; AG8      ; 156        ; 3        ; rsIF[3]                                                   ; output ; 2.5 V        ;         ; Column I/O ; N               ; no       ; Off          ;
; AG9      ;            ;          ; GND                                                       ; gnd    ;              ;         ; --         ;                 ; --       ; --           ;
; AG10     ; 167        ; 3        ; ALUop2[7]                                                 ; output ; 2.5 V        ;         ; Column I/O ; N               ; no       ; Off          ;
; AG11     ; 175        ; 3        ; Instruction_ID[20]                                        ; output ; 2.5 V        ;         ; Column I/O ; N               ; no       ; Off          ;
; AG12     ; 193        ; 3        ; Instruction_IF[9]                                         ; output ; 2.5 V        ;         ; Column I/O ; N               ; no       ; Off          ;
; AG13     ;            ;          ; GND                                                       ; gnd    ;              ;         ; --         ;                 ; --       ; --           ;
; AG14     ; 199        ; 3        ; GND+                                                      ;        ;              ;         ; Column I/O ;                 ; --       ; --           ;
; AG15     ; 201        ; 4        ; GND+                                                      ;        ;              ;         ; Column I/O ;                 ; --       ; --           ;
; AG16     ;            ;          ; GND                                                       ; gnd    ;              ;         ; --         ;                 ; --       ; --           ;
; AG17     ; 207        ; 4        ; Instruction_WB[11]                                        ; output ; 2.5 V        ;         ; Column I/O ; N               ; no       ; Off          ;
; AG18     ; 217        ; 4        ; Instruction_IF[22]                                        ; output ; 2.5 V        ;         ; Column I/O ; N               ; no       ; Off          ;
; AG19     ; 219        ; 4        ; Instruction_ID[12]                                        ; output ; 2.5 V        ;         ; Column I/O ; N               ; no       ; Off          ;
; AG20     ;            ;          ; GND                                                       ; gnd    ;              ;         ; --         ;                 ; --       ; --           ;
; AG21     ; 223        ; 4        ; ALUop1[1]                                                 ; output ; 2.5 V        ;         ; Column I/O ; N               ; no       ; Off          ;
; AG22     ; 227        ; 4        ; Instruction_ID[4]                                         ; output ; 2.5 V        ;         ; Column I/O ; N               ; no       ; Off          ;
; AG23     ; 229        ; 4        ; Data_goingtobe[2]                                         ; output ; 2.5 V        ;         ; Column I/O ; N               ; no       ; Off          ;
; AG24     ;            ;          ; GND                                                       ; gnd    ;              ;         ; --         ;                 ; --       ; --           ;
; AG25     ; 245        ; 4        ; rsIF[2]                                                   ; output ; 2.5 V        ;         ; Column I/O ; N               ; no       ; Off          ;
; AG26     ; 270        ; 4        ; RESERVED_INPUT_WITH_WEAK_PULLUP                           ;        ;              ;         ; Column I/O ;                 ; no       ; On           ;
; AG27     ;            ;          ; GND                                                       ; gnd    ;              ;         ; --         ;                 ; --       ; --           ;
; AG28     ;            ; 5        ; VCCIO5                                                    ; power  ;              ; 2.5V    ; --         ;                 ; --       ; --           ;
; AH2      ;            ; 3        ; VCCIO3                                                    ; power  ;              ; 2.5V    ; --         ;                 ; --       ; --           ;
; AH3      ; 137        ; 3        ; RESERVED_INPUT_WITH_WEAK_PULLUP                           ;        ;              ;         ; Column I/O ;                 ; no       ; On           ;
; AH4      ; 142        ; 3        ; RESERVED_INPUT_WITH_WEAK_PULLUP                           ;        ;              ;         ; Column I/O ;                 ; no       ; On           ;
; AH5      ;            ; 3        ; VCCIO3                                                    ; power  ;              ; 2.5V    ; --         ;                 ; --       ; --           ;
; AH6      ; 146        ; 3        ; RESERVED_INPUT_WITH_WEAK_PULLUP                           ;        ;              ;         ; Column I/O ;                 ; no       ; On           ;
; AH7      ; 151        ; 3        ; RESERVED_INPUT_WITH_WEAK_PULLUP                           ;        ;              ;         ; Column I/O ;                 ; no       ; On           ;
; AH8      ; 157        ; 3        ; RESERVED_INPUT_WITH_WEAK_PULLUP                           ;        ;              ;         ; Column I/O ;                 ; no       ; On           ;
; AH9      ;            ; 3        ; VCCIO3                                                    ; power  ;              ; 2.5V    ; --         ;                 ; --       ; --           ;
; AH10     ; 168        ; 3        ; Instruction_MEM[13]                                       ; output ; 2.5 V        ;         ; Column I/O ; N               ; no       ; Off          ;
; AH11     ; 176        ; 3        ; rtIF[4]                                                   ; output ; 2.5 V        ;         ; Column I/O ; N               ; no       ; Off          ;
; AH12     ; 194        ; 3        ; ALUop1[4]                                                 ; output ; 2.5 V        ;         ; Column I/O ; N               ; no       ; Off          ;
; AH13     ;            ; 3        ; VCCIO3                                                    ; power  ;              ; 2.5V    ; --         ;                 ; --       ; --           ;
; AH14     ; 200        ; 3        ; GReset                                                    ; input  ; 2.5 V        ;         ; Column I/O ; N               ; no       ; Off          ;
; AH15     ; 202        ; 4        ; GND+                                                      ;        ;              ;         ; Column I/O ;                 ; --       ; --           ;
; AH16     ;            ; 4        ; VCCIO4                                                    ; power  ;              ; 2.5V    ; --         ;                 ; --       ; --           ;
; AH17     ; 208        ; 4        ; Instruction_MEM[7]                                        ; output ; 2.5 V        ;         ; Column I/O ; N               ; no       ; Off          ;
; AH18     ; 218        ; 4        ; Instruction_IF[13]                                        ; output ; 2.5 V        ;         ; Column I/O ; N               ; no       ; Off          ;
; AH19     ; 220        ; 4        ; Instruction_ID[7]                                         ; output ; 2.5 V        ;         ; Column I/O ; N               ; no       ; Off          ;
; AH20     ;            ; 4        ; VCCIO4                                                    ; power  ;              ; 2.5V    ; --         ;                 ; --       ; --           ;
; AH21     ; 224        ; 4        ; ALU_Control[1]                                            ; output ; 2.5 V        ;         ; Column I/O ; N               ; no       ; Off          ;
; AH22     ; 228        ; 4        ; Data_goingtobe[3]                                         ; output ; 2.5 V        ;         ; Column I/O ; N               ; no       ; Off          ;
; AH23     ; 230        ; 4        ; Address_to_w_r_MEM[1]                                     ; output ; 2.5 V        ;         ; Column I/O ; N               ; no       ; Off          ;
; AH24     ;            ; 4        ; VCCIO4                                                    ; power  ;              ; 2.5V    ; --         ;                 ; --       ; --           ;
; AH25     ; 246        ; 4        ; DataRT[6]                                                 ; output ; 2.5 V        ;         ; Column I/O ; N               ; no       ; Off          ;
; AH26     ; 271        ; 4        ; RESERVED_INPUT_WITH_WEAK_PULLUP                           ;        ;              ;         ; Column I/O ;                 ; no       ; On           ;
; AH27     ;            ; 4        ; VCCIO4                                                    ; power  ;              ; 2.5V    ; --         ;                 ; --       ; --           ;
; B1       ;            ; 1        ; VCCIO1                                                    ; power  ;              ; 2.5V    ; --         ;                 ; --       ; --           ;
; B2       ;            ;          ; GND                                                       ; gnd    ;              ;         ; --         ;                 ; --       ; --           ;
; B3       ; 534        ; 8        ; RESERVED_INPUT_WITH_WEAK_PULLUP                           ;        ;              ;         ; Column I/O ;                 ; no       ; On           ;
; B4       ; 533        ; 8        ; RESERVED_INPUT_WITH_WEAK_PULLUP                           ;        ;              ;         ; Column I/O ;                 ; no       ; On           ;
; B5       ;            ;          ; GND                                                       ; gnd    ;              ;         ; --         ;                 ; --       ; --           ;
; B6       ; 505        ; 8        ; RESERVED_INPUT_WITH_WEAK_PULLUP                           ;        ;              ;         ; Column I/O ;                 ; no       ; On           ;
; B7       ; 502        ; 8        ; RESERVED_INPUT_WITH_WEAK_PULLUP                           ;        ;              ;         ; Column I/O ;                 ; no       ; On           ;
; B8       ; 518        ; 8        ; RESERVED_INPUT_WITH_WEAK_PULLUP                           ;        ;              ;         ; Column I/O ;                 ; no       ; On           ;
; B9       ;            ;          ; GND                                                       ; gnd    ;              ;         ; --         ;                 ; --       ; --           ;
; B10      ; 492        ; 8        ; RESERVED_INPUT_WITH_WEAK_PULLUP                           ;        ;              ;         ; Column I/O ;                 ; no       ; On           ;
; B11      ; 488        ; 8        ; RESERVED_INPUT_WITH_WEAK_PULLUP                           ;        ;              ;         ; Column I/O ;                 ; no       ; On           ;
; B12      ;            ;          ; GND                                                       ; gnd    ;              ;         ; --         ;                 ; --       ; --           ;
; B13      ;            ;          ; GND                                                       ; gnd    ;              ;         ; --         ;                 ; --       ; --           ;
; B14      ; 473        ; 8        ; GND+                                                      ;        ;              ;         ; Column I/O ;                 ; --       ; --           ;
; B15      ; 471        ; 7        ; GND+                                                      ;        ;              ;         ; Column I/O ;                 ; --       ; --           ;
; B16      ;            ;          ; GND                                                       ; gnd    ;              ;         ; --         ;                 ; --       ; --           ;
; B17      ; 463        ; 7        ; RESERVED_INPUT_WITH_WEAK_PULLUP                           ;        ;              ;         ; Column I/O ;                 ; no       ; On           ;
; B18      ; 443        ; 7        ; Instruction_EX[19]                                        ; output ; 2.5 V        ;         ; Column I/O ; N               ; no       ; Off          ;
; B19      ; 441        ; 7        ; Instruction_IF[15]                                        ; output ; 2.5 V        ;         ; Column I/O ; N               ; no       ; Off          ;
; B20      ;            ;          ; GND                                                       ; gnd    ;              ;         ; --         ;                 ; --       ; --           ;
; B21      ; 426        ; 7        ; Instruction_IF[4]                                         ; output ; 2.5 V        ;         ; Column I/O ; N               ; no       ; Off          ;
; B22      ; 424        ; 7        ; Instruction_ID[19]                                        ; output ; 2.5 V        ;         ; Column I/O ; N               ; no       ; Off          ;
; B23      ; 413        ; 7        ; RESERVED_INPUT_WITH_WEAK_PULLUP                           ;        ;              ;         ; Column I/O ;                 ; no       ; On           ;
; B24      ;            ;          ; GND                                                       ; gnd    ;              ;         ; --         ;                 ; --       ; --           ;
; B25      ; 406        ; 7        ; RESERVED_INPUT_WITH_WEAK_PULLUP                           ;        ;              ;         ; Column I/O ;                 ; no       ; On           ;
; B26      ; 401        ; 7        ; RESERVED_INPUT_WITH_WEAK_PULLUP                           ;        ;              ;         ; Column I/O ;                 ; no       ; On           ;
; B27      ;            ;          ; GND                                                       ; gnd    ;              ;         ; --         ;                 ; --       ; --           ;
; B28      ;            ; 6        ; VCCIO6                                                    ; power  ;              ; 2.5V    ; --         ;                 ; --       ; --           ;
; C1       ;            ;          ; GND                                                       ; gnd    ;              ;         ; --         ;                 ; --       ; --           ;
; C2       ; 1          ; 1        ; RESERVED_INPUT_WITH_WEAK_PULLUP                           ;        ;              ;         ; Row I/O    ;                 ; no       ; On           ;
; C3       ; 543        ; 8        ; RESERVED_INPUT_WITH_WEAK_PULLUP                           ;        ;              ;         ; Column I/O ;                 ; no       ; On           ;
; C4       ; 539        ; 8        ; RESERVED_INPUT_WITH_WEAK_PULLUP                           ;        ;              ;         ; Column I/O ;                 ; no       ; On           ;
; C5       ; 538        ; 8        ; RESERVED_INPUT_WITH_WEAK_PULLUP                           ;        ;              ;         ; Column I/O ;                 ; no       ; On           ;
; C6       ; 536        ; 8        ; RESERVED_INPUT_WITH_WEAK_PULLUP                           ;        ;              ;         ; Column I/O ;                 ; no       ; On           ;
; C7       ; 521        ; 8        ; RESERVED_INPUT_WITH_WEAK_PULLUP                           ;        ;              ;         ; Column I/O ;                 ; no       ; On           ;
; C8       ; 519        ; 8        ; RESERVED_INPUT_WITH_WEAK_PULLUP                           ;        ;              ;         ; Column I/O ;                 ; no       ; On           ;
; C9       ; 510        ; 8        ; RESERVED_INPUT_WITH_WEAK_PULLUP                           ;        ;              ;         ; Column I/O ;                 ; no       ; On           ;
; C10      ; 495        ; 8        ; RESERVED_INPUT_WITH_WEAK_PULLUP                           ;        ;              ;         ; Column I/O ;                 ; no       ; On           ;
; C11      ; 508        ; 8        ; RESERVED_INPUT_WITH_WEAK_PULLUP                           ;        ;              ;         ; Column I/O ;                 ; no       ; On           ;
; C12      ; 478        ; 8        ; RESERVED_INPUT_WITH_WEAK_PULLUP                           ;        ;              ;         ; Column I/O ;                 ; no       ; On           ;
; C13      ; 474        ; 8        ; RESERVED_INPUT_WITH_WEAK_PULLUP                           ;        ;              ;         ; Column I/O ;                 ; no       ; On           ;
; C14      ; 476        ; 8        ; RESERVED_INPUT_WITH_WEAK_PULLUP                           ;        ;              ;         ; Column I/O ;                 ; no       ; On           ;
; C15      ; 468        ; 7        ; RESERVED_INPUT_WITH_WEAK_PULLUP                           ;        ;              ;         ; Column I/O ;                 ; no       ; On           ;
; C16      ; 460        ; 7        ; RESERVED_INPUT_WITH_WEAK_PULLUP                           ;        ;              ;         ; Column I/O ;                 ; no       ; On           ;
; C17      ; 438        ; 7        ; Address_to_w_r_MEM[7]                                     ; output ; 2.5 V        ;         ; Column I/O ; N               ; no       ; Off          ;
; C18      ; 429        ; 7        ; Instruction_ID[22]                                        ; output ; 2.5 V        ;         ; Column I/O ; N               ; no       ; Off          ;
; C19      ; 435        ; 7        ; Instruction_ID[3]                                         ; output ; 2.5 V        ;         ; Column I/O ; N               ; no       ; Off          ;
; C20      ; 431        ; 7        ; Data_from_address_MEM[1]                                  ; output ; 2.5 V        ;         ; Column I/O ; N               ; no       ; Off          ;
; C21      ; 422        ; 7        ; RESERVED_INPUT_WITH_WEAK_PULLUP                           ;        ;              ;         ; Column I/O ;                 ; no       ; On           ;
; C22      ; 418        ; 7        ; RESERVED_INPUT_WITH_WEAK_PULLUP                           ;        ;              ;         ; Column I/O ;                 ; no       ; On           ;
; C23      ; 415        ; 7        ; RESERVED_INPUT_WITH_WEAK_PULLUP                           ;        ;              ;         ; Column I/O ;                 ; no       ; On           ;
; C24      ; 416        ; 7        ; RESERVED_INPUT_WITH_WEAK_PULLUP                           ;        ;              ;         ; Column I/O ;                 ; no       ; On           ;
; C25      ; 411        ; 7        ; RESERVED_INPUT_WITH_WEAK_PULLUP                           ;        ;              ;         ; Column I/O ;                 ; no       ; On           ;
; C26      ; 400        ; 7        ; RESERVED_INPUT_WITH_WEAK_PULLUP                           ;        ;              ;         ; Column I/O ;                 ; no       ; On           ;
; C27      ; 382        ; 6        ; RESERVED_INPUT_WITH_WEAK_PULLUP                           ;        ;              ;         ; Row I/O    ;                 ; no       ; On           ;
; C28      ;            ;          ; GND                                                       ; gnd    ;              ;         ; --         ;                 ; --       ; --           ;
; D1       ; 3          ; 1        ; RESERVED_INPUT_WITH_WEAK_PULLUP                           ;        ;              ;         ; Row I/O    ;                 ; no       ; On           ;
; D2       ; 2          ; 1        ; RESERVED_INPUT_WITH_WEAK_PULLUP                           ;        ;              ;         ; Row I/O    ;                 ; no       ; On           ;
; D3       ;            ;          ; GND                                                       ; gnd    ;              ;         ; --         ;                 ; --       ; --           ;
; D4       ; 540        ; 8        ; RESERVED_INPUT_WITH_WEAK_PULLUP                           ;        ;              ;         ; Column I/O ;                 ; no       ; On           ;
; D5       ; 537        ; 8        ; RESERVED_INPUT_WITH_WEAK_PULLUP                           ;        ;              ;         ; Column I/O ;                 ; no       ; On           ;
; D6       ; 524        ; 8        ; RESERVED_INPUT_WITH_WEAK_PULLUP                           ;        ;              ;         ; Column I/O ;                 ; no       ; On           ;
; D7       ; 522        ; 8        ; RESERVED_INPUT_WITH_WEAK_PULLUP                           ;        ;              ;         ; Column I/O ;                 ; no       ; On           ;
; D8       ; 520        ; 8        ; RESERVED_INPUT_WITH_WEAK_PULLUP                           ;        ;              ;         ; Column I/O ;                 ; no       ; On           ;
; D9       ; 511        ; 8        ; RESERVED_INPUT_WITH_WEAK_PULLUP                           ;        ;              ;         ; Column I/O ;                 ; no       ; On           ;
; D10      ; 496        ; 8        ; RESERVED_INPUT_WITH_WEAK_PULLUP                           ;        ;              ;         ; Column I/O ;                 ; no       ; On           ;
; D11      ; 509        ; 8        ; RESERVED_INPUT_WITH_WEAK_PULLUP                           ;        ;              ;         ; Column I/O ;                 ; no       ; On           ;
; D12      ; 479        ; 8        ; RESERVED_INPUT_WITH_WEAK_PULLUP                           ;        ;              ;         ; Column I/O ;                 ; no       ; On           ;
; D13      ; 475        ; 8        ; RESERVED_INPUT_WITH_WEAK_PULLUP                           ;        ;              ;         ; Column I/O ;                 ; no       ; On           ;
; D14      ; 477        ; 8        ; RESERVED_INPUT_WITH_WEAK_PULLUP                           ;        ;              ;         ; Column I/O ;                 ; no       ; On           ;
; D15      ; 469        ; 7        ; RESERVED_INPUT_WITH_WEAK_PULLUP                           ;        ;              ;         ; Column I/O ;                 ; no       ; On           ;
; D16      ; 461        ; 7        ; RESERVED_INPUT_WITH_WEAK_PULLUP                           ;        ;              ;         ; Column I/O ;                 ; no       ; On           ;
; D17      ; 439        ; 7        ; Data_goingtobe[4]                                         ; output ; 2.5 V        ;         ; Column I/O ; N               ; no       ; Off          ;
; D18      ; 430        ; 7        ; Instruction_ID[16]                                        ; output ; 2.5 V        ;         ; Column I/O ; N               ; no       ; Off          ;
; D19      ; 436        ; 7        ; ALUop2[3]                                                 ; output ; 2.5 V        ;         ; Column I/O ; N               ; no       ; Off          ;
; D20      ; 432        ; 7        ; Instruction_IF[30]                                        ; output ; 2.5 V        ;         ; Column I/O ; N               ; no       ; Off          ;
; D21      ; 419        ; 7        ; RESERVED_INPUT_WITH_WEAK_PULLUP                           ;        ;              ;         ; Column I/O ;                 ; no       ; On           ;
; D22      ; 402        ; 7        ; RESERVED_INPUT_WITH_WEAK_PULLUP                           ;        ;              ;         ; Column I/O ;                 ; no       ; On           ;
; D23      ; 414        ; 7        ; RESERVED_INPUT_WITH_WEAK_PULLUP                           ;        ;              ;         ; Column I/O ;                 ; no       ; On           ;
; D24      ; 417        ; 7        ; RESERVED_INPUT_WITH_WEAK_PULLUP                           ;        ;              ;         ; Column I/O ;                 ; no       ; On           ;
; D25      ; 410        ; 7        ; RESERVED_INPUT_WITH_WEAK_PULLUP                           ;        ;              ;         ; Column I/O ;                 ; no       ; On           ;
; D26      ; 383        ; 6        ; RESERVED_INPUT_WITH_WEAK_PULLUP                           ;        ;              ;         ; Row I/O    ;                 ; no       ; On           ;
; D27      ; 381        ; 6        ; RESERVED_INPUT_WITH_WEAK_PULLUP                           ;        ;              ;         ; Row I/O    ;                 ; no       ; On           ;
; D28      ; 380        ; 6        ; RESERVED_INPUT_WITH_WEAK_PULLUP                           ;        ;              ;         ; Row I/O    ;                 ; no       ; On           ;
; E1       ; 17         ; 1        ; RESERVED_INPUT_WITH_WEAK_PULLUP                           ;        ;              ;         ; Row I/O    ;                 ; no       ; On           ;
; E2       ; 16         ; 1        ; ~ALTERA_FLASH_nCE_nCSO~ / RESERVED_INPUT_WITH_WEAK_PULLUP ; input  ; 2.5 V        ;         ; Row I/O    ; N               ; no       ; On           ;
; E3       ; 7          ; 1        ; RESERVED_INPUT_WITH_WEAK_PULLUP                           ;        ;              ;         ; Row I/O    ;                 ; no       ; On           ;
; E4       ; 541        ; 8        ; RESERVED_INPUT_WITH_WEAK_PULLUP                           ;        ;              ;         ; Column I/O ;                 ; no       ; On           ;
; E5       ; 542        ; 8        ; RESERVED_INPUT_WITH_WEAK_PULLUP                           ;        ;              ;         ; Column I/O ;                 ; no       ; On           ;
; E6       ;            ; 8        ; VCCIO8                                                    ; power  ;              ; 2.5V    ; --         ;                 ; --       ; --           ;
; E7       ; 523        ; 8        ; RESERVED_INPUT_WITH_WEAK_PULLUP                           ;        ;              ;         ; Column I/O ;                 ; no       ; On           ;
; E8       ; 526        ; 8        ; RESERVED_INPUT_WITH_WEAK_PULLUP                           ;        ;              ;         ; Column I/O ;                 ; no       ; On           ;
; E9       ;            ; 8        ; VCCIO8                                                    ; power  ;              ; 2.5V    ; --         ;                 ; --       ; --           ;
; E10      ; 516        ; 8        ; RESERVED_INPUT_WITH_WEAK_PULLUP                           ;        ;              ;         ; Column I/O ;                 ; no       ; On           ;
; E11      ; 499        ; 8        ; RESERVED_INPUT_WITH_WEAK_PULLUP                           ;        ;              ;         ; Column I/O ;                 ; no       ; On           ;
; E12      ; 497        ; 8        ; RESERVED_INPUT_WITH_WEAK_PULLUP                           ;        ;              ;         ; Column I/O ;                 ; no       ; On           ;
; E13      ;            ; 8        ; VCCIO8                                                    ; power  ;              ; 2.5V    ; --         ;                 ; --       ; --           ;
; E14      ; 486        ; 8        ; RESERVED_INPUT_WITH_WEAK_PULLUP                           ;        ;              ;         ; Column I/O ;                 ; no       ; On           ;
; E15      ; 467        ; 7        ; RESERVED_INPUT_WITH_WEAK_PULLUP                           ;        ;              ;         ; Column I/O ;                 ; no       ; On           ;
; E16      ;            ; 7        ; VCCIO7                                                    ; power  ;              ; 2.5V    ; --         ;                 ; --       ; --           ;
; E17      ; 456        ; 7        ; RESERVED_INPUT_WITH_WEAK_PULLUP                           ;        ;              ;         ; Column I/O ;                 ; no       ; On           ;
; E18      ; 427        ; 7        ; rsIF[1]                                                   ; output ; 2.5 V        ;         ; Column I/O ; N               ; no       ; Off          ;
; E19      ; 421        ; 7        ; RESERVED_INPUT_WITH_WEAK_PULLUP                           ;        ;              ;         ; Column I/O ;                 ; no       ; On           ;
; E20      ;            ; 7        ; VCCIO7                                                    ; power  ;              ; 2.5V    ; --         ;                 ; --       ; --           ;
; E21      ; 407        ; 7        ; RESERVED_INPUT_WITH_WEAK_PULLUP                           ;        ;              ;         ; Column I/O ;                 ; no       ; On           ;
; E22      ; 403        ; 7        ; RESERVED_INPUT_WITH_WEAK_PULLUP                           ;        ;              ;         ; Column I/O ;                 ; no       ; On           ;
; E23      ;            ; 7        ; VCCIO7                                                    ; power  ;              ; 2.5V    ; --         ;                 ; --       ; --           ;
; E24      ; 433        ; 7        ; rtIF[0]                                                   ; output ; 2.5 V        ;         ; Column I/O ; N               ; no       ; Off          ;
; E25      ; 434        ; 7        ; PCValue[3]                                                ; output ; 2.5 V        ;         ; Column I/O ; N               ; no       ; Off          ;
; E26      ; 378        ; 6        ; PCValue[0]                                                ; output ; 2.5 V        ;         ; Row I/O    ; N               ; no       ; Off          ;
; E27      ; 375        ; 6        ; Instruction_EX[9]                                         ; output ; 2.5 V        ;         ; Row I/O    ; N               ; no       ; Off          ;
; E28      ; 374        ; 6        ; PCValue[1]                                                ; output ; 2.5 V        ;         ; Row I/O    ; N               ; no       ; Off          ;
; F1       ; 19         ; 1        ; RESERVED_INPUT_WITH_WEAK_PULLUP                           ;        ;              ;         ; Row I/O    ;                 ; no       ; On           ;
; F2       ; 18         ; 1        ; RESERVED_INPUT_WITH_WEAK_PULLUP                           ;        ;              ;         ; Row I/O    ;                 ; no       ; On           ;
; F3       ; 8          ; 1        ; RESERVED_INPUT_WITH_WEAK_PULLUP                           ;        ;              ;         ; Row I/O    ;                 ; no       ; On           ;
; F4       ; 10         ; 1        ; ~ALTERA_ASDO_DATA1~ / RESERVED_INPUT_WITH_WEAK_PULLUP     ; input  ; 2.5 V        ;         ; Row I/O    ; N               ; no       ; On           ;
; F5       ; 9          ; 1        ; RESERVED_INPUT_WITH_WEAK_PULLUP                           ;        ;              ;         ; Row I/O    ;                 ; no       ; On           ;
; F6       ;            ;          ; GND                                                       ; gnd    ;              ;         ; --         ;                 ; --       ; --           ;
; F7       ; 531        ; 8        ; RESERVED_INPUT_WITH_WEAK_PULLUP                           ;        ;              ;         ; Column I/O ;                 ; no       ; On           ;
; F8       ; 527        ; 8        ; RESERVED_INPUT_WITH_WEAK_PULLUP                           ;        ;              ;         ; Column I/O ;                 ; no       ; On           ;
; F9       ;            ;          ; GND                                                       ; gnd    ;              ;         ; --         ;                 ; --       ; --           ;
; F10      ; 512        ; 8        ; RESERVED_INPUT_WITH_WEAK_PULLUP                           ;        ;              ;         ; Column I/O ;                 ; no       ; On           ;
; F11      ; 500        ; 8        ; RESERVED_INPUT_WITH_WEAK_PULLUP                           ;        ;              ;         ; Column I/O ;                 ; no       ; On           ;
; F12      ; 498        ; 8        ; RESERVED_INPUT_WITH_WEAK_PULLUP                           ;        ;              ;         ; Column I/O ;                 ; no       ; On           ;
; F13      ;            ;          ; GND                                                       ; gnd    ;              ;         ; --         ;                 ; --       ; --           ;
; F14      ; 485        ; 8        ; RESERVED_INPUT_WITH_WEAK_PULLUP                           ;        ;              ;         ; Column I/O ;                 ; no       ; On           ;
; F15      ; 466        ; 7        ; RESERVED_INPUT_WITH_WEAK_PULLUP                           ;        ;              ;         ; Column I/O ;                 ; no       ; On           ;
; F16      ;            ;          ; GND                                                       ; gnd    ;              ;         ; --         ;                 ; --       ; --           ;
; F17      ; 455        ; 7        ; RESERVED_INPUT_WITH_WEAK_PULLUP                           ;        ;              ;         ; Column I/O ;                 ; no       ; On           ;
; F18      ; 428        ; 7        ; DataRS[7]                                                 ; output ; 2.5 V        ;         ; Column I/O ; N               ; no       ; Off          ;
; F19      ; 420        ; 7        ; RESERVED_INPUT_WITH_WEAK_PULLUP                           ;        ;              ;         ; Column I/O ;                 ; no       ; On           ;
; F20      ;            ;          ; GND                                                       ; gnd    ;              ;         ; --         ;                 ; --       ; --           ;
; F21      ; 408        ; 7        ; RESERVED_INPUT_WITH_WEAK_PULLUP                           ;        ;              ;         ; Column I/O ;                 ; no       ; On           ;
; F22      ; 409        ; 7        ; RESERVED_INPUT_WITH_WEAK_PULLUP                           ;        ;              ;         ; Column I/O ;                 ; --       ; --           ;
; F23      ;            ;          ; GND                                                       ; gnd    ;              ;         ; --         ;                 ; --       ; --           ;
; F24      ; 396        ; 6        ; RESERVED_INPUT_WITH_WEAK_PULLUP                           ;        ;              ;         ; Row I/O    ;                 ; no       ; On           ;
; F25      ; 395        ; 6        ; RESERVED_INPUT_WITH_WEAK_PULLUP                           ;        ;              ;         ; Row I/O    ;                 ; no       ; On           ;
; F26      ; 379        ; 6        ; Instruction_MEM[14]                                       ; output ; 2.5 V        ;         ; Row I/O    ; N               ; no       ; Off          ;
; F27      ; 373        ; 6        ; ALUResultEX[0]                                            ; output ; 2.5 V        ;         ; Row I/O    ; N               ; no       ; Off          ;
; F28      ; 372        ; 6        ; Instruction_WB[2]                                         ; output ; 2.5 V        ;         ; Row I/O    ; N               ; no       ; Off          ;
; G1       ; 26         ; 1        ; RESERVED_INPUT_WITH_WEAK_PULLUP                           ;        ;              ;         ; Row I/O    ;                 ; no       ; On           ;
; G2       ; 25         ; 1        ; RESERVED_INPUT_WITH_WEAK_PULLUP                           ;        ;              ;         ; Row I/O    ;                 ; no       ; On           ;
; G3       ; 13         ; 1        ; RESERVED_INPUT_WITH_WEAK_PULLUP                           ;        ;              ;         ; Row I/O    ;                 ; no       ; On           ;
; G4       ; 12         ; 1        ; RESERVED_INPUT_WITH_WEAK_PULLUP                           ;        ;              ;         ; Row I/O    ;                 ; no       ; On           ;
; G5       ; 6          ; 1        ; RESERVED_INPUT_WITH_WEAK_PULLUP                           ;        ;              ;         ; Row I/O    ;                 ; no       ; On           ;
; G6       ; 5          ; 1        ; RESERVED_INPUT_WITH_WEAK_PULLUP                           ;        ;              ;         ; Row I/O    ;                 ; no       ; On           ;
; G7       ; 530        ; 8        ; RESERVED_INPUT_WITH_WEAK_PULLUP                           ;        ;              ;         ; Column I/O ;                 ; no       ; On           ;
; G8       ; 528        ; 8        ; RESERVED_INPUT_WITH_WEAK_PULLUP                           ;        ;              ;         ; Column I/O ;                 ; no       ; On           ;
; G9       ; 525        ; 8        ; RESERVED_INPUT_WITH_WEAK_PULLUP                           ;        ;              ;         ; Column I/O ;                 ; --       ; --           ;
; G10      ; 513        ; 8        ; RESERVED_INPUT_WITH_WEAK_PULLUP                           ;        ;              ;         ; Column I/O ;                 ; no       ; On           ;
; G11      ; 506        ; 8        ; RESERVED_INPUT_WITH_WEAK_PULLUP                           ;        ;              ;         ; Column I/O ;                 ; no       ; On           ;
; G12      ; 503        ; 8        ; RESERVED_INPUT_WITH_WEAK_PULLUP                           ;        ;              ;         ; Column I/O ;                 ; --       ; --           ;
; G13      ; 493        ; 8        ; RESERVED_INPUT_WITH_WEAK_PULLUP                           ;        ;              ;         ; Column I/O ;                 ; no       ; On           ;
; G14      ; 484        ; 8        ; RESERVED_INPUT_WITH_WEAK_PULLUP                           ;        ;              ;         ; Column I/O ;                 ; --       ; --           ;
; G15      ; 457        ; 7        ; RESERVED_INPUT_WITH_WEAK_PULLUP                           ;        ;              ;         ; Column I/O ;                 ; --       ; --           ;
; G16      ; 453        ; 7        ; RESERVED_INPUT_WITH_WEAK_PULLUP                           ;        ;              ;         ; Column I/O ;                 ; no       ; On           ;
; G17      ; 437        ; 7        ; ALUResultEX[7]                                            ; output ; 2.5 V        ;         ; Column I/O ; N               ; no       ; Off          ;
; G18      ; 452        ; 7        ; Instruction_EX[0]                                         ; output ; 2.5 V        ;         ; Column I/O ; N               ; no       ; Off          ;
; G19      ; 451        ; 7        ; Instruction_ID[11]                                        ; output ; 2.5 V        ;         ; Column I/O ; N               ; no       ; Off          ;
; G20      ; 444        ; 7        ; ALUop2[4]                                                 ; output ; 2.5 V        ;         ; Column I/O ; N               ; no       ; Off          ;
; G21      ; 445        ; 7        ; ALU_Control[2]                                            ; output ; 2.5 V        ;         ; Column I/O ; N               ; no       ; Off          ;
; G22      ; 449        ; 7        ; Instruction_EX[3]                                         ; output ; 2.5 V        ;         ; Column I/O ; N               ; no       ; Off          ;
; G23      ; 398        ; 6        ; RESERVED_INPUT_WITH_WEAK_PULLUP                           ;        ;              ;         ; Row I/O    ;                 ; no       ; On           ;
; G24      ; 397        ; 6        ; RESERVED_INPUT_WITH_WEAK_PULLUP                           ;        ;              ;         ; Row I/O    ;                 ; no       ; On           ;
; G25      ; 393        ; 6        ; RESERVED_INPUT_WITH_WEAK_PULLUP                           ;        ;              ;         ; Row I/O    ;                 ; no       ; On           ;
; G26      ; 392        ; 6        ; RESERVED_INPUT_WITH_WEAK_PULLUP                           ;        ;              ;         ; Row I/O    ;                 ; no       ; On           ;
; G27      ; 367        ; 6        ; Instruction_MEM[27]                                       ; output ; 2.5 V        ;         ; Row I/O    ; N               ; no       ; Off          ;
; G28      ; 366        ; 6        ; Instruction_WB[31]                                        ; output ; 2.5 V        ;         ; Row I/O    ; N               ; no       ; Off          ;
; H1       ;            ; 1        ; VCCIO1                                                    ; power  ;              ; 2.5V    ; --         ;                 ; --       ; --           ;
; H2       ;            ;          ; GND                                                       ; gnd    ;              ;         ; --         ;                 ; --       ; --           ;
; H3       ; 15         ; 1        ; RESERVED_INPUT_WITH_WEAK_PULLUP                           ;        ;              ;         ; Row I/O    ;                 ; no       ; On           ;
; H4       ; 14         ; 1        ; RESERVED_INPUT_WITH_WEAK_PULLUP                           ;        ;              ;         ; Row I/O    ;                 ; no       ; On           ;
; H5       ; 20         ; 1        ; RESERVED_INPUT_WITH_WEAK_PULLUP                           ;        ;              ;         ; Row I/O    ;                 ; no       ; On           ;
; H6       ; 11         ; 1        ; RESERVED_INPUT_WITH_WEAK_PULLUP                           ;        ;              ;         ; Row I/O    ;                 ; no       ; On           ;
; H7       ; 4          ; 1        ; RESERVED_INPUT_WITH_WEAK_PULLUP                           ;        ;              ;         ; Row I/O    ;                 ; --       ; --           ;
; H8       ; 529        ; 8        ; RESERVED_INPUT_WITH_WEAK_PULLUP                           ;        ;              ;         ; Column I/O ;                 ; no       ; On           ;
; H9       ;            ;          ; GNDA3                                                     ; gnd    ;              ;         ; --         ;                 ; --       ; --           ;
; H10      ; 514        ; 8        ; RESERVED_INPUT_WITH_WEAK_PULLUP                           ;        ;              ;         ; Column I/O ;                 ; no       ; On           ;
; H11      ;            ; 8        ; VCCIO8                                                    ; power  ;              ; 2.5V    ; --         ;                 ; --       ; --           ;
; H12      ; 507        ; 8        ; RESERVED_INPUT_WITH_WEAK_PULLUP                           ;        ;              ;         ; Column I/O ;                 ; no       ; On           ;
; H13      ; 494        ; 8        ; RESERVED_INPUT_WITH_WEAK_PULLUP                           ;        ;              ;         ; Column I/O ;                 ; no       ; On           ;
; H14      ; 480        ; 8        ; RESERVED_INPUT_WITH_WEAK_PULLUP                           ;        ;              ;         ; Column I/O ;                 ; no       ; On           ;
; H15      ; 464        ; 7        ; RESERVED_INPUT_WITH_WEAK_PULLUP                           ;        ;              ;         ; Column I/O ;                 ; no       ; On           ;
; H16      ; 459        ; 7        ; RESERVED_INPUT_WITH_WEAK_PULLUP                           ;        ;              ;         ; Column I/O ;                 ; no       ; On           ;
; H17      ; 454        ; 7        ; RESERVED_INPUT_WITH_WEAK_PULLUP                           ;        ;              ;         ; Column I/O ;                 ; no       ; On           ;
; H18      ;            ; 7        ; VCCIO7                                                    ; power  ;              ; 2.5V    ; --         ;                 ; --       ; --           ;
; H19      ; 446        ; 7        ; ALUResultEX[2]                                            ; output ; 2.5 V        ;         ; Column I/O ; N               ; no       ; Off          ;
; H20      ;            ;          ; GNDA2                                                     ; gnd    ;              ;         ; --         ;                 ; --       ; --           ;
; H21      ; 448        ; 7        ; ALUResultEX[6]                                            ; output ; 2.5 V        ;         ; Column I/O ; N               ; no       ; Off          ;
; H22      ; 399        ; 6        ; RESERVED_INPUT_WITH_WEAK_PULLUP                           ;        ;              ;         ; Row I/O    ;                 ; no       ; On           ;
; H23      ; 391        ; 6        ; RESERVED_INPUT_WITH_WEAK_PULLUP                           ;        ;              ;         ; Row I/O    ;                 ; no       ; On           ;
; H24      ; 390        ; 6        ; RESERVED_INPUT_WITH_WEAK_PULLUP                           ;        ;              ;         ; Row I/O    ;                 ; no       ; On           ;
; H25      ; 377        ; 6        ; ALUop1[3]                                                 ; output ; 2.5 V        ;         ; Row I/O    ; N               ; no       ; Off          ;
; H26      ; 376        ; 6        ; RESERVED_INPUT_WITH_WEAK_PULLUP                           ;        ;              ;         ; Row I/O    ;                 ; no       ; On           ;
; H27      ;            ;          ; GND                                                       ; gnd    ;              ;         ; --         ;                 ; --       ; --           ;
; H28      ;            ; 6        ; VCCIO6                                                    ; power  ;              ; 2.5V    ; --         ;                 ; --       ; --           ;
; J1       ; 64         ; 1        ; GClock                                                    ; input  ; 2.5 V        ;         ; Row I/O    ; N               ; no       ; Off          ;
; J2       ;            ;          ; GND                                                       ; gnd    ;              ;         ; --         ;                 ; --       ; --           ;
; J3       ; 23         ; 1        ; RESERVED_INPUT_WITH_WEAK_PULLUP                           ;        ;              ;         ; Row I/O    ;                 ; no       ; On           ;
; J4       ; 22         ; 1        ; RESERVED_INPUT_WITH_WEAK_PULLUP                           ;        ;              ;         ; Row I/O    ;                 ; no       ; On           ;
; J5       ; 36         ; 1        ; RESERVED_INPUT_WITH_WEAK_PULLUP                           ;        ;              ;         ; Row I/O    ;                 ; no       ; On           ;
; J6       ; 35         ; 1        ; RESERVED_INPUT_WITH_WEAK_PULLUP                           ;        ;              ;         ; Row I/O    ;                 ; no       ; On           ;
; J7       ; 37         ; 1        ; RESERVED_INPUT_WITH_WEAK_PULLUP                           ;        ;              ;         ; Row I/O    ;                 ; no       ; On           ;
; J8       ;            ; --       ; VCCA3                                                     ; power  ;              ; 2.5V    ; --         ;                 ; --       ; --           ;
; J9       ;            ;          ; VCCD_PLL3                                                 ; power  ;              ; 1.2V    ; --         ;                 ; --       ; --           ;
; J10      ; 515        ; 8        ; RESERVED_INPUT_WITH_WEAK_PULLUP                           ;        ;              ;         ; Column I/O ;                 ; no       ; On           ;
; J11      ;            ;          ; GND                                                       ; gnd    ;              ;         ; --         ;                 ; --       ; --           ;
; J12      ; 490        ; 8        ; RESERVED_INPUT_WITH_WEAK_PULLUP                           ;        ;              ;         ; Column I/O ;                 ; no       ; On           ;
; J13      ; 489        ; 8        ; RESERVED_INPUT_WITH_WEAK_PULLUP                           ;        ;              ;         ; Column I/O ;                 ; no       ; On           ;
; J14      ; 481        ; 8        ; RESERVED_INPUT_WITH_WEAK_PULLUP                           ;        ;              ;         ; Column I/O ;                 ; no       ; On           ;
; J15      ; 465        ; 7        ; RESERVED_INPUT_WITH_WEAK_PULLUP                           ;        ;              ;         ; Column I/O ;                 ; no       ; On           ;
; J16      ; 458        ; 7        ; RESERVED_INPUT_WITH_WEAK_PULLUP                           ;        ;              ;         ; Column I/O ;                 ; no       ; On           ;
; J17      ; 450        ; 7        ; Instruction_MEM[5]                                        ; output ; 2.5 V        ;         ; Column I/O ; N               ; no       ; Off          ;
; J18      ;            ;          ; GND                                                       ; gnd    ;              ;         ; --         ;                 ; --       ; --           ;
; J19      ; 447        ; 7        ; Instruction_WB[6]                                         ; output ; 2.5 V        ;         ; Column I/O ; N               ; no       ; Off          ;
; J20      ;            ;          ; VCCD_PLL2                                                 ; power  ;              ; 1.2V    ; --         ;                 ; --       ; --           ;
; J21      ;            ; --       ; VCCA2                                                     ; power  ;              ; 2.5V    ; --         ;                 ; --       ; --           ;
; J22      ; 394        ; 6        ; RESERVED_INPUT_WITH_WEAK_PULLUP                           ;        ;              ;         ; Row I/O    ;                 ; --       ; --           ;
; J23      ; 387        ; 6        ; RESERVED_INPUT_WITH_WEAK_PULLUP                           ;        ;              ;         ; Row I/O    ;                 ; no       ; On           ;
; J24      ; 386        ; 6        ; RESERVED_INPUT_WITH_WEAK_PULLUP                           ;        ;              ;         ; Row I/O    ;                 ; no       ; On           ;
; J25      ; 365        ; 6        ; Instruction_IF[1]                                         ; output ; 2.5 V        ;         ; Row I/O    ; N               ; no       ; Off          ;
; J26      ; 364        ; 6        ; Instruction_IF[10]                                        ; output ; 2.5 V        ;         ; Row I/O    ; N               ; no       ; Off          ;
; J27      ; 338        ; 6        ; GND+                                                      ;        ;              ;         ; Row I/O    ;                 ; --       ; --           ;
; J28      ; 337        ; 6        ; GND+                                                      ;        ;              ;         ; Row I/O    ;                 ; --       ; --           ;
; K1       ; 28         ; 1        ; RESERVED_INPUT_WITH_WEAK_PULLUP                           ;        ;              ;         ; Row I/O    ;                 ; no       ; On           ;
; K2       ; 27         ; 1        ; RESERVED_INPUT_WITH_WEAK_PULLUP                           ;        ;              ;         ; Row I/O    ;                 ; no       ; On           ;
; K3       ; 30         ; 1        ; RESERVED_INPUT_WITH_WEAK_PULLUP                           ;        ;              ;         ; Row I/O    ;                 ; no       ; On           ;
; K4       ; 29         ; 1        ; RESERVED_INPUT_WITH_WEAK_PULLUP                           ;        ;              ;         ; Row I/O    ;                 ; no       ; On           ;
; K5       ;            ; 1        ; VCCIO1                                                    ; power  ;              ; 2.5V    ; --         ;                 ; --       ; --           ;
; K6       ;            ;          ; GND                                                       ; gnd    ;              ;         ; --         ;                 ; --       ; --           ;
; K7       ; 38         ; 1        ; RESERVED_INPUT_WITH_WEAK_PULLUP                           ;        ;              ;         ; Row I/O    ;                 ; no       ; On           ;
; K8       ; 39         ; 1        ; RESERVED_INPUT_WITH_WEAK_PULLUP                           ;        ;              ;         ; Row I/O    ;                 ; no       ; On           ;
; K9       ;            ;          ; VCCINT                                                    ; power  ;              ; 1.2V    ; --         ;                 ; --       ; --           ;
; K10      ;            ;          ; GND                                                       ; gnd    ;              ;         ; --         ;                 ; --       ; --           ;
; K11      ;            ;          ; VCCINT                                                    ; power  ;              ; 1.2V    ; --         ;                 ; --       ; --           ;
; K12      ;            ;          ; GND                                                       ; gnd    ;              ;         ; --         ;                 ; --       ; --           ;
; K13      ;            ;          ; VCCINT                                                    ; power  ;              ; 1.2V    ; --         ;                 ; --       ; --           ;
; K14      ;            ;          ; GND                                                       ; gnd    ;              ;         ; --         ;                 ; --       ; --           ;
; K15      ;            ;          ; VCCINT                                                    ; power  ;              ; 1.2V    ; --         ;                 ; --       ; --           ;
; K16      ;            ;          ; GND                                                       ; gnd    ;              ;         ; --         ;                 ; --       ; --           ;
; K17      ;            ;          ; VCCINT                                                    ; power  ;              ; 1.2V    ; --         ;                 ; --       ; --           ;
; K18      ;            ;          ; GND                                                       ; gnd    ;              ;         ; --         ;                 ; --       ; --           ;
; K19      ;            ;          ; VCCINT                                                    ; power  ;              ; 1.2V    ; --         ;                 ; --       ; --           ;
; K20      ;            ;          ; GND                                                       ; gnd    ;              ;         ; --         ;                 ; --       ; --           ;
; K21      ; 389        ; 6        ; RESERVED_INPUT_WITH_WEAK_PULLUP                           ;        ;              ;         ; Row I/O    ;                 ; no       ; On           ;
; K22      ; 388        ; 6        ; RESERVED_INPUT_WITH_WEAK_PULLUP                           ;        ;              ;         ; Row I/O    ;                 ; no       ; On           ;
; K23      ;            ;          ; GND                                                       ; gnd    ;              ;         ; --         ;                 ; --       ; --           ;
; K24      ;            ; 6        ; VCCIO6                                                    ; power  ;              ; 2.5V    ; --         ;                 ; --       ; --           ;
; K25      ; 371        ; 6        ; Instruction_EX[27]                                        ; output ; 2.5 V        ;         ; Row I/O    ; N               ; no       ; Off          ;
; K26      ; 370        ; 6        ; Instruction_WB[9]                                         ; output ; 2.5 V        ;         ; Row I/O    ; N               ; no       ; Off          ;
; K27      ; 362        ; 6        ; Instruction_IF[20]                                        ; output ; 2.5 V        ;         ; Row I/O    ; N               ; no       ; Off          ;
; K28      ; 361        ; 6        ; Instruction_IF[26]                                        ; output ; 2.5 V        ;         ; Row I/O    ; N               ; no       ; Off          ;
; L1       ; 49         ; 1        ; RESERVED_INPUT_WITH_WEAK_PULLUP                           ;        ;              ;         ; Row I/O    ;                 ; no       ; On           ;
; L2       ; 48         ; 1        ; RESERVED_INPUT_WITH_WEAK_PULLUP                           ;        ;              ;         ; Row I/O    ;                 ; no       ; On           ;
; L3       ; 32         ; 1        ; RESERVED_INPUT_WITH_WEAK_PULLUP                           ;        ;              ;         ; Row I/O    ;                 ; no       ; On           ;
; L4       ; 31         ; 1        ; RESERVED_INPUT_WITH_WEAK_PULLUP                           ;        ;              ;         ; Row I/O    ;                 ; no       ; On           ;
; L5       ; 21         ; 1        ; RESERVED_INPUT_WITH_WEAK_PULLUP                           ;        ;              ;         ; Row I/O    ;                 ; --       ; --           ;
; L6       ; 43         ; 1        ; RESERVED_INPUT_WITH_WEAK_PULLUP                           ;        ;              ;         ; Row I/O    ;                 ; no       ; On           ;
; L7       ; 42         ; 1        ; RESERVED_INPUT_WITH_WEAK_PULLUP                           ;        ;              ;         ; Row I/O    ;                 ; no       ; On           ;
; L8       ; 40         ; 1        ; RESERVED_INPUT_WITH_WEAK_PULLUP                           ;        ;              ;         ; Row I/O    ;                 ; no       ; On           ;
; L9       ;            ;          ; GND                                                       ; gnd    ;              ;         ; --         ;                 ; --       ; --           ;
; L10      ;            ;          ; VCCINT                                                    ; power  ;              ; 1.2V    ; --         ;                 ; --       ; --           ;
; L11      ;            ;          ; GND                                                       ; gnd    ;              ;         ; --         ;                 ; --       ; --           ;
; L12      ;            ;          ; VCCINT                                                    ; power  ;              ; 1.2V    ; --         ;                 ; --       ; --           ;
; L13      ;            ;          ; GND                                                       ; gnd    ;              ;         ; --         ;                 ; --       ; --           ;
; L14      ;            ;          ; VCCINT                                                    ; power  ;              ; 1.2V    ; --         ;                 ; --       ; --           ;
; L15      ;            ;          ; GND                                                       ; gnd    ;              ;         ; --         ;                 ; --       ; --           ;
; L16      ;            ;          ; VCCINT                                                    ; power  ;              ; 1.2V    ; --         ;                 ; --       ; --           ;
; L17      ;            ;          ; GND                                                       ; gnd    ;              ;         ; --         ;                 ; --       ; --           ;
; L18      ;            ;          ; VCCINT                                                    ; power  ;              ; 1.2V    ; --         ;                 ; --       ; --           ;
; L19      ;            ;          ; GND                                                       ; gnd    ;              ;         ; --         ;                 ; --       ; --           ;
; L20      ;            ;          ; VCCINT                                                    ; power  ;              ; 1.2V    ; --         ;                 ; --       ; --           ;
; L21      ; 385        ; 6        ; RESERVED_INPUT_WITH_WEAK_PULLUP                           ;        ;              ;         ; Row I/O    ;                 ; no       ; On           ;
; L22      ; 384        ; 6        ; RESERVED_INPUT_WITH_WEAK_PULLUP                           ;        ;              ;         ; Row I/O    ;                 ; no       ; On           ;
; L23      ; 360        ; 6        ; Instruction_IF[25]                                        ; output ; 2.5 V        ;         ; Row I/O    ; N               ; no       ; Off          ;
; L24      ; 359        ; 6        ; Instruction_ID[8]                                         ; output ; 2.5 V        ;         ; Row I/O    ; N               ; no       ; Off          ;
; L25      ; 369        ; 6        ; Instruction_WB[27]                                        ; output ; 2.5 V        ;         ; Row I/O    ; N               ; no       ; Off          ;
; L26      ; 363        ; 6        ; DataRT[5]                                                 ; output ; 2.5 V        ;         ; Row I/O    ; N               ; no       ; Off          ;
; L27      ; 358        ; 6        ; Instruction_EX[18]                                        ; output ; 2.5 V        ;         ; Row I/O    ; N               ; no       ; Off          ;
; L28      ; 357        ; 6        ; DataRS[2]                                                 ; output ; 2.5 V        ;         ; Row I/O    ; N               ; no       ; Off          ;
; M1       ; 51         ; 1        ; RESERVED_INPUT_WITH_WEAK_PULLUP                           ;        ;              ;         ; Row I/O    ;                 ; no       ; On           ;
; M2       ; 50         ; 1        ; RESERVED_INPUT_WITH_WEAK_PULLUP                           ;        ;              ;         ; Row I/O    ;                 ; no       ; On           ;
; M3       ; 34         ; 1        ; RESERVED_INPUT_WITH_WEAK_PULLUP                           ;        ;              ;         ; Row I/O    ;                 ; no       ; On           ;
; M4       ; 33         ; 1        ; RESERVED_INPUT_WITH_WEAK_PULLUP                           ;        ;              ;         ; Row I/O    ;                 ; no       ; On           ;
; M5       ; 41         ; 1        ; RESERVED_INPUT_WITH_WEAK_PULLUP                           ;        ;              ;         ; Row I/O    ;                 ; --       ; --           ;
; M6       ; 24         ; 1        ; ^nSTATUS                                                  ;        ;              ;         ; --         ;                 ; --       ; --           ;
; M7       ; 47         ; 1        ; RESERVED_INPUT_WITH_WEAK_PULLUP                           ;        ;              ;         ; Row I/O    ;                 ; no       ; On           ;
; M8       ; 46         ; 1        ; RESERVED_INPUT_WITH_WEAK_PULLUP                           ;        ;              ;         ; Row I/O    ;                 ; no       ; On           ;
; M9       ;            ;          ; VCCINT                                                    ; power  ;              ; 1.2V    ; --         ;                 ; --       ; --           ;
; M10      ;            ;          ; GND                                                       ; gnd    ;              ;         ; --         ;                 ; --       ; --           ;
; M11      ;            ;          ; VCCINT                                                    ; power  ;              ; 1.2V    ; --         ;                 ; --       ; --           ;
; M12      ;            ;          ; GND                                                       ; gnd    ;              ;         ; --         ;                 ; --       ; --           ;
; M13      ;            ;          ; VCCINT                                                    ; power  ;              ; 1.2V    ; --         ;                 ; --       ; --           ;
; M14      ;            ;          ; GND                                                       ; gnd    ;              ;         ; --         ;                 ; --       ; --           ;
; M15      ;            ;          ; VCCINT                                                    ; power  ;              ; 1.2V    ; --         ;                 ; --       ; --           ;
; M16      ;            ;          ; GND                                                       ; gnd    ;              ;         ; --         ;                 ; --       ; --           ;
; M17      ;            ;          ; VCCINT                                                    ; power  ;              ; 1.2V    ; --         ;                 ; --       ; --           ;
; M18      ;            ;          ; GND                                                       ; gnd    ;              ;         ; --         ;                 ; --       ; --           ;
; M19      ;            ;          ; VCCINT                                                    ; power  ;              ; 1.2V    ; --         ;                 ; --       ; --           ;
; M20      ;            ;          ; GND                                                       ; gnd    ;              ;         ; --         ;                 ; --       ; --           ;
; M21      ; 368        ; 6        ; Instruction_MEM[31]                                       ; output ; 2.5 V        ;         ; Row I/O    ; N               ; no       ; Off          ;
; M22      ; 342        ; 6        ; ^MSEL2                                                    ;        ;              ;         ; --         ;                 ; --       ; --           ;
; M23      ; 344        ; 6        ; Instruction_EX[26]                                        ; output ; 2.5 V        ;         ; Row I/O    ; N               ; no       ; Off          ;
; M24      ; 347        ; 6        ; Instruction_MEM[11]                                       ; output ; 2.5 V        ;         ; Row I/O    ; N               ; no       ; Off          ;
; M25      ; 356        ; 6        ; DataRS[4]                                                 ; output ; 2.5 V        ;         ; Row I/O    ; N               ; no       ; Off          ;
; M26      ; 355        ; 6        ; DataRS[0]                                                 ; output ; 2.5 V        ;         ; Row I/O    ; N               ; no       ; Off          ;
; M27      ; 354        ; 6        ; Instruction_IF[8]                                         ; output ; 2.5 V        ;         ; Row I/O    ; N               ; no       ; Off          ;
; M28      ; 353        ; 6        ; Instruction_IF[7]                                         ; output ; 2.5 V        ;         ; Row I/O    ; N               ; no       ; Off          ;
; N1       ;            ; 1        ; VCCIO1                                                    ; power  ;              ; 2.5V    ; --         ;                 ; --       ; --           ;
; N2       ;            ;          ; GND                                                       ; gnd    ;              ;         ; --         ;                 ; --       ; --           ;
; N3       ; 45         ; 1        ; RESERVED_INPUT_WITH_WEAK_PULLUP                           ;        ;              ;         ; Row I/O    ;                 ; no       ; On           ;
; N4       ; 44         ; 1        ; RESERVED_INPUT_WITH_WEAK_PULLUP                           ;        ;              ;         ; Row I/O    ;                 ; no       ; On           ;
; N5       ;            ; 1        ; VCCIO1                                                    ; power  ;              ; 2.5V    ; --         ;                 ; --       ; --           ;
; N6       ;            ;          ; GND                                                       ; gnd    ;              ;         ; --         ;                 ; --       ; --           ;
; N7       ; 56         ; 1        ; ~ALTERA_DATA0~ / RESERVED_INPUT_WITH_WEAK_PULLUP          ; input  ; 2.5 V        ;         ; Row I/O    ; N               ; no       ; On           ;
; N8       ; 54         ; 1        ; RESERVED_INPUT_WITH_WEAK_PULLUP                           ;        ;              ;         ; Row I/O    ;                 ; no       ; On           ;
; N9       ;            ;          ; GND                                                       ; gnd    ;              ;         ; --         ;                 ; --       ; --           ;
; N10      ;            ;          ; VCCINT                                                    ; power  ;              ; 1.2V    ; --         ;                 ; --       ; --           ;
; N11      ;            ;          ; GND                                                       ; gnd    ;              ;         ; --         ;                 ; --       ; --           ;
; N12      ;            ;          ; VCCINT                                                    ; power  ;              ; 1.2V    ; --         ;                 ; --       ; --           ;
; N13      ;            ;          ; GND                                                       ; gnd    ;              ;         ; --         ;                 ; --       ; --           ;
; N14      ;            ;          ; VCCINT                                                    ; power  ;              ; 1.2V    ; --         ;                 ; --       ; --           ;
; N15      ;            ;          ; GND                                                       ; gnd    ;              ;         ; --         ;                 ; --       ; --           ;
; N16      ;            ;          ; VCCINT                                                    ; power  ;              ; 1.2V    ; --         ;                 ; --       ; --           ;
; N17      ;            ;          ; GND                                                       ; gnd    ;              ;         ; --         ;                 ; --       ; --           ;
; N18      ;            ;          ; VCCINT                                                    ; power  ;              ; 1.2V    ; --         ;                 ; --       ; --           ;
; N19      ;            ;          ; GND                                                       ; gnd    ;              ;         ; --         ;                 ; --       ; --           ;
; N20      ;            ;          ; VCCINT                                                    ; power  ;              ; 1.2V    ; --         ;                 ; --       ; --           ;
; N21      ; 348        ; 6        ; Instruction_IF[3]                                         ; output ; 2.5 V        ;         ; Row I/O    ; N               ; no       ; Off          ;
; N22      ; 340        ; 6        ; ^MSEL0                                                    ;        ;              ;         ; --         ;                 ; --       ; --           ;
; N23      ;            ;          ; GND                                                       ; gnd    ;              ;         ; --         ;                 ; --       ; --           ;
; N24      ;            ; 6        ; VCCIO6                                                    ; power  ;              ; 2.5V    ; --         ;                 ; --       ; --           ;
; N25      ; 352        ; 6        ; Instruction_EX[14]                                        ; output ; 2.5 V        ;         ; Row I/O    ; N               ; no       ; Off          ;
; N26      ; 351        ; 6        ; Instruction_MEM[3]                                        ; output ; 2.5 V        ;         ; Row I/O    ; N               ; no       ; Off          ;
; N27      ;            ;          ; GND                                                       ; gnd    ;              ;         ; --         ;                 ; --       ; --           ;
; N28      ;            ; 6        ; VCCIO6                                                    ; power  ;              ; 2.5V    ; --         ;                 ; --       ; --           ;
; P1       ; 53         ; 1        ; RESERVED_INPUT_WITH_WEAK_PULLUP                           ;        ;              ;         ; Row I/O    ;                 ; no       ; On           ;
; P2       ; 52         ; 1        ; RESERVED_INPUT_WITH_WEAK_PULLUP                           ;        ;              ;         ; Row I/O    ;                 ; no       ; On           ;
; P3       ; 55         ; 1        ; ~ALTERA_DCLK~                                             ; output ; 2.5 V        ;         ; Row I/O    ; N               ; no       ; On           ;
; P4       ; 57         ; 1        ; ^nCONFIG                                                  ;        ;              ;         ; --         ;                 ; --       ; --           ;
; P5       ; 59         ; 1        ; #TCK                                                      ; input  ;              ;         ; --         ;                 ; --       ; --           ;
; P6       ; 61         ; 1        ; #TDO                                                      ; output ;              ;         ; --         ;                 ; --       ; --           ;
; P7       ; 58         ; 1        ; #TDI                                                      ; input  ;              ;         ; --         ;                 ; --       ; --           ;
; P8       ; 60         ; 1        ; #TMS                                                      ; input  ;              ;         ; --         ;                 ; --       ; --           ;
; P9       ;            ;          ; VCCINT                                                    ; power  ;              ; 1.2V    ; --         ;                 ; --       ; --           ;
; P10      ;            ;          ; GND                                                       ; gnd    ;              ;         ; --         ;                 ; --       ; --           ;
; P11      ;            ;          ; VCCINT                                                    ; power  ;              ; 1.2V    ; --         ;                 ; --       ; --           ;
; P12      ;            ;          ; GND                                                       ; gnd    ;              ;         ; --         ;                 ; --       ; --           ;
; P13      ;            ;          ; VCCINT                                                    ; power  ;              ; 1.2V    ; --         ;                 ; --       ; --           ;
; P14      ;            ;          ; GND                                                       ; gnd    ;              ;         ; --         ;                 ; --       ; --           ;
; P15      ;            ;          ; VCCINT                                                    ; power  ;              ; 1.2V    ; --         ;                 ; --       ; --           ;
; P16      ;            ;          ; GND                                                       ; gnd    ;              ;         ; --         ;                 ; --       ; --           ;
; P17      ;            ;          ; VCCINT                                                    ; power  ;              ; 1.2V    ; --         ;                 ; --       ; --           ;
; P18      ;            ;          ; GND                                                       ; gnd    ;              ;         ; --         ;                 ; --       ; --           ;
; P19      ;            ;          ; VCCINT                                                    ; power  ;              ; 1.2V    ; --         ;                 ; --       ; --           ;
; P20      ;            ;          ; GND                                                       ; gnd    ;              ;         ; --         ;                 ; --       ; --           ;
; P21      ; 334        ; 5        ; Instruction_MEM[8]                                        ; output ; 2.5 V        ;         ; Row I/O    ; N               ; no       ; Off          ;
; P22      ; 343        ; 6        ; ^MSEL3                                                    ;        ;              ;         ; --         ;                 ; --       ; --           ;
; P23      ; 341        ; 6        ; ^MSEL1                                                    ;        ;              ;         ; --         ;                 ; --       ; --           ;
; P24      ; 339        ; 6        ; ^CONF_DONE                                                ;        ;              ;         ; --         ;                 ; --       ; --           ;
; P25      ; 346        ; 6        ; Instruction_ID[27]                                        ; output ; 2.5 V        ;         ; Row I/O    ; N               ; no       ; Off          ;
; P26      ; 345        ; 6        ; Instruction_WB[26]                                        ; output ; 2.5 V        ;         ; Row I/O    ; N               ; no       ; Off          ;
; P27      ; 350        ; 6        ; Instruction_EX[31]                                        ; output ; 2.5 V        ;         ; Row I/O    ; N               ; no       ; Off          ;
; P28      ; 349        ; 6        ; ~ALTERA_nCEO~ / RESERVED_OUTPUT_OPEN_DRAIN                ; output ; 2.5 V        ;         ; Row I/O    ; N               ; no       ; Off          ;
; R1       ; 68         ; 2        ; RESERVED_INPUT_WITH_WEAK_PULLUP                           ;        ;              ;         ; Row I/O    ;                 ; no       ; On           ;
; R2       ; 67         ; 2        ; RESERVED_INPUT_WITH_WEAK_PULLUP                           ;        ;              ;         ; Row I/O    ;                 ; no       ; On           ;
; R3       ; 73         ; 2        ; RESERVED_INPUT_WITH_WEAK_PULLUP                           ;        ;              ;         ; Row I/O    ;                 ; no       ; On           ;
; R4       ; 74         ; 2        ; RESERVED_INPUT_WITH_WEAK_PULLUP                           ;        ;              ;         ; Row I/O    ;                 ; no       ; On           ;
; R5       ; 77         ; 2        ; RESERVED_INPUT_WITH_WEAK_PULLUP                           ;        ;              ;         ; Row I/O    ;                 ; no       ; On           ;
; R6       ; 70         ; 2        ; RESERVED_INPUT_WITH_WEAK_PULLUP                           ;        ;              ;         ; Row I/O    ;                 ; no       ; On           ;
; R7       ; 69         ; 2        ; RESERVED_INPUT_WITH_WEAK_PULLUP                           ;        ;              ;         ; Row I/O    ;                 ; no       ; On           ;
; R8       ; 62         ; 1        ; ^nCE                                                      ;        ;              ;         ; --         ;                 ; --       ; --           ;
; R9       ;            ;          ; GND                                                       ; gnd    ;              ;         ; --         ;                 ; --       ; --           ;
; R10      ;            ;          ; VCCINT                                                    ; power  ;              ; 1.2V    ; --         ;                 ; --       ; --           ;
; R11      ;            ;          ; GND                                                       ; gnd    ;              ;         ; --         ;                 ; --       ; --           ;
; R12      ;            ;          ; VCCINT                                                    ; power  ;              ; 1.2V    ; --         ;                 ; --       ; --           ;
; R13      ;            ;          ; GND                                                       ; gnd    ;              ;         ; --         ;                 ; --       ; --           ;
; R14      ;            ;          ; VCCINT                                                    ; power  ;              ; 1.2V    ; --         ;                 ; --       ; --           ;
; R15      ;            ;          ; GND                                                       ; gnd    ;              ;         ; --         ;                 ; --       ; --           ;
; R16      ;            ;          ; VCCINT                                                    ; power  ;              ; 1.2V    ; --         ;                 ; --       ; --           ;
; R17      ;            ;          ; GND                                                       ; gnd    ;              ;         ; --         ;                 ; --       ; --           ;
; R18      ;            ;          ; VCCINT                                                    ; power  ;              ; 1.2V    ; --         ;                 ; --       ; --           ;
; R19      ;            ;          ; GND                                                       ; gnd    ;              ;         ; --         ;                 ; --       ; --           ;
; R20      ;            ;          ; VCCINT                                                    ; power  ;              ; 1.2V    ; --         ;                 ; --       ; --           ;
; R21      ; 333        ; 5        ; Instruction_MEM[26]                                       ; output ; 2.5 V        ;         ; Row I/O    ; N               ; no       ; Off          ;
; R22      ; 332        ; 5        ; Instruction_ID[26]                                        ; output ; 2.5 V        ;         ; Row I/O    ; N               ; no       ; Off          ;
; R23      ; 331        ; 5        ; Instruction_ID[31]                                        ; output ; 2.5 V        ;         ; Row I/O    ; N               ; no       ; Off          ;
; R24      ; 330        ; 5        ; Instruction_IF[0]                                         ; output ; 2.5 V        ;         ; Row I/O    ; N               ; no       ; Off          ;
; R25      ; 327        ; 5        ; Instruction_IF[31]                                        ; output ; 2.5 V        ;         ; Row I/O    ; N               ; no       ; Off          ;
; R26      ; 326        ; 5        ; Instruction_IF[28]                                        ; output ; 2.5 V        ;         ; Row I/O    ; N               ; no       ; Off          ;
; R27      ; 329        ; 5        ; Instruction_IF[2]                                         ; output ; 2.5 V        ;         ; Row I/O    ; N               ; no       ; Off          ;
; R28      ; 328        ; 5        ; DataRS[5]                                                 ; output ; 2.5 V        ;         ; Row I/O    ; N               ; no       ; Off          ;
; T1       ;            ; 2        ; VCCIO2                                                    ; power  ;              ; 2.5V    ; --         ;                 ; --       ; --           ;
; T2       ;            ;          ; GND                                                       ; gnd    ;              ;         ; --         ;                 ; --       ; --           ;
; T3       ; 76         ; 2        ; RESERVED_INPUT_WITH_WEAK_PULLUP                           ;        ;              ;         ; Row I/O    ;                 ; no       ; On           ;
; T4       ; 75         ; 2        ; RESERVED_INPUT_WITH_WEAK_PULLUP                           ;        ;              ;         ; Row I/O    ;                 ; no       ; On           ;
; T5       ;            ; 2        ; VCCIO2                                                    ; power  ;              ; 2.5V    ; --         ;                 ; --       ; --           ;
; T6       ;            ;          ; GND                                                       ; gnd    ;              ;         ; --         ;                 ; --       ; --           ;
; T7       ; 78         ; 2        ; RESERVED_INPUT_WITH_WEAK_PULLUP                           ;        ;              ;         ; Row I/O    ;                 ; --       ; --           ;
; T8       ; 100        ; 2        ; RESERVED_INPUT_WITH_WEAK_PULLUP                           ;        ;              ;         ; Row I/O    ;                 ; --       ; --           ;
; T9       ;            ;          ; VCCINT                                                    ; power  ;              ; 1.2V    ; --         ;                 ; --       ; --           ;
; T10      ;            ;          ; GND                                                       ; gnd    ;              ;         ; --         ;                 ; --       ; --           ;
; T11      ;            ;          ; VCCINT                                                    ; power  ;              ; 1.2V    ; --         ;                 ; --       ; --           ;
; T12      ;            ;          ; GND                                                       ; gnd    ;              ;         ; --         ;                 ; --       ; --           ;
; T13      ;            ;          ; VCCINT                                                    ; power  ;              ; 1.2V    ; --         ;                 ; --       ; --           ;
; T14      ;            ;          ; GND                                                       ; gnd    ;              ;         ; --         ;                 ; --       ; --           ;
; T15      ;            ;          ; VCCINT                                                    ; power  ;              ; 1.2V    ; --         ;                 ; --       ; --           ;
; T16      ;            ;          ; GND                                                       ; gnd    ;              ;         ; --         ;                 ; --       ; --           ;
; T17      ;            ;          ; VCCINT                                                    ; power  ;              ; 1.2V    ; --         ;                 ; --       ; --           ;
; T18      ;            ;          ; GND                                                       ; gnd    ;              ;         ; --         ;                 ; --       ; --           ;
; T19      ;            ;          ; VCCINT                                                    ; power  ;              ; 1.2V    ; --         ;                 ; --       ; --           ;
; T20      ;            ;          ; GND                                                       ; gnd    ;              ;         ; --         ;                 ; --       ; --           ;
; T21      ; 325        ; 5        ; DataRT[4]                                                 ; output ; 2.5 V        ;         ; Row I/O    ; N               ; no       ; Off          ;
; T22      ; 324        ; 5        ; Instruction_IF[21]                                        ; output ; 2.5 V        ;         ; Row I/O    ; N               ; no       ; Off          ;
; T23      ;            ;          ; GND                                                       ; gnd    ;              ;         ; --         ;                 ; --       ; --           ;
; T24      ;            ; 5        ; VCCIO5                                                    ; power  ;              ; 2.5V    ; --         ;                 ; --       ; --           ;
; T25      ; 323        ; 5        ; DataRT[0]                                                 ; output ; 2.5 V        ;         ; Row I/O    ; N               ; no       ; Off          ;
; T26      ; 322        ; 5        ; Instruction_IF[23]                                        ; output ; 2.5 V        ;         ; Row I/O    ; N               ; no       ; Off          ;
; T27      ;            ;          ; GND                                                       ; gnd    ;              ;         ; --         ;                 ; --       ; --           ;
; T28      ;            ; 5        ; VCCIO5                                                    ; power  ;              ; 2.5V    ; --         ;                 ; --       ; --           ;
; U1       ; 80         ; 2        ; RESERVED_INPUT_WITH_WEAK_PULLUP                           ;        ;              ;         ; Row I/O    ;                 ; no       ; On           ;
; U2       ; 79         ; 2        ; RESERVED_INPUT_WITH_WEAK_PULLUP                           ;        ;              ;         ; Row I/O    ;                 ; no       ; On           ;
; U3       ; 71         ; 2        ; RESERVED_INPUT_WITH_WEAK_PULLUP                           ;        ;              ;         ; Row I/O    ;                 ; no       ; On           ;
; U4       ; 72         ; 2        ; RESERVED_INPUT_WITH_WEAK_PULLUP                           ;        ;              ;         ; Row I/O    ;                 ; no       ; On           ;
; U5       ; 90         ; 2        ; Data_from_address_MEM[6]                                  ; output ; 2.5 V        ;         ; Row I/O    ; N               ; no       ; Off          ;
; U6       ; 89         ; 2        ; Instruction_MEM[19]                                       ; output ; 2.5 V        ;         ; Row I/O    ; N               ; no       ; Off          ;
; U7       ; 103        ; 2        ; RESERVED_INPUT_WITH_WEAK_PULLUP                           ;        ;              ;         ; Row I/O    ;                 ; no       ; On           ;
; U8       ; 104        ; 2        ; RESERVED_INPUT_WITH_WEAK_PULLUP                           ;        ;              ;         ; Row I/O    ;                 ; no       ; On           ;
; U9       ;            ;          ; GND                                                       ; gnd    ;              ;         ; --         ;                 ; --       ; --           ;
; U10      ;            ;          ; VCCINT                                                    ; power  ;              ; 1.2V    ; --         ;                 ; --       ; --           ;
; U11      ;            ;          ; GND                                                       ; gnd    ;              ;         ; --         ;                 ; --       ; --           ;
; U12      ;            ;          ; VCCINT                                                    ; power  ;              ; 1.2V    ; --         ;                 ; --       ; --           ;
; U13      ;            ;          ; GND                                                       ; gnd    ;              ;         ; --         ;                 ; --       ; --           ;
; U14      ;            ;          ; VCCINT                                                    ; power  ;              ; 1.2V    ; --         ;                 ; --       ; --           ;
; U15      ;            ;          ; GND                                                       ; gnd    ;              ;         ; --         ;                 ; --       ; --           ;
; U16      ;            ;          ; VCCINT                                                    ; power  ;              ; 1.2V    ; --         ;                 ; --       ; --           ;
; U17      ;            ;          ; GND                                                       ; gnd    ;              ;         ; --         ;                 ; --       ; --           ;
; U18      ;            ;          ; VCCINT                                                    ; power  ;              ; 1.2V    ; --         ;                 ; --       ; --           ;
; U19      ;            ;          ; GND                                                       ; gnd    ;              ;         ; --         ;                 ; --       ; --           ;
; U20      ;            ;          ; VCCINT                                                    ; power  ;              ; 1.2V    ; --         ;                 ; --       ; --           ;
; U21      ; 319        ; 5        ; DataRS[6]                                                 ; output ; 2.5 V        ;         ; Row I/O    ; N               ; no       ; Off          ;
; U22      ; 313        ; 5        ; PCValue[7]                                                ; output ; 2.5 V        ;         ; Row I/O    ; N               ; no       ; Off          ;
; U23      ; 305        ; 5        ; ALUop1[0]                                                 ; output ; 2.5 V        ;         ; Row I/O    ; N               ; no       ; Off          ;
; U24      ; 316        ; 5        ; Instruction_ID[0]                                         ; output ; 2.5 V        ;         ; Row I/O    ; N               ; no       ; Off          ;
; U25      ; 315        ; 5        ; Data_goingtobe[6]                                         ; output ; 2.5 V        ;         ; Row I/O    ; N               ; no       ; Off          ;
; U26      ; 314        ; 5        ; DataRT[3]                                                 ; output ; 2.5 V        ;         ; Row I/O    ; N               ; no       ; Off          ;
; U27      ; 318        ; 5        ; Instruction_ID[13]                                        ; output ; 2.5 V        ;         ; Row I/O    ; N               ; no       ; Off          ;
; U28      ; 317        ; 5        ; Data_goingtobe[0]                                         ; output ; 2.5 V        ;         ; Row I/O    ; N               ; no       ; Off          ;
; V1       ; 84         ; 2        ; rsIF[0]                                                   ; output ; 2.5 V        ;         ; Row I/O    ; N               ; no       ; Off          ;
; V2       ; 83         ; 2        ; RESERVED_INPUT_WITH_WEAK_PULLUP                           ;        ;              ;         ; Row I/O    ;                 ; no       ; On           ;
; V3       ; 82         ; 2        ; RESERVED_INPUT_WITH_WEAK_PULLUP                           ;        ;              ;         ; Row I/O    ;                 ; no       ; On           ;
; V4       ; 81         ; 2        ; RESERVED_INPUT_WITH_WEAK_PULLUP                           ;        ;              ;         ; Row I/O    ;                 ; no       ; On           ;
; V5       ; 108        ; 2        ; RESERVED_INPUT_WITH_WEAK_PULLUP                           ;        ;              ;         ; Row I/O    ;                 ; no       ; On           ;
; V6       ; 107        ; 2        ; RESERVED_INPUT_WITH_WEAK_PULLUP                           ;        ;              ;         ; Row I/O    ;                 ; no       ; On           ;
; V7       ; 110        ; 2        ; RESERVED_INPUT_WITH_WEAK_PULLUP                           ;        ;              ;         ; Row I/O    ;                 ; no       ; On           ;
; V8       ; 109        ; 2        ; RESERVED_INPUT_WITH_WEAK_PULLUP                           ;        ;              ;         ; Row I/O    ;                 ; no       ; On           ;
; V9       ;            ;          ; VCCINT                                                    ; power  ;              ; 1.2V    ; --         ;                 ; --       ; --           ;
; V10      ;            ;          ; GND                                                       ; gnd    ;              ;         ; --         ;                 ; --       ; --           ;
; V11      ;            ;          ; VCCINT                                                    ; power  ;              ; 1.2V    ; --         ;                 ; --       ; --           ;
; V12      ;            ;          ; GND                                                       ; gnd    ;              ;         ; --         ;                 ; --       ; --           ;
; V13      ;            ;          ; VCCINT                                                    ; power  ;              ; 1.2V    ; --         ;                 ; --       ; --           ;
; V14      ;            ;          ; GND                                                       ; gnd    ;              ;         ; --         ;                 ; --       ; --           ;
; V15      ;            ;          ; VCCINT                                                    ; power  ;              ; 1.2V    ; --         ;                 ; --       ; --           ;
; V16      ;            ;          ; GND                                                       ; gnd    ;              ;         ; --         ;                 ; --       ; --           ;
; V17      ;            ;          ; VCCINT                                                    ; power  ;              ; 1.2V    ; --         ;                 ; --       ; --           ;
; V18      ;            ;          ; GND                                                       ; gnd    ;              ;         ; --         ;                 ; --       ; --           ;
; V19      ;            ;          ; VCCINT                                                    ; power  ;              ; 1.2V    ; --         ;                 ; --       ; --           ;
; V20      ;            ;          ; GND                                                       ; gnd    ;              ;         ; --         ;                 ; --       ; --           ;
; V21      ; 311        ; 5        ; Instruction_EX[17]                                        ; output ; 2.5 V        ;         ; Row I/O    ; N               ; no       ; Off          ;
; V22      ; 312        ; 5        ; PCValue[6]                                                ; output ; 2.5 V        ;         ; Row I/O    ; N               ; no       ; Off          ;
; V23      ; 309        ; 5        ; Instruction_WB[0]                                         ; output ; 2.5 V        ;         ; Row I/O    ; N               ; no       ; Off          ;
; V24      ; 308        ; 5        ; Address_to_w_r_MEM[3]                                     ; output ; 2.5 V        ;         ; Row I/O    ; N               ; no       ; Off          ;
; V25      ; 307        ; 5        ; Address_to_w_r_MEM[0]                                     ; output ; 2.5 V        ;         ; Row I/O    ; N               ; no       ; Off          ;
; V26      ; 306        ; 5        ; Address_to_w_r_MEM[5]                                     ; output ; 2.5 V        ;         ; Row I/O    ; N               ; no       ; Off          ;
; V27      ; 304        ; 5        ; Instruction_ID[6]                                         ; output ; 2.5 V        ;         ; Row I/O    ; N               ; no       ; Off          ;
; V28      ; 303        ; 5        ; Data_from_address_MEM[3]                                  ; output ; 2.5 V        ;         ; Row I/O    ; N               ; no       ; Off          ;
; W1       ; 88         ; 2        ; Instruction_MEM[17]                                       ; output ; 2.5 V        ;         ; Row I/O    ; N               ; no       ; Off          ;
; W2       ; 87         ; 2        ; Instruction_WB[14]                                        ; output ; 2.5 V        ;         ; Row I/O    ; N               ; no       ; Off          ;
; W3       ; 112        ; 2        ; RESERVED_INPUT_WITH_WEAK_PULLUP                           ;        ;              ;         ; Row I/O    ;                 ; no       ; On           ;
; W4       ; 111        ; 2        ; RESERVED_INPUT_WITH_WEAK_PULLUP                           ;        ;              ;         ; Row I/O    ;                 ; no       ; On           ;
; W5       ;            ; 2        ; VCCIO2                                                    ; power  ;              ; 2.5V    ; --         ;                 ; --       ; --           ;
; W6       ;            ;          ; GND                                                       ; gnd    ;              ;         ; --         ;                 ; --       ; --           ;
; W7       ; 115        ; 2        ; RESERVED_INPUT_WITH_WEAK_PULLUP                           ;        ;              ;         ; Row I/O    ;                 ; no       ; On           ;
; W8       ; 116        ; 2        ; RESERVED_INPUT_WITH_WEAK_PULLUP                           ;        ;              ;         ; Row I/O    ;                 ; no       ; On           ;
; W9       ;            ;          ; GND                                                       ; gnd    ;              ;         ; --         ;                 ; --       ; --           ;
; W10      ;            ;          ; VCCINT                                                    ; power  ;              ; 1.2V    ; --         ;                 ; --       ; --           ;
; W11      ;            ;          ; GND                                                       ; gnd    ;              ;         ; --         ;                 ; --       ; --           ;
; W12      ;            ;          ; VCCINT                                                    ; power  ;              ; 1.2V    ; --         ;                 ; --       ; --           ;
; W13      ;            ;          ; GND                                                       ; gnd    ;              ;         ; --         ;                 ; --       ; --           ;
; W14      ;            ;          ; VCCINT                                                    ; power  ;              ; 1.2V    ; --         ;                 ; --       ; --           ;
; W15      ;            ;          ; GND                                                       ; gnd    ;              ;         ; --         ;                 ; --       ; --           ;
; W16      ;            ;          ; VCCINT                                                    ; power  ;              ; 1.2V    ; --         ;                 ; --       ; --           ;
; W17      ;            ;          ; GND                                                       ; gnd    ;              ;         ; --         ;                 ; --       ; --           ;
; W18      ;            ;          ; VCCINT                                                    ; power  ;              ; 1.2V    ; --         ;                 ; --       ; --           ;
; W19      ;            ;          ; GND                                                       ; gnd    ;              ;         ; --         ;                 ; --       ; --           ;
; W20      ;            ;          ; VCCINT                                                    ; power  ;              ; 1.2V    ; --         ;                 ; --       ; --           ;
; W21      ; 310        ; 5        ; Address_to_w_r_MEM[6]                                     ; output ; 2.5 V        ;         ; Row I/O    ; N               ; no       ; Off          ;
; W22      ; 321        ; 5        ; Instruction_ID[14]                                        ; output ; 2.5 V        ;         ; Row I/O    ; N               ; no       ; Off          ;
; W23      ;            ;          ; GND                                                       ; gnd    ;              ;         ; --         ;                 ; --       ; --           ;
; W24      ;            ; 5        ; VCCIO5                                                    ; power  ;              ; 2.5V    ; --         ;                 ; --       ; --           ;
; W25      ; 300        ; 5        ; ALUResultEX[1]                                            ; output ; 2.5 V        ;         ; Row I/O    ; N               ; no       ; Off          ;
; W26      ; 299        ; 5        ; DataRT[1]                                                 ; output ; 2.5 V        ;         ; Row I/O    ; N               ; no       ; Off          ;
; W27      ; 301        ; 5        ; Instruction_WB[18]                                        ; output ; 2.5 V        ;         ; Row I/O    ; N               ; no       ; Off          ;
; W28      ; 302        ; 5        ; ALUop1[7]                                                 ; output ; 2.5 V        ;         ; Row I/O    ; N               ; no       ; Off          ;
; Y1       ; 66         ; 2        ; GND+                                                      ;        ;              ;         ; Row I/O    ;                 ; --       ; --           ;
; Y2       ; 65         ; 2        ; RAM_Clock                                                 ; input  ; 2.5 V        ;         ; Row I/O    ; N               ; no       ; Off          ;
; Y3       ; 92         ; 2        ; Instruction_MEM[2]                                        ; output ; 2.5 V        ;         ; Row I/O    ; N               ; no       ; Off          ;
; Y4       ; 91         ; 2        ; ALU_Control[0]                                            ; output ; 2.5 V        ;         ; Row I/O    ; N               ; no       ; Off          ;
; Y5       ; 114        ; 2        ; RESERVED_INPUT_WITH_WEAK_PULLUP                           ;        ;              ;         ; Row I/O    ;                 ; no       ; On           ;
; Y6       ; 113        ; 2        ; RESERVED_INPUT_WITH_WEAK_PULLUP                           ;        ;              ;         ; Row I/O    ;                 ; no       ; On           ;
; Y7       ; 117        ; 2        ; RESERVED_INPUT_WITH_WEAK_PULLUP                           ;        ;              ;         ; Row I/O    ;                 ; no       ; On           ;
; Y8       ;            ; --       ; VCCA1                                                     ; power  ;              ; 2.5V    ; --         ;                 ; --       ; --           ;
; Y9       ;            ;          ; VCCD_PLL1                                                 ; power  ;              ; 1.2V    ; --         ;                 ; --       ; --           ;
; Y10      ; 140        ; 3        ; RESERVED_INPUT_WITH_WEAK_PULLUP                           ;        ;              ;         ; Column I/O ;                 ; --       ; --           ;
; Y11      ;            ;          ; GND                                                       ; gnd    ;              ;         ; --         ;                 ; --       ; --           ;
; Y12      ; 187        ; 3        ; Instruction_ID[29]                                        ; output ; 2.5 V        ;         ; Column I/O ; N               ; no       ; Off          ;
; Y13      ; 189        ; 3        ; Data_from_address_MEM[4]                                  ; output ; 2.5 V        ;         ; Column I/O ; N               ; no       ; Off          ;
; Y14      ; 197        ; 3        ; Instruction_WB[17]                                        ; output ; 2.5 V        ;         ; Column I/O ; N               ; no       ; Off          ;
; Y15      ; 198        ; 3        ; Instruction_WB[30]                                        ; output ; 2.5 V        ;         ; Column I/O ; N               ; no       ; Off          ;
; Y16      ; 250        ; 4        ; ALUop1[5]                                                 ; output ; 2.5 V        ;         ; Column I/O ; N               ; no       ; Off          ;
; Y17      ; 249        ; 4        ; Instruction_WB[4]                                         ; output ; 2.5 V        ;         ; Column I/O ; N               ; no       ; Off          ;
; Y18      ;            ;          ; GND                                                       ; gnd    ;              ;         ; --         ;                 ; --       ; --           ;
; Y19      ; 263        ; 4        ; Instruction_MEM[20]                                       ; output ; 2.5 V        ;         ; Column I/O ; N               ; no       ; Off          ;
; Y20      ;            ;          ; VCCD_PLL4                                                 ; power  ;              ; 1.2V    ; --         ;                 ; --       ; --           ;
; Y21      ;            ; --       ; VCCA4                                                     ; power  ;              ; 2.5V    ; --         ;                 ; --       ; --           ;
; Y22      ; 320        ; 5        ; Instruction_IF[5]                                         ; output ; 2.5 V        ;         ; Row I/O    ; N               ; no       ; Off          ;
; Y23      ; 288        ; 5        ; Data_from_address_MEM[2]                                  ; output ; 2.5 V        ;         ; Row I/O    ; N               ; no       ; Off          ;
; Y24      ; 287        ; 5        ; Instruction_WB[15]                                        ; output ; 2.5 V        ;         ; Row I/O    ; N               ; no       ; Off          ;
; Y25      ; 298        ; 5        ; Instruction_EX[4]                                         ; output ; 2.5 V        ;         ; Row I/O    ; N               ; no       ; Off          ;
; Y26      ; 297        ; 5        ; Instruction_EX[2]                                         ; output ; 2.5 V        ;         ; Row I/O    ; N               ; no       ; Off          ;
; Y27      ; 336        ; 5        ; GND+                                                      ;        ;              ;         ; Row I/O    ;                 ; --       ; --           ;
; Y28      ; 335        ; 5        ; GND+                                                      ;        ;              ;         ; Row I/O    ;                 ; --       ; --           ;
+----------+------------+----------+-----------------------------------------------------------+--------+--------------+---------+------------+-----------------+----------+--------------+
Note: Pin directions (input, output or bidir) are based on device operating in user mode.


+-----------------------------------------------------------------------------------------------------------------------------------------------------------------------------------------------------------------------------------------------------------------------------------------------------------------------------------------------------------------------------+
; Fitter Resource Utilization by Entity                                                                                                                                                                                                                                                                                                                                       ;
+--------------------------------------------------------------+-------------+---------------------------+---------------+-------------+------+--------------+---------+-----------+------+--------------+--------------+-------------------+------------------+-----------------------------------------------------------------------------------------------+--------------+
; Compilation Hierarchy Node                                   ; Logic Cells ; Dedicated Logic Registers ; I/O Registers ; Memory Bits ; M9Ks ; DSP Elements ; DSP 9x9 ; DSP 18x18 ; Pins ; Virtual Pins ; LUT-Only LCs ; Register-Only LCs ; LUT/Register LCs ; Full Hierarchy Name                                                                           ; Library Name ;
+--------------------------------------------------------------+-------------+---------------------------+---------------+-------------+------+--------------+---------+-----------+------+--------------+--------------+-------------------+------------------+-----------------------------------------------------------------------------------------------+--------------+
; |Lab3                                                        ; 447 (6)     ; 211 (0)                   ; 0 (0)         ; 10240       ; 2    ; 0            ; 0       ; 0         ; 248  ; 0            ; 236 (6)      ; 102 (0)           ; 109 (0)          ; |Lab3                                                                                         ; work         ;
;    |ALUControl:inst23|                                       ; 4 (4)       ; 0 (0)                     ; 0 (0)         ; 0           ; 0    ; 0            ; 0       ; 0         ; 0    ; 0            ; 1 (1)        ; 0 (0)             ; 3 (3)            ; |Lab3|ALUControl:inst23                                                                       ; work         ;
;    |EXMEM:inst30|                                            ; 56 (56)     ; 56 (56)                   ; 0 (0)         ; 0           ; 0    ; 0            ; 0       ; 0         ; 0    ; 0            ; 0 (0)        ; 39 (39)           ; 17 (17)          ; |Lab3|EXMEM:inst30                                                                            ; work         ;
;    |IDEX:inst26|                                             ; 54 (54)     ; 54 (54)                   ; 0 (0)         ; 0           ; 0    ; 0            ; 0       ; 0         ; 0    ; 0            ; 0 (0)        ; 23 (23)           ; 31 (31)          ; |Lab3|IDEX:inst26                                                                             ; work         ;
;    |IFID:inst1|                                              ; 39 (0)      ; 39 (0)                    ; 0 (0)         ; 0           ; 0    ; 0            ; 0       ; 0         ; 0    ; 0            ; 0 (0)        ; 0 (0)             ; 39 (0)           ; |Lab3|IFID:inst1                                                                              ; work         ;
;       |reg32:insreg|                                         ; 32 (32)     ; 32 (32)                   ; 0 (0)         ; 0           ; 0    ; 0            ; 0       ; 0         ; 0    ; 0            ; 0 (0)        ; 0 (0)             ; 32 (32)          ; |Lab3|IFID:inst1|reg32:insreg                                                                 ; work         ;
;       |reg32:pcreg|                                          ; 7 (7)       ; 7 (7)                     ; 0 (0)         ; 0           ; 0    ; 0            ; 0       ; 0         ; 0    ; 0            ; 0 (0)        ; 0 (0)             ; 7 (7)            ; |Lab3|IFID:inst1|reg32:pcreg                                                                  ; work         ;
;    |MEMWB:inst32|                                            ; 55 (55)     ; 55 (55)                   ; 0 (0)         ; 0           ; 0    ; 0            ; 0       ; 0         ; 0    ; 0            ; 0 (0)        ; 40 (40)           ; 15 (15)          ; |Lab3|MEMWB:inst32                                                                            ; work         ;
;    |control_unit:inst15|                                     ; 10 (10)     ; 0 (0)                     ; 0 (0)         ; 0           ; 0    ; 0            ; 0       ; 0         ; 0    ; 0            ; 6 (6)        ; 0 (0)             ; 4 (4)            ; |Lab3|control_unit:inst15                                                                     ; work         ;
;    |eightBitALU:inst17|                                      ; 6 (0)       ; 0 (0)                     ; 0 (0)         ; 0           ; 0    ; 0            ; 0       ; 0         ; 0    ; 0            ; 4 (0)        ; 0 (0)             ; 2 (0)            ; |Lab3|eightBitALU:inst17                                                                      ; work         ;
;       |eightBitCLA:arithmetic_unit|                          ; 6 (6)       ; 0 (0)                     ; 0 (0)         ; 0           ; 0    ; 0            ; 0       ; 0         ; 0    ; 0            ; 4 (4)        ; 0 (0)             ; 2 (2)            ; |Lab3|eightBitALU:inst17|eightBitCLA:arithmetic_unit                                          ; work         ;
;    |eightBitRegisterInc:inst36|                              ; 7 (0)       ; 7 (0)                     ; 0 (0)         ; 0           ; 0    ; 0            ; 0       ; 0         ; 0    ; 0            ; 0 (0)        ; 0 (0)             ; 7 (0)            ; |Lab3|eightBitRegisterInc:inst36                                                              ; work         ;
;       |enARdFF_2:\GEN_BITS:0:BIT_FF|                         ; 1 (1)       ; 1 (1)                     ; 0 (0)         ; 0           ; 0    ; 0            ; 0       ; 0         ; 0    ; 0            ; 0 (0)        ; 0 (0)             ; 1 (1)            ; |Lab3|eightBitRegisterInc:inst36|enARdFF_2:\GEN_BITS:0:BIT_FF                                 ; work         ;
;       |enARdFF_2:\GEN_BITS:2:BIT_FF|                         ; 1 (1)       ; 1 (1)                     ; 0 (0)         ; 0           ; 0    ; 0            ; 0       ; 0         ; 0    ; 0            ; 0 (0)        ; 0 (0)             ; 1 (1)            ; |Lab3|eightBitRegisterInc:inst36|enARdFF_2:\GEN_BITS:2:BIT_FF                                 ; work         ;
;       |enARdFF_2:\GEN_BITS:3:BIT_FF|                         ; 1 (1)       ; 1 (1)                     ; 0 (0)         ; 0           ; 0    ; 0            ; 0       ; 0         ; 0    ; 0            ; 0 (0)        ; 0 (0)             ; 1 (1)            ; |Lab3|eightBitRegisterInc:inst36|enARdFF_2:\GEN_BITS:3:BIT_FF                                 ; work         ;
;       |enARdFF_2:\GEN_BITS:4:BIT_FF|                         ; 1 (1)       ; 1 (1)                     ; 0 (0)         ; 0           ; 0    ; 0            ; 0       ; 0         ; 0    ; 0            ; 0 (0)        ; 0 (0)             ; 1 (1)            ; |Lab3|eightBitRegisterInc:inst36|enARdFF_2:\GEN_BITS:4:BIT_FF                                 ; work         ;
;       |enARdFF_2:\GEN_BITS:5:BIT_FF|                         ; 1 (1)       ; 1 (1)                     ; 0 (0)         ; 0           ; 0    ; 0            ; 0       ; 0         ; 0    ; 0            ; 0 (0)        ; 0 (0)             ; 1 (1)            ; |Lab3|eightBitRegisterInc:inst36|enARdFF_2:\GEN_BITS:5:BIT_FF                                 ; work         ;
;       |enARdFF_2:\GEN_BITS:6:BIT_FF|                         ; 1 (1)       ; 1 (1)                     ; 0 (0)         ; 0           ; 0    ; 0            ; 0       ; 0         ; 0    ; 0            ; 0 (0)        ; 0 (0)             ; 1 (1)            ; |Lab3|eightBitRegisterInc:inst36|enARdFF_2:\GEN_BITS:6:BIT_FF                                 ; work         ;
;       |enARdFF_2:\GEN_BITS:7:BIT_FF|                         ; 1 (1)       ; 1 (1)                     ; 0 (0)         ; 0           ; 0    ; 0            ; 0       ; 0         ; 0    ; 0            ; 0 (0)        ; 0 (0)             ; 1 (1)            ; |Lab3|eightBitRegisterInc:inst36|enARdFF_2:\GEN_BITS:7:BIT_FF                                 ; work         ;
;    |equalComparator8:inst3|                                  ; 1 (1)       ; 0 (0)                     ; 0 (0)         ; 0           ; 0    ; 0            ; 0       ; 0         ; 0    ; 0            ; 1 (1)        ; 0 (0)             ; 0 (0)            ; |Lab3|equalComparator8:inst3                                                                  ; work         ;
;    |forwarding_unit:inst4|                                   ; 8 (8)       ; 0 (0)                     ; 0 (0)         ; 0           ; 0    ; 0            ; 0       ; 0         ; 0    ; 0            ; 3 (3)        ; 0 (0)             ; 5 (5)            ; |Lab3|forwarding_unit:inst4                                                                   ; work         ;
;    |hazard_unit:inst34|                                      ; 7 (7)       ; 0 (0)                     ; 0 (0)         ; 0           ; 0    ; 0            ; 0       ; 0         ; 0    ; 0            ; 5 (5)        ; 0 (0)             ; 2 (2)            ; |Lab3|hazard_unit:inst34                                                                      ; work         ;
;    |lpm_ram_dq:inst9|                                        ; 0 (0)       ; 0 (0)                     ; 0 (0)         ; 2048        ; 1    ; 0            ; 0       ; 0         ; 0    ; 0            ; 0 (0)        ; 0 (0)             ; 0 (0)            ; |Lab3|lpm_ram_dq:inst9                                                                        ; work         ;
;       |altram:sram|                                          ; 0 (0)       ; 0 (0)                     ; 0 (0)         ; 2048        ; 1    ; 0            ; 0       ; 0         ; 0    ; 0            ; 0 (0)        ; 0 (0)             ; 0 (0)            ; |Lab3|lpm_ram_dq:inst9|altram:sram                                                            ; work         ;
;          |altsyncram:ram_block|                              ; 0 (0)       ; 0 (0)                     ; 0 (0)         ; 2048        ; 1    ; 0            ; 0       ; 0         ; 0    ; 0            ; 0 (0)        ; 0 (0)             ; 0 (0)            ; |Lab3|lpm_ram_dq:inst9|altram:sram|altsyncram:ram_block                                       ; work         ;
;             |altsyncram_38a1:auto_generated|                 ; 0 (0)       ; 0 (0)                     ; 0 (0)         ; 2048        ; 1    ; 0            ; 0       ; 0         ; 0    ; 0            ; 0 (0)        ; 0 (0)             ; 0 (0)            ; |Lab3|lpm_ram_dq:inst9|altram:sram|altsyncram:ram_block|altsyncram_38a1:auto_generated        ; work         ;
;    |lpm_rom:inst|                                            ; 0 (0)       ; 0 (0)                     ; 0 (0)         ; 8192        ; 1    ; 0            ; 0       ; 0         ; 0    ; 0            ; 0 (0)        ; 0 (0)             ; 0 (0)            ; |Lab3|lpm_rom:inst                                                                            ; work         ;
;       |altrom:srom|                                          ; 0 (0)       ; 0 (0)                     ; 0 (0)         ; 8192        ; 1    ; 0            ; 0       ; 0         ; 0    ; 0            ; 0 (0)        ; 0 (0)             ; 0 (0)            ; |Lab3|lpm_rom:inst|altrom:srom                                                                ; work         ;
;          |altsyncram:rom_block|                              ; 0 (0)       ; 0 (0)                     ; 0 (0)         ; 8192        ; 1    ; 0            ; 0       ; 0         ; 0    ; 0            ; 0 (0)        ; 0 (0)             ; 0 (0)            ; |Lab3|lpm_rom:inst|altrom:srom|altsyncram:rom_block                                           ; work         ;
;             |altsyncram_t811:auto_generated|                 ; 0 (0)       ; 0 (0)                     ; 0 (0)         ; 8192        ; 1    ; 0            ; 0       ; 0         ; 0    ; 0            ; 0 (0)        ; 0 (0)             ; 0 (0)            ; |Lab3|lpm_rom:inst|altrom:srom|altsyncram:rom_block|altsyncram_t811:auto_generated            ; work         ;
;    |mux2to1_8bit:inst21|                                     ; 1 (1)       ; 0 (0)                     ; 0 (0)         ; 0           ; 0    ; 0            ; 0       ; 0         ; 0    ; 0            ; 0 (0)        ; 0 (0)             ; 1 (1)            ; |Lab3|mux2to1_8bit:inst21                                                                     ; work         ;
;    |mux2to1_8bit:inst24|                                     ; 24 (24)     ; 0 (0)                     ; 0 (0)         ; 0           ; 0    ; 0            ; 0       ; 0         ; 0    ; 0            ; 16 (16)      ; 0 (0)             ; 8 (8)            ; |Lab3|mux2to1_8bit:inst24                                                                     ; work         ;
;    |mux2to1_8bit:inst25|                                     ; 8 (8)       ; 0 (0)                     ; 0 (0)         ; 0           ; 0    ; 0            ; 0       ; 0         ; 0    ; 0            ; 0 (0)        ; 0 (0)             ; 8 (8)            ; |Lab3|mux2to1_8bit:inst25                                                                     ; work         ;
;    |mux4to1_8bit:inst13|                                     ; 21 (21)     ; 0 (0)                     ; 0 (0)         ; 0           ; 0    ; 0            ; 0       ; 0         ; 0    ; 0            ; 13 (13)      ; 0 (0)             ; 8 (8)            ; |Lab3|mux4to1_8bit:inst13                                                                     ; work         ;
;    |mux5:inst10|                                             ; 5 (0)       ; 0 (0)                     ; 0 (0)         ; 0           ; 0    ; 0            ; 0       ; 0         ; 0    ; 0            ; 1 (0)        ; 0 (0)             ; 4 (0)            ; |Lab3|mux5:inst10                                                                             ; work         ;
;       |mux2:\gen_mux:0:mux_inst|                             ; 1 (1)       ; 0 (0)                     ; 0 (0)         ; 0           ; 0    ; 0            ; 0       ; 0         ; 0    ; 0            ; 1 (1)        ; 0 (0)             ; 0 (0)            ; |Lab3|mux5:inst10|mux2:\gen_mux:0:mux_inst                                                    ; work         ;
;       |mux2:\gen_mux:1:mux_inst|                             ; 1 (1)       ; 0 (0)                     ; 0 (0)         ; 0           ; 0    ; 0            ; 0       ; 0         ; 0    ; 0            ; 0 (0)        ; 0 (0)             ; 1 (1)            ; |Lab3|mux5:inst10|mux2:\gen_mux:1:mux_inst                                                    ; work         ;
;       |mux2:\gen_mux:2:mux_inst|                             ; 1 (1)       ; 0 (0)                     ; 0 (0)         ; 0           ; 0    ; 0            ; 0       ; 0         ; 0    ; 0            ; 0 (0)        ; 0 (0)             ; 1 (1)            ; |Lab3|mux5:inst10|mux2:\gen_mux:2:mux_inst                                                    ; work         ;
;       |mux2:\gen_mux:3:mux_inst|                             ; 1 (1)       ; 0 (0)                     ; 0 (0)         ; 0           ; 0    ; 0            ; 0       ; 0         ; 0    ; 0            ; 0 (0)        ; 0 (0)             ; 1 (1)            ; |Lab3|mux5:inst10|mux2:\gen_mux:3:mux_inst                                                    ; work         ;
;       |mux2:\gen_mux:4:mux_inst|                             ; 1 (1)       ; 0 (0)                     ; 0 (0)         ; 0           ; 0    ; 0            ; 0       ; 0         ; 0    ; 0            ; 0 (0)        ; 0 (0)             ; 1 (1)            ; |Lab3|mux5:inst10|mux2:\gen_mux:4:mux_inst                                                    ; work         ;
;    |registerFile:inst11|                                     ; 152 (0)     ; 0 (0)                     ; 0 (0)         ; 0           ; 0    ; 0            ; 0       ; 0         ; 0    ; 0            ; 139 (0)      ; 0 (0)             ; 13 (0)           ; |Lab3|registerFile:inst11                                                                     ; work         ;
;       |asyncEightBitRegister:\gen_registers:0:register_inst| ; 8 (0)       ; 0 (0)                     ; 0 (0)         ; 0           ; 0    ; 0            ; 0       ; 0         ; 0    ; 0            ; 8 (0)        ; 0 (0)             ; 0 (0)            ; |Lab3|registerFile:inst11|asyncEightBitRegister:\gen_registers:0:register_inst                ; work         ;
;          |d_latch:latch0|                                    ; 1 (1)       ; 0 (0)                     ; 0 (0)         ; 0           ; 0    ; 0            ; 0       ; 0         ; 0    ; 0            ; 1 (1)        ; 0 (0)             ; 0 (0)            ; |Lab3|registerFile:inst11|asyncEightBitRegister:\gen_registers:0:register_inst|d_latch:latch0 ; work         ;
;          |d_latch:latch1|                                    ; 1 (1)       ; 0 (0)                     ; 0 (0)         ; 0           ; 0    ; 0            ; 0       ; 0         ; 0    ; 0            ; 1 (1)        ; 0 (0)             ; 0 (0)            ; |Lab3|registerFile:inst11|asyncEightBitRegister:\gen_registers:0:register_inst|d_latch:latch1 ; work         ;
;          |d_latch:latch2|                                    ; 1 (1)       ; 0 (0)                     ; 0 (0)         ; 0           ; 0    ; 0            ; 0       ; 0         ; 0    ; 0            ; 1 (1)        ; 0 (0)             ; 0 (0)            ; |Lab3|registerFile:inst11|asyncEightBitRegister:\gen_registers:0:register_inst|d_latch:latch2 ; work         ;
;          |d_latch:latch3|                                    ; 1 (1)       ; 0 (0)                     ; 0 (0)         ; 0           ; 0    ; 0            ; 0       ; 0         ; 0    ; 0            ; 1 (1)        ; 0 (0)             ; 0 (0)            ; |Lab3|registerFile:inst11|asyncEightBitRegister:\gen_registers:0:register_inst|d_latch:latch3 ; work         ;
;          |d_latch:latch4|                                    ; 1 (1)       ; 0 (0)                     ; 0 (0)         ; 0           ; 0    ; 0            ; 0       ; 0         ; 0    ; 0            ; 1 (1)        ; 0 (0)             ; 0 (0)            ; |Lab3|registerFile:inst11|asyncEightBitRegister:\gen_registers:0:register_inst|d_latch:latch4 ; work         ;
;          |d_latch:latch5|                                    ; 1 (1)       ; 0 (0)                     ; 0 (0)         ; 0           ; 0    ; 0            ; 0       ; 0         ; 0    ; 0            ; 1 (1)        ; 0 (0)             ; 0 (0)            ; |Lab3|registerFile:inst11|asyncEightBitRegister:\gen_registers:0:register_inst|d_latch:latch5 ; work         ;
;          |d_latch:latch6|                                    ; 1 (1)       ; 0 (0)                     ; 0 (0)         ; 0           ; 0    ; 0            ; 0       ; 0         ; 0    ; 0            ; 1 (1)        ; 0 (0)             ; 0 (0)            ; |Lab3|registerFile:inst11|asyncEightBitRegister:\gen_registers:0:register_inst|d_latch:latch6 ; work         ;
;          |d_latch:latch7|                                    ; 1 (1)       ; 0 (0)                     ; 0 (0)         ; 0           ; 0    ; 0            ; 0       ; 0         ; 0    ; 0            ; 1 (1)        ; 0 (0)             ; 0 (0)            ; |Lab3|registerFile:inst11|asyncEightBitRegister:\gen_registers:0:register_inst|d_latch:latch7 ; work         ;
;       |asyncEightBitRegister:\gen_registers:1:register_inst| ; 8 (0)       ; 0 (0)                     ; 0 (0)         ; 0           ; 0    ; 0            ; 0       ; 0         ; 0    ; 0            ; 8 (0)        ; 0 (0)             ; 0 (0)            ; |Lab3|registerFile:inst11|asyncEightBitRegister:\gen_registers:1:register_inst                ; work         ;
;          |d_latch:latch0|                                    ; 1 (1)       ; 0 (0)                     ; 0 (0)         ; 0           ; 0    ; 0            ; 0       ; 0         ; 0    ; 0            ; 1 (1)        ; 0 (0)             ; 0 (0)            ; |Lab3|registerFile:inst11|asyncEightBitRegister:\gen_registers:1:register_inst|d_latch:latch0 ; work         ;
;          |d_latch:latch1|                                    ; 1 (1)       ; 0 (0)                     ; 0 (0)         ; 0           ; 0    ; 0            ; 0       ; 0         ; 0    ; 0            ; 1 (1)        ; 0 (0)             ; 0 (0)            ; |Lab3|registerFile:inst11|asyncEightBitRegister:\gen_registers:1:register_inst|d_latch:latch1 ; work         ;
;          |d_latch:latch2|                                    ; 1 (1)       ; 0 (0)                     ; 0 (0)         ; 0           ; 0    ; 0            ; 0       ; 0         ; 0    ; 0            ; 1 (1)        ; 0 (0)             ; 0 (0)            ; |Lab3|registerFile:inst11|asyncEightBitRegister:\gen_registers:1:register_inst|d_latch:latch2 ; work         ;
;          |d_latch:latch3|                                    ; 1 (1)       ; 0 (0)                     ; 0 (0)         ; 0           ; 0    ; 0            ; 0       ; 0         ; 0    ; 0            ; 1 (1)        ; 0 (0)             ; 0 (0)            ; |Lab3|registerFile:inst11|asyncEightBitRegister:\gen_registers:1:register_inst|d_latch:latch3 ; work         ;
;          |d_latch:latch4|                                    ; 1 (1)       ; 0 (0)                     ; 0 (0)         ; 0           ; 0    ; 0            ; 0       ; 0         ; 0    ; 0            ; 1 (1)        ; 0 (0)             ; 0 (0)            ; |Lab3|registerFile:inst11|asyncEightBitRegister:\gen_registers:1:register_inst|d_latch:latch4 ; work         ;
;          |d_latch:latch5|                                    ; 1 (1)       ; 0 (0)                     ; 0 (0)         ; 0           ; 0    ; 0            ; 0       ; 0         ; 0    ; 0            ; 1 (1)        ; 0 (0)             ; 0 (0)            ; |Lab3|registerFile:inst11|asyncEightBitRegister:\gen_registers:1:register_inst|d_latch:latch5 ; work         ;
;          |d_latch:latch6|                                    ; 1 (1)       ; 0 (0)                     ; 0 (0)         ; 0           ; 0    ; 0            ; 0       ; 0         ; 0    ; 0            ; 1 (1)        ; 0 (0)             ; 0 (0)            ; |Lab3|registerFile:inst11|asyncEightBitRegister:\gen_registers:1:register_inst|d_latch:latch6 ; work         ;
;          |d_latch:latch7|                                    ; 1 (1)       ; 0 (0)                     ; 0 (0)         ; 0           ; 0    ; 0            ; 0       ; 0         ; 0    ; 0            ; 1 (1)        ; 0 (0)             ; 0 (0)            ; |Lab3|registerFile:inst11|asyncEightBitRegister:\gen_registers:1:register_inst|d_latch:latch7 ; work         ;
;       |asyncEightBitRegister:\gen_registers:2:register_inst| ; 8 (0)       ; 0 (0)                     ; 0 (0)         ; 0           ; 0    ; 0            ; 0       ; 0         ; 0    ; 0            ; 8 (0)        ; 0 (0)             ; 0 (0)            ; |Lab3|registerFile:inst11|asyncEightBitRegister:\gen_registers:2:register_inst                ; work         ;
;          |d_latch:latch0|                                    ; 1 (1)       ; 0 (0)                     ; 0 (0)         ; 0           ; 0    ; 0            ; 0       ; 0         ; 0    ; 0            ; 1 (1)        ; 0 (0)             ; 0 (0)            ; |Lab3|registerFile:inst11|asyncEightBitRegister:\gen_registers:2:register_inst|d_latch:latch0 ; work         ;
;          |d_latch:latch1|                                    ; 1 (1)       ; 0 (0)                     ; 0 (0)         ; 0           ; 0    ; 0            ; 0       ; 0         ; 0    ; 0            ; 1 (1)        ; 0 (0)             ; 0 (0)            ; |Lab3|registerFile:inst11|asyncEightBitRegister:\gen_registers:2:register_inst|d_latch:latch1 ; work         ;
;          |d_latch:latch2|                                    ; 1 (1)       ; 0 (0)                     ; 0 (0)         ; 0           ; 0    ; 0            ; 0       ; 0         ; 0    ; 0            ; 1 (1)        ; 0 (0)             ; 0 (0)            ; |Lab3|registerFile:inst11|asyncEightBitRegister:\gen_registers:2:register_inst|d_latch:latch2 ; work         ;
;          |d_latch:latch3|                                    ; 1 (1)       ; 0 (0)                     ; 0 (0)         ; 0           ; 0    ; 0            ; 0       ; 0         ; 0    ; 0            ; 1 (1)        ; 0 (0)             ; 0 (0)            ; |Lab3|registerFile:inst11|asyncEightBitRegister:\gen_registers:2:register_inst|d_latch:latch3 ; work         ;
;          |d_latch:latch4|                                    ; 1 (1)       ; 0 (0)                     ; 0 (0)         ; 0           ; 0    ; 0            ; 0       ; 0         ; 0    ; 0            ; 1 (1)        ; 0 (0)             ; 0 (0)            ; |Lab3|registerFile:inst11|asyncEightBitRegister:\gen_registers:2:register_inst|d_latch:latch4 ; work         ;
;          |d_latch:latch5|                                    ; 1 (1)       ; 0 (0)                     ; 0 (0)         ; 0           ; 0    ; 0            ; 0       ; 0         ; 0    ; 0            ; 1 (1)        ; 0 (0)             ; 0 (0)            ; |Lab3|registerFile:inst11|asyncEightBitRegister:\gen_registers:2:register_inst|d_latch:latch5 ; work         ;
;          |d_latch:latch6|                                    ; 1 (1)       ; 0 (0)                     ; 0 (0)         ; 0           ; 0    ; 0            ; 0       ; 0         ; 0    ; 0            ; 1 (1)        ; 0 (0)             ; 0 (0)            ; |Lab3|registerFile:inst11|asyncEightBitRegister:\gen_registers:2:register_inst|d_latch:latch6 ; work         ;
;          |d_latch:latch7|                                    ; 1 (1)       ; 0 (0)                     ; 0 (0)         ; 0           ; 0    ; 0            ; 0       ; 0         ; 0    ; 0            ; 1 (1)        ; 0 (0)             ; 0 (0)            ; |Lab3|registerFile:inst11|asyncEightBitRegister:\gen_registers:2:register_inst|d_latch:latch7 ; work         ;
;       |asyncEightBitRegister:\gen_registers:3:register_inst| ; 8 (0)       ; 0 (0)                     ; 0 (0)         ; 0           ; 0    ; 0            ; 0       ; 0         ; 0    ; 0            ; 8 (0)        ; 0 (0)             ; 0 (0)            ; |Lab3|registerFile:inst11|asyncEightBitRegister:\gen_registers:3:register_inst                ; work         ;
;          |d_latch:latch0|                                    ; 1 (1)       ; 0 (0)                     ; 0 (0)         ; 0           ; 0    ; 0            ; 0       ; 0         ; 0    ; 0            ; 1 (1)        ; 0 (0)             ; 0 (0)            ; |Lab3|registerFile:inst11|asyncEightBitRegister:\gen_registers:3:register_inst|d_latch:latch0 ; work         ;
;          |d_latch:latch1|                                    ; 1 (1)       ; 0 (0)                     ; 0 (0)         ; 0           ; 0    ; 0            ; 0       ; 0         ; 0    ; 0            ; 1 (1)        ; 0 (0)             ; 0 (0)            ; |Lab3|registerFile:inst11|asyncEightBitRegister:\gen_registers:3:register_inst|d_latch:latch1 ; work         ;
;          |d_latch:latch2|                                    ; 1 (1)       ; 0 (0)                     ; 0 (0)         ; 0           ; 0    ; 0            ; 0       ; 0         ; 0    ; 0            ; 1 (1)        ; 0 (0)             ; 0 (0)            ; |Lab3|registerFile:inst11|asyncEightBitRegister:\gen_registers:3:register_inst|d_latch:latch2 ; work         ;
;          |d_latch:latch3|                                    ; 1 (1)       ; 0 (0)                     ; 0 (0)         ; 0           ; 0    ; 0            ; 0       ; 0         ; 0    ; 0            ; 1 (1)        ; 0 (0)             ; 0 (0)            ; |Lab3|registerFile:inst11|asyncEightBitRegister:\gen_registers:3:register_inst|d_latch:latch3 ; work         ;
;          |d_latch:latch4|                                    ; 1 (1)       ; 0 (0)                     ; 0 (0)         ; 0           ; 0    ; 0            ; 0       ; 0         ; 0    ; 0            ; 1 (1)        ; 0 (0)             ; 0 (0)            ; |Lab3|registerFile:inst11|asyncEightBitRegister:\gen_registers:3:register_inst|d_latch:latch4 ; work         ;
;          |d_latch:latch5|                                    ; 1 (1)       ; 0 (0)                     ; 0 (0)         ; 0           ; 0    ; 0            ; 0       ; 0         ; 0    ; 0            ; 1 (1)        ; 0 (0)             ; 0 (0)            ; |Lab3|registerFile:inst11|asyncEightBitRegister:\gen_registers:3:register_inst|d_latch:latch5 ; work         ;
;          |d_latch:latch6|                                    ; 1 (1)       ; 0 (0)                     ; 0 (0)         ; 0           ; 0    ; 0            ; 0       ; 0         ; 0    ; 0            ; 1 (1)        ; 0 (0)             ; 0 (0)            ; |Lab3|registerFile:inst11|asyncEightBitRegister:\gen_registers:3:register_inst|d_latch:latch6 ; work         ;
;          |d_latch:latch7|                                    ; 1 (1)       ; 0 (0)                     ; 0 (0)         ; 0           ; 0    ; 0            ; 0       ; 0         ; 0    ; 0            ; 1 (1)        ; 0 (0)             ; 0 (0)            ; |Lab3|registerFile:inst11|asyncEightBitRegister:\gen_registers:3:register_inst|d_latch:latch7 ; work         ;
;       |asyncEightBitRegister:\gen_registers:4:register_inst| ; 8 (0)       ; 0 (0)                     ; 0 (0)         ; 0           ; 0    ; 0            ; 0       ; 0         ; 0    ; 0            ; 8 (0)        ; 0 (0)             ; 0 (0)            ; |Lab3|registerFile:inst11|asyncEightBitRegister:\gen_registers:4:register_inst                ; work         ;
;          |d_latch:latch0|                                    ; 1 (1)       ; 0 (0)                     ; 0 (0)         ; 0           ; 0    ; 0            ; 0       ; 0         ; 0    ; 0            ; 1 (1)        ; 0 (0)             ; 0 (0)            ; |Lab3|registerFile:inst11|asyncEightBitRegister:\gen_registers:4:register_inst|d_latch:latch0 ; work         ;
;          |d_latch:latch1|                                    ; 1 (1)       ; 0 (0)                     ; 0 (0)         ; 0           ; 0    ; 0            ; 0       ; 0         ; 0    ; 0            ; 1 (1)        ; 0 (0)             ; 0 (0)            ; |Lab3|registerFile:inst11|asyncEightBitRegister:\gen_registers:4:register_inst|d_latch:latch1 ; work         ;
;          |d_latch:latch2|                                    ; 1 (1)       ; 0 (0)                     ; 0 (0)         ; 0           ; 0    ; 0            ; 0       ; 0         ; 0    ; 0            ; 1 (1)        ; 0 (0)             ; 0 (0)            ; |Lab3|registerFile:inst11|asyncEightBitRegister:\gen_registers:4:register_inst|d_latch:latch2 ; work         ;
;          |d_latch:latch3|                                    ; 1 (1)       ; 0 (0)                     ; 0 (0)         ; 0           ; 0    ; 0            ; 0       ; 0         ; 0    ; 0            ; 1 (1)        ; 0 (0)             ; 0 (0)            ; |Lab3|registerFile:inst11|asyncEightBitRegister:\gen_registers:4:register_inst|d_latch:latch3 ; work         ;
;          |d_latch:latch4|                                    ; 1 (1)       ; 0 (0)                     ; 0 (0)         ; 0           ; 0    ; 0            ; 0       ; 0         ; 0    ; 0            ; 1 (1)        ; 0 (0)             ; 0 (0)            ; |Lab3|registerFile:inst11|asyncEightBitRegister:\gen_registers:4:register_inst|d_latch:latch4 ; work         ;
;          |d_latch:latch5|                                    ; 1 (1)       ; 0 (0)                     ; 0 (0)         ; 0           ; 0    ; 0            ; 0       ; 0         ; 0    ; 0            ; 1 (1)        ; 0 (0)             ; 0 (0)            ; |Lab3|registerFile:inst11|asyncEightBitRegister:\gen_registers:4:register_inst|d_latch:latch5 ; work         ;
;          |d_latch:latch6|                                    ; 1 (1)       ; 0 (0)                     ; 0 (0)         ; 0           ; 0    ; 0            ; 0       ; 0         ; 0    ; 0            ; 1 (1)        ; 0 (0)             ; 0 (0)            ; |Lab3|registerFile:inst11|asyncEightBitRegister:\gen_registers:4:register_inst|d_latch:latch6 ; work         ;
;          |d_latch:latch7|                                    ; 1 (1)       ; 0 (0)                     ; 0 (0)         ; 0           ; 0    ; 0            ; 0       ; 0         ; 0    ; 0            ; 1 (1)        ; 0 (0)             ; 0 (0)            ; |Lab3|registerFile:inst11|asyncEightBitRegister:\gen_registers:4:register_inst|d_latch:latch7 ; work         ;
;       |asyncEightBitRegister:\gen_registers:5:register_inst| ; 8 (0)       ; 0 (0)                     ; 0 (0)         ; 0           ; 0    ; 0            ; 0       ; 0         ; 0    ; 0            ; 8 (0)        ; 0 (0)             ; 0 (0)            ; |Lab3|registerFile:inst11|asyncEightBitRegister:\gen_registers:5:register_inst                ; work         ;
;          |d_latch:latch0|                                    ; 1 (1)       ; 0 (0)                     ; 0 (0)         ; 0           ; 0    ; 0            ; 0       ; 0         ; 0    ; 0            ; 1 (1)        ; 0 (0)             ; 0 (0)            ; |Lab3|registerFile:inst11|asyncEightBitRegister:\gen_registers:5:register_inst|d_latch:latch0 ; work         ;
;          |d_latch:latch1|                                    ; 1 (1)       ; 0 (0)                     ; 0 (0)         ; 0           ; 0    ; 0            ; 0       ; 0         ; 0    ; 0            ; 1 (1)        ; 0 (0)             ; 0 (0)            ; |Lab3|registerFile:inst11|asyncEightBitRegister:\gen_registers:5:register_inst|d_latch:latch1 ; work         ;
;          |d_latch:latch2|                                    ; 1 (1)       ; 0 (0)                     ; 0 (0)         ; 0           ; 0    ; 0            ; 0       ; 0         ; 0    ; 0            ; 1 (1)        ; 0 (0)             ; 0 (0)            ; |Lab3|registerFile:inst11|asyncEightBitRegister:\gen_registers:5:register_inst|d_latch:latch2 ; work         ;
;          |d_latch:latch3|                                    ; 1 (1)       ; 0 (0)                     ; 0 (0)         ; 0           ; 0    ; 0            ; 0       ; 0         ; 0    ; 0            ; 1 (1)        ; 0 (0)             ; 0 (0)            ; |Lab3|registerFile:inst11|asyncEightBitRegister:\gen_registers:5:register_inst|d_latch:latch3 ; work         ;
;          |d_latch:latch4|                                    ; 1 (1)       ; 0 (0)                     ; 0 (0)         ; 0           ; 0    ; 0            ; 0       ; 0         ; 0    ; 0            ; 1 (1)        ; 0 (0)             ; 0 (0)            ; |Lab3|registerFile:inst11|asyncEightBitRegister:\gen_registers:5:register_inst|d_latch:latch4 ; work         ;
;          |d_latch:latch5|                                    ; 1 (1)       ; 0 (0)                     ; 0 (0)         ; 0           ; 0    ; 0            ; 0       ; 0         ; 0    ; 0            ; 1 (1)        ; 0 (0)             ; 0 (0)            ; |Lab3|registerFile:inst11|asyncEightBitRegister:\gen_registers:5:register_inst|d_latch:latch5 ; work         ;
;          |d_latch:latch6|                                    ; 1 (1)       ; 0 (0)                     ; 0 (0)         ; 0           ; 0    ; 0            ; 0       ; 0         ; 0    ; 0            ; 1 (1)        ; 0 (0)             ; 0 (0)            ; |Lab3|registerFile:inst11|asyncEightBitRegister:\gen_registers:5:register_inst|d_latch:latch6 ; work         ;
;          |d_latch:latch7|                                    ; 1 (1)       ; 0 (0)                     ; 0 (0)         ; 0           ; 0    ; 0            ; 0       ; 0         ; 0    ; 0            ; 1 (1)        ; 0 (0)             ; 0 (0)            ; |Lab3|registerFile:inst11|asyncEightBitRegister:\gen_registers:5:register_inst|d_latch:latch7 ; work         ;
;       |asyncEightBitRegister:\gen_registers:6:register_inst| ; 8 (0)       ; 0 (0)                     ; 0 (0)         ; 0           ; 0    ; 0            ; 0       ; 0         ; 0    ; 0            ; 8 (0)        ; 0 (0)             ; 0 (0)            ; |Lab3|registerFile:inst11|asyncEightBitRegister:\gen_registers:6:register_inst                ; work         ;
;          |d_latch:latch0|                                    ; 1 (1)       ; 0 (0)                     ; 0 (0)         ; 0           ; 0    ; 0            ; 0       ; 0         ; 0    ; 0            ; 1 (1)        ; 0 (0)             ; 0 (0)            ; |Lab3|registerFile:inst11|asyncEightBitRegister:\gen_registers:6:register_inst|d_latch:latch0 ; work         ;
;          |d_latch:latch1|                                    ; 1 (1)       ; 0 (0)                     ; 0 (0)         ; 0           ; 0    ; 0            ; 0       ; 0         ; 0    ; 0            ; 1 (1)        ; 0 (0)             ; 0 (0)            ; |Lab3|registerFile:inst11|asyncEightBitRegister:\gen_registers:6:register_inst|d_latch:latch1 ; work         ;
;          |d_latch:latch2|                                    ; 1 (1)       ; 0 (0)                     ; 0 (0)         ; 0           ; 0    ; 0            ; 0       ; 0         ; 0    ; 0            ; 1 (1)        ; 0 (0)             ; 0 (0)            ; |Lab3|registerFile:inst11|asyncEightBitRegister:\gen_registers:6:register_inst|d_latch:latch2 ; work         ;
;          |d_latch:latch3|                                    ; 1 (1)       ; 0 (0)                     ; 0 (0)         ; 0           ; 0    ; 0            ; 0       ; 0         ; 0    ; 0            ; 1 (1)        ; 0 (0)             ; 0 (0)            ; |Lab3|registerFile:inst11|asyncEightBitRegister:\gen_registers:6:register_inst|d_latch:latch3 ; work         ;
;          |d_latch:latch4|                                    ; 1 (1)       ; 0 (0)                     ; 0 (0)         ; 0           ; 0    ; 0            ; 0       ; 0         ; 0    ; 0            ; 1 (1)        ; 0 (0)             ; 0 (0)            ; |Lab3|registerFile:inst11|asyncEightBitRegister:\gen_registers:6:register_inst|d_latch:latch4 ; work         ;
;          |d_latch:latch5|                                    ; 1 (1)       ; 0 (0)                     ; 0 (0)         ; 0           ; 0    ; 0            ; 0       ; 0         ; 0    ; 0            ; 1 (1)        ; 0 (0)             ; 0 (0)            ; |Lab3|registerFile:inst11|asyncEightBitRegister:\gen_registers:6:register_inst|d_latch:latch5 ; work         ;
;          |d_latch:latch6|                                    ; 1 (1)       ; 0 (0)                     ; 0 (0)         ; 0           ; 0    ; 0            ; 0       ; 0         ; 0    ; 0            ; 1 (1)        ; 0 (0)             ; 0 (0)            ; |Lab3|registerFile:inst11|asyncEightBitRegister:\gen_registers:6:register_inst|d_latch:latch6 ; work         ;
;          |d_latch:latch7|                                    ; 1 (1)       ; 0 (0)                     ; 0 (0)         ; 0           ; 0    ; 0            ; 0       ; 0         ; 0    ; 0            ; 1 (1)        ; 0 (0)             ; 0 (0)            ; |Lab3|registerFile:inst11|asyncEightBitRegister:\gen_registers:6:register_inst|d_latch:latch7 ; work         ;
;       |asyncEightBitRegister:\gen_registers:7:register_inst| ; 8 (0)       ; 0 (0)                     ; 0 (0)         ; 0           ; 0    ; 0            ; 0       ; 0         ; 0    ; 0            ; 8 (0)        ; 0 (0)             ; 0 (0)            ; |Lab3|registerFile:inst11|asyncEightBitRegister:\gen_registers:7:register_inst                ; work         ;
;          |d_latch:latch0|                                    ; 1 (1)       ; 0 (0)                     ; 0 (0)         ; 0           ; 0    ; 0            ; 0       ; 0         ; 0    ; 0            ; 1 (1)        ; 0 (0)             ; 0 (0)            ; |Lab3|registerFile:inst11|asyncEightBitRegister:\gen_registers:7:register_inst|d_latch:latch0 ; work         ;
;          |d_latch:latch1|                                    ; 1 (1)       ; 0 (0)                     ; 0 (0)         ; 0           ; 0    ; 0            ; 0       ; 0         ; 0    ; 0            ; 1 (1)        ; 0 (0)             ; 0 (0)            ; |Lab3|registerFile:inst11|asyncEightBitRegister:\gen_registers:7:register_inst|d_latch:latch1 ; work         ;
;          |d_latch:latch2|                                    ; 1 (1)       ; 0 (0)                     ; 0 (0)         ; 0           ; 0    ; 0            ; 0       ; 0         ; 0    ; 0            ; 1 (1)        ; 0 (0)             ; 0 (0)            ; |Lab3|registerFile:inst11|asyncEightBitRegister:\gen_registers:7:register_inst|d_latch:latch2 ; work         ;
;          |d_latch:latch3|                                    ; 1 (1)       ; 0 (0)                     ; 0 (0)         ; 0           ; 0    ; 0            ; 0       ; 0         ; 0    ; 0            ; 1 (1)        ; 0 (0)             ; 0 (0)            ; |Lab3|registerFile:inst11|asyncEightBitRegister:\gen_registers:7:register_inst|d_latch:latch3 ; work         ;
;          |d_latch:latch4|                                    ; 1 (1)       ; 0 (0)                     ; 0 (0)         ; 0           ; 0    ; 0            ; 0       ; 0         ; 0    ; 0            ; 1 (1)        ; 0 (0)             ; 0 (0)            ; |Lab3|registerFile:inst11|asyncEightBitRegister:\gen_registers:7:register_inst|d_latch:latch4 ; work         ;
;          |d_latch:latch5|                                    ; 1 (1)       ; 0 (0)                     ; 0 (0)         ; 0           ; 0    ; 0            ; 0       ; 0         ; 0    ; 0            ; 1 (1)        ; 0 (0)             ; 0 (0)            ; |Lab3|registerFile:inst11|asyncEightBitRegister:\gen_registers:7:register_inst|d_latch:latch5 ; work         ;
;          |d_latch:latch6|                                    ; 1 (1)       ; 0 (0)                     ; 0 (0)         ; 0           ; 0    ; 0            ; 0       ; 0         ; 0    ; 0            ; 1 (1)        ; 0 (0)             ; 0 (0)            ; |Lab3|registerFile:inst11|asyncEightBitRegister:\gen_registers:7:register_inst|d_latch:latch6 ; work         ;
;          |d_latch:latch7|                                    ; 1 (1)       ; 0 (0)                     ; 0 (0)         ; 0           ; 0    ; 0            ; 0       ; 0         ; 0    ; 0            ; 1 (1)        ; 0 (0)             ; 0 (0)            ; |Lab3|registerFile:inst11|asyncEightBitRegister:\gen_registers:7:register_inst|d_latch:latch7 ; work         ;
;       |decoder3to8:decoder|                                  ; 8 (8)       ; 0 (0)                     ; 0 (0)         ; 0           ; 0    ; 0            ; 0       ; 0         ; 0    ; 0            ; 7 (7)        ; 0 (0)             ; 1 (1)            ; |Lab3|registerFile:inst11|decoder3to8:decoder                                                 ; work         ;
;       |eightX8To8Mux:mux_read1|                              ; 40 (0)      ; 0 (0)                     ; 0 (0)         ; 0           ; 0    ; 0            ; 0       ; 0         ; 0    ; 0            ; 33 (0)       ; 0 (0)             ; 7 (0)            ; |Lab3|registerFile:inst11|eightX8To8Mux:mux_read1                                             ; work         ;
;          |eightTo1Mux:\gen_mux:0:block_mux:mux_inst|         ; 5 (5)       ; 0 (0)                     ; 0 (0)         ; 0           ; 0    ; 0            ; 0       ; 0         ; 0    ; 0            ; 4 (4)        ; 0 (0)             ; 1 (1)            ; |Lab3|registerFile:inst11|eightX8To8Mux:mux_read1|eightTo1Mux:\gen_mux:0:block_mux:mux_inst   ; work         ;
;          |eightTo1Mux:\gen_mux:1:block_mux:mux_inst|         ; 5 (5)       ; 0 (0)                     ; 0 (0)         ; 0           ; 0    ; 0            ; 0       ; 0         ; 0    ; 0            ; 4 (4)        ; 0 (0)             ; 1 (1)            ; |Lab3|registerFile:inst11|eightX8To8Mux:mux_read1|eightTo1Mux:\gen_mux:1:block_mux:mux_inst   ; work         ;
;          |eightTo1Mux:\gen_mux:2:block_mux:mux_inst|         ; 5 (5)       ; 0 (0)                     ; 0 (0)         ; 0           ; 0    ; 0            ; 0       ; 0         ; 0    ; 0            ; 5 (5)        ; 0 (0)             ; 0 (0)            ; |Lab3|registerFile:inst11|eightX8To8Mux:mux_read1|eightTo1Mux:\gen_mux:2:block_mux:mux_inst   ; work         ;
;          |eightTo1Mux:\gen_mux:3:block_mux:mux_inst|         ; 5 (5)       ; 0 (0)                     ; 0 (0)         ; 0           ; 0    ; 0            ; 0       ; 0         ; 0    ; 0            ; 4 (4)        ; 0 (0)             ; 1 (1)            ; |Lab3|registerFile:inst11|eightX8To8Mux:mux_read1|eightTo1Mux:\gen_mux:3:block_mux:mux_inst   ; work         ;
;          |eightTo1Mux:\gen_mux:4:block_mux:mux_inst|         ; 5 (5)       ; 0 (0)                     ; 0 (0)         ; 0           ; 0    ; 0            ; 0       ; 0         ; 0    ; 0            ; 4 (4)        ; 0 (0)             ; 1 (1)            ; |Lab3|registerFile:inst11|eightX8To8Mux:mux_read1|eightTo1Mux:\gen_mux:4:block_mux:mux_inst   ; work         ;
;          |eightTo1Mux:\gen_mux:5:block_mux:mux_inst|         ; 5 (5)       ; 0 (0)                     ; 0 (0)         ; 0           ; 0    ; 0            ; 0       ; 0         ; 0    ; 0            ; 4 (4)        ; 0 (0)             ; 1 (1)            ; |Lab3|registerFile:inst11|eightX8To8Mux:mux_read1|eightTo1Mux:\gen_mux:5:block_mux:mux_inst   ; work         ;
;          |eightTo1Mux:\gen_mux:6:block_mux:mux_inst|         ; 5 (5)       ; 0 (0)                     ; 0 (0)         ; 0           ; 0    ; 0            ; 0       ; 0         ; 0    ; 0            ; 4 (4)        ; 0 (0)             ; 1 (1)            ; |Lab3|registerFile:inst11|eightX8To8Mux:mux_read1|eightTo1Mux:\gen_mux:6:block_mux:mux_inst   ; work         ;
;          |eightTo1Mux:\gen_mux:7:block_mux:mux_inst|         ; 5 (5)       ; 0 (0)                     ; 0 (0)         ; 0           ; 0    ; 0            ; 0       ; 0         ; 0    ; 0            ; 4 (4)        ; 0 (0)             ; 1 (1)            ; |Lab3|registerFile:inst11|eightX8To8Mux:mux_read1|eightTo1Mux:\gen_mux:7:block_mux:mux_inst   ; work         ;
;       |eightX8To8Mux:mux_read2|                              ; 40 (0)      ; 0 (0)                     ; 0 (0)         ; 0           ; 0    ; 0            ; 0       ; 0         ; 0    ; 0            ; 35 (0)       ; 0 (0)             ; 5 (0)            ; |Lab3|registerFile:inst11|eightX8To8Mux:mux_read2                                             ; work         ;
;          |eightTo1Mux:\gen_mux:0:block_mux:mux_inst|         ; 5 (5)       ; 0 (0)                     ; 0 (0)         ; 0           ; 0    ; 0            ; 0       ; 0         ; 0    ; 0            ; 4 (4)        ; 0 (0)             ; 1 (1)            ; |Lab3|registerFile:inst11|eightX8To8Mux:mux_read2|eightTo1Mux:\gen_mux:0:block_mux:mux_inst   ; work         ;
;          |eightTo1Mux:\gen_mux:1:block_mux:mux_inst|         ; 5 (5)       ; 0 (0)                     ; 0 (0)         ; 0           ; 0    ; 0            ; 0       ; 0         ; 0    ; 0            ; 4 (4)        ; 0 (0)             ; 1 (1)            ; |Lab3|registerFile:inst11|eightX8To8Mux:mux_read2|eightTo1Mux:\gen_mux:1:block_mux:mux_inst   ; work         ;
;          |eightTo1Mux:\gen_mux:2:block_mux:mux_inst|         ; 5 (5)       ; 0 (0)                     ; 0 (0)         ; 0           ; 0    ; 0            ; 0       ; 0         ; 0    ; 0            ; 5 (5)        ; 0 (0)             ; 0 (0)            ; |Lab3|registerFile:inst11|eightX8To8Mux:mux_read2|eightTo1Mux:\gen_mux:2:block_mux:mux_inst   ; work         ;
;          |eightTo1Mux:\gen_mux:3:block_mux:mux_inst|         ; 5 (5)       ; 0 (0)                     ; 0 (0)         ; 0           ; 0    ; 0            ; 0       ; 0         ; 0    ; 0            ; 4 (4)        ; 0 (0)             ; 1 (1)            ; |Lab3|registerFile:inst11|eightX8To8Mux:mux_read2|eightTo1Mux:\gen_mux:3:block_mux:mux_inst   ; work         ;
;          |eightTo1Mux:\gen_mux:4:block_mux:mux_inst|         ; 5 (5)       ; 0 (0)                     ; 0 (0)         ; 0           ; 0    ; 0            ; 0       ; 0         ; 0    ; 0            ; 5 (5)        ; 0 (0)             ; 0 (0)            ; |Lab3|registerFile:inst11|eightX8To8Mux:mux_read2|eightTo1Mux:\gen_mux:4:block_mux:mux_inst   ; work         ;
;          |eightTo1Mux:\gen_mux:5:block_mux:mux_inst|         ; 5 (5)       ; 0 (0)                     ; 0 (0)         ; 0           ; 0    ; 0            ; 0       ; 0         ; 0    ; 0            ; 5 (5)        ; 0 (0)             ; 0 (0)            ; |Lab3|registerFile:inst11|eightX8To8Mux:mux_read2|eightTo1Mux:\gen_mux:5:block_mux:mux_inst   ; work         ;
;          |eightTo1Mux:\gen_mux:6:block_mux:mux_inst|         ; 5 (5)       ; 0 (0)                     ; 0 (0)         ; 0           ; 0    ; 0            ; 0       ; 0         ; 0    ; 0            ; 4 (4)        ; 0 (0)             ; 1 (1)            ; |Lab3|registerFile:inst11|eightX8To8Mux:mux_read2|eightTo1Mux:\gen_mux:6:block_mux:mux_inst   ; work         ;
;          |eightTo1Mux:\gen_mux:7:block_mux:mux_inst|         ; 5 (5)       ; 0 (0)                     ; 0 (0)         ; 0           ; 0    ; 0            ; 0       ; 0         ; 0    ; 0            ; 4 (4)        ; 0 (0)             ; 1 (1)            ; |Lab3|registerFile:inst11|eightX8To8Mux:mux_read2|eightTo1Mux:\gen_mux:7:block_mux:mux_inst   ; work         ;
;    |thirtyTwoBitALU:inst16|                                  ; 11 (0)      ; 0 (0)                     ; 0 (0)         ; 0           ; 0    ; 0            ; 0       ; 0         ; 0    ; 0            ; 9 (0)        ; 0 (0)             ; 2 (0)            ; |Lab3|thirtyTwoBitALU:inst16                                                                  ; work         ;
;       |thirtyTwoBitCLA:arithmetic_unit|                      ; 11 (11)     ; 0 (0)                     ; 0 (0)         ; 0           ; 0    ; 0            ; 0       ; 0         ; 0    ; 0            ; 9 (9)        ; 0 (0)             ; 2 (2)            ; |Lab3|thirtyTwoBitALU:inst16|thirtyTwoBitCLA:arithmetic_unit                                  ; work         ;
;    |thirtyTwoBitALU:inst19|                                  ; 36 (0)      ; 0 (0)                     ; 0 (0)         ; 0           ; 0    ; 0            ; 0       ; 0         ; 0    ; 0            ; 32 (0)       ; 0 (0)             ; 4 (0)            ; |Lab3|thirtyTwoBitALU:inst19                                                                  ; work         ;
;       |thirtyTwoBitCLA:arithmetic_unit|                      ; 17 (17)     ; 0 (0)                     ; 0 (0)         ; 0           ; 0    ; 0            ; 0       ; 0         ; 0    ; 0            ; 17 (17)      ; 0 (0)             ; 0 (0)            ; |Lab3|thirtyTwoBitALU:inst19|thirtyTwoBitCLA:arithmetic_unit                                  ; work         ;
;       |twoBy32To32Mux:logical_select_mux|                    ; 8 (0)       ; 0 (0)                     ; 0 (0)         ; 0           ; 0    ; 0            ; 0       ; 0         ; 0    ; 0            ; 8 (0)        ; 0 (0)             ; 0 (0)            ; |Lab3|thirtyTwoBitALU:inst19|twoBy32To32Mux:logical_select_mux                                ; work         ;
;          |mux2:\gen_mux:0:U|                                 ; 1 (1)       ; 0 (0)                     ; 0 (0)         ; 0           ; 0    ; 0            ; 0       ; 0         ; 0    ; 0            ; 1 (1)        ; 0 (0)             ; 0 (0)            ; |Lab3|thirtyTwoBitALU:inst19|twoBy32To32Mux:logical_select_mux|mux2:\gen_mux:0:U              ; work         ;
;          |mux2:\gen_mux:1:U|                                 ; 1 (1)       ; 0 (0)                     ; 0 (0)         ; 0           ; 0    ; 0            ; 0       ; 0         ; 0    ; 0            ; 1 (1)        ; 0 (0)             ; 0 (0)            ; |Lab3|thirtyTwoBitALU:inst19|twoBy32To32Mux:logical_select_mux|mux2:\gen_mux:1:U              ; work         ;
;          |mux2:\gen_mux:2:U|                                 ; 1 (1)       ; 0 (0)                     ; 0 (0)         ; 0           ; 0    ; 0            ; 0       ; 0         ; 0    ; 0            ; 1 (1)        ; 0 (0)             ; 0 (0)            ; |Lab3|thirtyTwoBitALU:inst19|twoBy32To32Mux:logical_select_mux|mux2:\gen_mux:2:U              ; work         ;
;          |mux2:\gen_mux:3:U|                                 ; 1 (1)       ; 0 (0)                     ; 0 (0)         ; 0           ; 0    ; 0            ; 0       ; 0         ; 0    ; 0            ; 1 (1)        ; 0 (0)             ; 0 (0)            ; |Lab3|thirtyTwoBitALU:inst19|twoBy32To32Mux:logical_select_mux|mux2:\gen_mux:3:U              ; work         ;
;          |mux2:\gen_mux:4:U|                                 ; 1 (1)       ; 0 (0)                     ; 0 (0)         ; 0           ; 0    ; 0            ; 0       ; 0         ; 0    ; 0            ; 1 (1)        ; 0 (0)             ; 0 (0)            ; |Lab3|thirtyTwoBitALU:inst19|twoBy32To32Mux:logical_select_mux|mux2:\gen_mux:4:U              ; work         ;
;          |mux2:\gen_mux:5:U|                                 ; 1 (1)       ; 0 (0)                     ; 0 (0)         ; 0           ; 0    ; 0            ; 0       ; 0         ; 0    ; 0            ; 1 (1)        ; 0 (0)             ; 0 (0)            ; |Lab3|thirtyTwoBitALU:inst19|twoBy32To32Mux:logical_select_mux|mux2:\gen_mux:5:U              ; work         ;
;          |mux2:\gen_mux:6:U|                                 ; 1 (1)       ; 0 (0)                     ; 0 (0)         ; 0           ; 0    ; 0            ; 0       ; 0         ; 0    ; 0            ; 1 (1)        ; 0 (0)             ; 0 (0)            ; |Lab3|thirtyTwoBitALU:inst19|twoBy32To32Mux:logical_select_mux|mux2:\gen_mux:6:U              ; work         ;
;          |mux2:\gen_mux:7:U|                                 ; 1 (1)       ; 0 (0)                     ; 0 (0)         ; 0           ; 0    ; 0            ; 0       ; 0         ; 0    ; 0            ; 1 (1)        ; 0 (0)             ; 0 (0)            ; |Lab3|thirtyTwoBitALU:inst19|twoBy32To32Mux:logical_select_mux|mux2:\gen_mux:7:U              ; work         ;
;       |twoBy32To32Mux:top_level_mux|                         ; 11 (0)      ; 0 (0)                     ; 0 (0)         ; 0           ; 0    ; 0            ; 0       ; 0         ; 0    ; 0            ; 7 (0)        ; 0 (0)             ; 4 (0)            ; |Lab3|thirtyTwoBitALU:inst19|twoBy32To32Mux:top_level_mux                                     ; work         ;
;          |mux2:\gen_mux:0:U|                                 ; 4 (4)       ; 0 (0)                     ; 0 (0)         ; 0           ; 0    ; 0            ; 0       ; 0         ; 0    ; 0            ; 3 (3)        ; 0 (0)             ; 1 (1)            ; |Lab3|thirtyTwoBitALU:inst19|twoBy32To32Mux:top_level_mux|mux2:\gen_mux:0:U                   ; work         ;
;          |mux2:\gen_mux:1:U|                                 ; 1 (1)       ; 0 (0)                     ; 0 (0)         ; 0           ; 0    ; 0            ; 0       ; 0         ; 0    ; 0            ; 1 (1)        ; 0 (0)             ; 0 (0)            ; |Lab3|thirtyTwoBitALU:inst19|twoBy32To32Mux:top_level_mux|mux2:\gen_mux:1:U                   ; work         ;
;          |mux2:\gen_mux:2:U|                                 ; 1 (1)       ; 0 (0)                     ; 0 (0)         ; 0           ; 0    ; 0            ; 0       ; 0         ; 0    ; 0            ; 1 (1)        ; 0 (0)             ; 0 (0)            ; |Lab3|thirtyTwoBitALU:inst19|twoBy32To32Mux:top_level_mux|mux2:\gen_mux:2:U                   ; work         ;
;          |mux2:\gen_mux:3:U|                                 ; 1 (1)       ; 0 (0)                     ; 0 (0)         ; 0           ; 0    ; 0            ; 0       ; 0         ; 0    ; 0            ; 1 (1)        ; 0 (0)             ; 0 (0)            ; |Lab3|thirtyTwoBitALU:inst19|twoBy32To32Mux:top_level_mux|mux2:\gen_mux:3:U                   ; work         ;
;          |mux2:\gen_mux:4:U|                                 ; 1 (1)       ; 0 (0)                     ; 0 (0)         ; 0           ; 0    ; 0            ; 0       ; 0         ; 0    ; 0            ; 1 (1)        ; 0 (0)             ; 0 (0)            ; |Lab3|thirtyTwoBitALU:inst19|twoBy32To32Mux:top_level_mux|mux2:\gen_mux:4:U                   ; work         ;
;          |mux2:\gen_mux:5:U|                                 ; 1 (1)       ; 0 (0)                     ; 0 (0)         ; 0           ; 0    ; 0            ; 0       ; 0         ; 0    ; 0            ; 0 (0)        ; 0 (0)             ; 1 (1)            ; |Lab3|thirtyTwoBitALU:inst19|twoBy32To32Mux:top_level_mux|mux2:\gen_mux:5:U                   ; work         ;
;          |mux2:\gen_mux:6:U|                                 ; 1 (1)       ; 0 (0)                     ; 0 (0)         ; 0           ; 0    ; 0            ; 0       ; 0         ; 0    ; 0            ; 0 (0)        ; 0 (0)             ; 1 (1)            ; |Lab3|thirtyTwoBitALU:inst19|twoBy32To32Mux:top_level_mux|mux2:\gen_mux:6:U                   ; work         ;
;          |mux2:\gen_mux:7:U|                                 ; 1 (1)       ; 0 (0)                     ; 0 (0)         ; 0           ; 0    ; 0            ; 0       ; 0         ; 0    ; 0            ; 0 (0)        ; 0 (0)             ; 1 (1)            ; |Lab3|thirtyTwoBitALU:inst19|twoBy32To32Mux:top_level_mux|mux2:\gen_mux:7:U                   ; work         ;
+--------------------------------------------------------------+-------------+---------------------------+---------------+-------------+------+--------------+---------+-----------+------+--------------+--------------+-------------------+------------------+-----------------------------------------------------------------------------------------------+--------------+
Note: For table entries with two numbers listed, the numbers in parentheses indicate the number of resources of the given type used by the specific entity alone. The numbers listed outside of parentheses indicate the total resources of the given type used by the specific entity and all of its sub-entities in the hierarchy.


+----------------------------------------------------------------------------------------------------------+
; Delay Chain Summary                                                                                      ;
+--------------------------+----------+---------------+---------------+-----------------------+-----+------+
; Name                     ; Pin Type ; Pad to Core 0 ; Pad to Core 1 ; Pad to Input Register ; TCO ; TCOE ;
+--------------------------+----------+---------------+---------------+-----------------------+-----+------+
; Address_to_w_r_MEM[7]    ; Output   ; --            ; --            ; --                    ; --  ; --   ;
; Address_to_w_r_MEM[6]    ; Output   ; --            ; --            ; --                    ; --  ; --   ;
; Address_to_w_r_MEM[5]    ; Output   ; --            ; --            ; --                    ; --  ; --   ;
; Address_to_w_r_MEM[4]    ; Output   ; --            ; --            ; --                    ; --  ; --   ;
; Address_to_w_r_MEM[3]    ; Output   ; --            ; --            ; --                    ; --  ; --   ;
; Address_to_w_r_MEM[2]    ; Output   ; --            ; --            ; --                    ; --  ; --   ;
; Address_to_w_r_MEM[1]    ; Output   ; --            ; --            ; --                    ; --  ; --   ;
; Address_to_w_r_MEM[0]    ; Output   ; --            ; --            ; --                    ; --  ; --   ;
; Instruction_MEM[31]      ; Output   ; --            ; --            ; --                    ; --  ; --   ;
; Instruction_MEM[30]      ; Output   ; --            ; --            ; --                    ; --  ; --   ;
; Instruction_MEM[29]      ; Output   ; --            ; --            ; --                    ; --  ; --   ;
; Instruction_MEM[28]      ; Output   ; --            ; --            ; --                    ; --  ; --   ;
; Instruction_MEM[27]      ; Output   ; --            ; --            ; --                    ; --  ; --   ;
; Instruction_MEM[26]      ; Output   ; --            ; --            ; --                    ; --  ; --   ;
; Instruction_MEM[25]      ; Output   ; --            ; --            ; --                    ; --  ; --   ;
; Instruction_MEM[24]      ; Output   ; --            ; --            ; --                    ; --  ; --   ;
; Instruction_MEM[23]      ; Output   ; --            ; --            ; --                    ; --  ; --   ;
; Instruction_MEM[22]      ; Output   ; --            ; --            ; --                    ; --  ; --   ;
; Instruction_MEM[21]      ; Output   ; --            ; --            ; --                    ; --  ; --   ;
; Instruction_MEM[20]      ; Output   ; --            ; --            ; --                    ; --  ; --   ;
; Instruction_MEM[19]      ; Output   ; --            ; --            ; --                    ; --  ; --   ;
; Instruction_MEM[18]      ; Output   ; --            ; --            ; --                    ; --  ; --   ;
; Instruction_MEM[17]      ; Output   ; --            ; --            ; --                    ; --  ; --   ;
; Instruction_MEM[16]      ; Output   ; --            ; --            ; --                    ; --  ; --   ;
; Instruction_MEM[15]      ; Output   ; --            ; --            ; --                    ; --  ; --   ;
; Instruction_MEM[14]      ; Output   ; --            ; --            ; --                    ; --  ; --   ;
; Instruction_MEM[13]      ; Output   ; --            ; --            ; --                    ; --  ; --   ;
; Instruction_MEM[12]      ; Output   ; --            ; --            ; --                    ; --  ; --   ;
; Instruction_MEM[11]      ; Output   ; --            ; --            ; --                    ; --  ; --   ;
; Instruction_MEM[10]      ; Output   ; --            ; --            ; --                    ; --  ; --   ;
; Instruction_MEM[9]       ; Output   ; --            ; --            ; --                    ; --  ; --   ;
; Instruction_MEM[8]       ; Output   ; --            ; --            ; --                    ; --  ; --   ;
; Instruction_MEM[7]       ; Output   ; --            ; --            ; --                    ; --  ; --   ;
; Instruction_MEM[6]       ; Output   ; --            ; --            ; --                    ; --  ; --   ;
; Instruction_MEM[5]       ; Output   ; --            ; --            ; --                    ; --  ; --   ;
; Instruction_MEM[4]       ; Output   ; --            ; --            ; --                    ; --  ; --   ;
; Instruction_MEM[3]       ; Output   ; --            ; --            ; --                    ; --  ; --   ;
; Instruction_MEM[2]       ; Output   ; --            ; --            ; --                    ; --  ; --   ;
; Instruction_MEM[1]       ; Output   ; --            ; --            ; --                    ; --  ; --   ;
; Instruction_MEM[0]       ; Output   ; --            ; --            ; --                    ; --  ; --   ;
; Instruction_IF[31]       ; Output   ; --            ; --            ; --                    ; --  ; --   ;
; Instruction_IF[30]       ; Output   ; --            ; --            ; --                    ; --  ; --   ;
; Instruction_IF[29]       ; Output   ; --            ; --            ; --                    ; --  ; --   ;
; Instruction_IF[28]       ; Output   ; --            ; --            ; --                    ; --  ; --   ;
; Instruction_IF[27]       ; Output   ; --            ; --            ; --                    ; --  ; --   ;
; Instruction_IF[26]       ; Output   ; --            ; --            ; --                    ; --  ; --   ;
; Instruction_IF[25]       ; Output   ; --            ; --            ; --                    ; --  ; --   ;
; Instruction_IF[24]       ; Output   ; --            ; --            ; --                    ; --  ; --   ;
; Instruction_IF[23]       ; Output   ; --            ; --            ; --                    ; --  ; --   ;
; Instruction_IF[22]       ; Output   ; --            ; --            ; --                    ; --  ; --   ;
; Instruction_IF[21]       ; Output   ; --            ; --            ; --                    ; --  ; --   ;
; Instruction_IF[20]       ; Output   ; --            ; --            ; --                    ; --  ; --   ;
; Instruction_IF[19]       ; Output   ; --            ; --            ; --                    ; --  ; --   ;
; Instruction_IF[18]       ; Output   ; --            ; --            ; --                    ; --  ; --   ;
; Instruction_IF[17]       ; Output   ; --            ; --            ; --                    ; --  ; --   ;
; Instruction_IF[16]       ; Output   ; --            ; --            ; --                    ; --  ; --   ;
; Instruction_IF[15]       ; Output   ; --            ; --            ; --                    ; --  ; --   ;
; Instruction_IF[14]       ; Output   ; --            ; --            ; --                    ; --  ; --   ;
; Instruction_IF[13]       ; Output   ; --            ; --            ; --                    ; --  ; --   ;
; Instruction_IF[12]       ; Output   ; --            ; --            ; --                    ; --  ; --   ;
; Instruction_IF[11]       ; Output   ; --            ; --            ; --                    ; --  ; --   ;
; Instruction_IF[10]       ; Output   ; --            ; --            ; --                    ; --  ; --   ;
; Instruction_IF[9]        ; Output   ; --            ; --            ; --                    ; --  ; --   ;
; Instruction_IF[8]        ; Output   ; --            ; --            ; --                    ; --  ; --   ;
; Instruction_IF[7]        ; Output   ; --            ; --            ; --                    ; --  ; --   ;
; Instruction_IF[6]        ; Output   ; --            ; --            ; --                    ; --  ; --   ;
; Instruction_IF[5]        ; Output   ; --            ; --            ; --                    ; --  ; --   ;
; Instruction_IF[4]        ; Output   ; --            ; --            ; --                    ; --  ; --   ;
; Instruction_IF[3]        ; Output   ; --            ; --            ; --                    ; --  ; --   ;
; Instruction_IF[2]        ; Output   ; --            ; --            ; --                    ; --  ; --   ;
; Instruction_IF[1]        ; Output   ; --            ; --            ; --                    ; --  ; --   ;
; Instruction_IF[0]        ; Output   ; --            ; --            ; --                    ; --  ; --   ;
; PCValue[7]               ; Output   ; --            ; --            ; --                    ; --  ; --   ;
; PCValue[6]               ; Output   ; --            ; --            ; --                    ; --  ; --   ;
; PCValue[5]               ; Output   ; --            ; --            ; --                    ; --  ; --   ;
; PCValue[4]               ; Output   ; --            ; --            ; --                    ; --  ; --   ;
; PCValue[3]               ; Output   ; --            ; --            ; --                    ; --  ; --   ;
; PCValue[2]               ; Output   ; --            ; --            ; --                    ; --  ; --   ;
; PCValue[1]               ; Output   ; --            ; --            ; --                    ; --  ; --   ;
; PCValue[0]               ; Output   ; --            ; --            ; --                    ; --  ; --   ;
; Instruction_EX[31]       ; Output   ; --            ; --            ; --                    ; --  ; --   ;
; Instruction_EX[30]       ; Output   ; --            ; --            ; --                    ; --  ; --   ;
; Instruction_EX[29]       ; Output   ; --            ; --            ; --                    ; --  ; --   ;
; Instruction_EX[28]       ; Output   ; --            ; --            ; --                    ; --  ; --   ;
; Instruction_EX[27]       ; Output   ; --            ; --            ; --                    ; --  ; --   ;
; Instruction_EX[26]       ; Output   ; --            ; --            ; --                    ; --  ; --   ;
; Instruction_EX[25]       ; Output   ; --            ; --            ; --                    ; --  ; --   ;
; Instruction_EX[24]       ; Output   ; --            ; --            ; --                    ; --  ; --   ;
; Instruction_EX[23]       ; Output   ; --            ; --            ; --                    ; --  ; --   ;
; Instruction_EX[22]       ; Output   ; --            ; --            ; --                    ; --  ; --   ;
; Instruction_EX[21]       ; Output   ; --            ; --            ; --                    ; --  ; --   ;
; Instruction_EX[20]       ; Output   ; --            ; --            ; --                    ; --  ; --   ;
; Instruction_EX[19]       ; Output   ; --            ; --            ; --                    ; --  ; --   ;
; Instruction_EX[18]       ; Output   ; --            ; --            ; --                    ; --  ; --   ;
; Instruction_EX[17]       ; Output   ; --            ; --            ; --                    ; --  ; --   ;
; Instruction_EX[16]       ; Output   ; --            ; --            ; --                    ; --  ; --   ;
; Instruction_EX[15]       ; Output   ; --            ; --            ; --                    ; --  ; --   ;
; Instruction_EX[14]       ; Output   ; --            ; --            ; --                    ; --  ; --   ;
; Instruction_EX[13]       ; Output   ; --            ; --            ; --                    ; --  ; --   ;
; Instruction_EX[12]       ; Output   ; --            ; --            ; --                    ; --  ; --   ;
; Instruction_EX[11]       ; Output   ; --            ; --            ; --                    ; --  ; --   ;
; Instruction_EX[10]       ; Output   ; --            ; --            ; --                    ; --  ; --   ;
; Instruction_EX[9]        ; Output   ; --            ; --            ; --                    ; --  ; --   ;
; Instruction_EX[8]        ; Output   ; --            ; --            ; --                    ; --  ; --   ;
; Instruction_EX[7]        ; Output   ; --            ; --            ; --                    ; --  ; --   ;
; Instruction_EX[6]        ; Output   ; --            ; --            ; --                    ; --  ; --   ;
; Instruction_EX[5]        ; Output   ; --            ; --            ; --                    ; --  ; --   ;
; Instruction_EX[4]        ; Output   ; --            ; --            ; --                    ; --  ; --   ;
; Instruction_EX[3]        ; Output   ; --            ; --            ; --                    ; --  ; --   ;
; Instruction_EX[2]        ; Output   ; --            ; --            ; --                    ; --  ; --   ;
; Instruction_EX[1]        ; Output   ; --            ; --            ; --                    ; --  ; --   ;
; Instruction_EX[0]        ; Output   ; --            ; --            ; --                    ; --  ; --   ;
; ALU_Control[2]           ; Output   ; --            ; --            ; --                    ; --  ; --   ;
; ALU_Control[1]           ; Output   ; --            ; --            ; --                    ; --  ; --   ;
; ALU_Control[0]           ; Output   ; --            ; --            ; --                    ; --  ; --   ;
; ALUop1[7]                ; Output   ; --            ; --            ; --                    ; --  ; --   ;
; ALUop1[6]                ; Output   ; --            ; --            ; --                    ; --  ; --   ;
; ALUop1[5]                ; Output   ; --            ; --            ; --                    ; --  ; --   ;
; ALUop1[4]                ; Output   ; --            ; --            ; --                    ; --  ; --   ;
; ALUop1[3]                ; Output   ; --            ; --            ; --                    ; --  ; --   ;
; ALUop1[2]                ; Output   ; --            ; --            ; --                    ; --  ; --   ;
; ALUop1[1]                ; Output   ; --            ; --            ; --                    ; --  ; --   ;
; ALUop1[0]                ; Output   ; --            ; --            ; --                    ; --  ; --   ;
; ALUop2[7]                ; Output   ; --            ; --            ; --                    ; --  ; --   ;
; ALUop2[6]                ; Output   ; --            ; --            ; --                    ; --  ; --   ;
; ALUop2[5]                ; Output   ; --            ; --            ; --                    ; --  ; --   ;
; ALUop2[4]                ; Output   ; --            ; --            ; --                    ; --  ; --   ;
; ALUop2[3]                ; Output   ; --            ; --            ; --                    ; --  ; --   ;
; ALUop2[2]                ; Output   ; --            ; --            ; --                    ; --  ; --   ;
; ALUop2[1]                ; Output   ; --            ; --            ; --                    ; --  ; --   ;
; ALUop2[0]                ; Output   ; --            ; --            ; --                    ; --  ; --   ;
; ALUResultEX[7]           ; Output   ; --            ; --            ; --                    ; --  ; --   ;
; ALUResultEX[6]           ; Output   ; --            ; --            ; --                    ; --  ; --   ;
; ALUResultEX[5]           ; Output   ; --            ; --            ; --                    ; --  ; --   ;
; ALUResultEX[4]           ; Output   ; --            ; --            ; --                    ; --  ; --   ;
; ALUResultEX[3]           ; Output   ; --            ; --            ; --                    ; --  ; --   ;
; ALUResultEX[2]           ; Output   ; --            ; --            ; --                    ; --  ; --   ;
; ALUResultEX[1]           ; Output   ; --            ; --            ; --                    ; --  ; --   ;
; ALUResultEX[0]           ; Output   ; --            ; --            ; --                    ; --  ; --   ;
; Data_from_address_MEM[7] ; Output   ; --            ; --            ; --                    ; --  ; --   ;
; Data_from_address_MEM[6] ; Output   ; --            ; --            ; --                    ; --  ; --   ;
; Data_from_address_MEM[5] ; Output   ; --            ; --            ; --                    ; --  ; --   ;
; Data_from_address_MEM[4] ; Output   ; --            ; --            ; --                    ; --  ; --   ;
; Data_from_address_MEM[3] ; Output   ; --            ; --            ; --                    ; --  ; --   ;
; Data_from_address_MEM[2] ; Output   ; --            ; --            ; --                    ; --  ; --   ;
; Data_from_address_MEM[1] ; Output   ; --            ; --            ; --                    ; --  ; --   ;
; Data_from_address_MEM[0] ; Output   ; --            ; --            ; --                    ; --  ; --   ;
; Data_goingtobe[7]        ; Output   ; --            ; --            ; --                    ; --  ; --   ;
; Data_goingtobe[6]        ; Output   ; --            ; --            ; --                    ; --  ; --   ;
; Data_goingtobe[5]        ; Output   ; --            ; --            ; --                    ; --  ; --   ;
; Data_goingtobe[4]        ; Output   ; --            ; --            ; --                    ; --  ; --   ;
; Data_goingtobe[3]        ; Output   ; --            ; --            ; --                    ; --  ; --   ;
; Data_goingtobe[2]        ; Output   ; --            ; --            ; --                    ; --  ; --   ;
; Data_goingtobe[1]        ; Output   ; --            ; --            ; --                    ; --  ; --   ;
; Data_goingtobe[0]        ; Output   ; --            ; --            ; --                    ; --  ; --   ;
; DataRS[7]                ; Output   ; --            ; --            ; --                    ; --  ; --   ;
; DataRS[6]                ; Output   ; --            ; --            ; --                    ; --  ; --   ;
; DataRS[5]                ; Output   ; --            ; --            ; --                    ; --  ; --   ;
; DataRS[4]                ; Output   ; --            ; --            ; --                    ; --  ; --   ;
; DataRS[3]                ; Output   ; --            ; --            ; --                    ; --  ; --   ;
; DataRS[2]                ; Output   ; --            ; --            ; --                    ; --  ; --   ;
; DataRS[1]                ; Output   ; --            ; --            ; --                    ; --  ; --   ;
; DataRS[0]                ; Output   ; --            ; --            ; --                    ; --  ; --   ;
; DataRT[7]                ; Output   ; --            ; --            ; --                    ; --  ; --   ;
; DataRT[6]                ; Output   ; --            ; --            ; --                    ; --  ; --   ;
; DataRT[5]                ; Output   ; --            ; --            ; --                    ; --  ; --   ;
; DataRT[4]                ; Output   ; --            ; --            ; --                    ; --  ; --   ;
; DataRT[3]                ; Output   ; --            ; --            ; --                    ; --  ; --   ;
; DataRT[2]                ; Output   ; --            ; --            ; --                    ; --  ; --   ;
; DataRT[1]                ; Output   ; --            ; --            ; --                    ; --  ; --   ;
; DataRT[0]                ; Output   ; --            ; --            ; --                    ; --  ; --   ;
; Instruction_ID[31]       ; Output   ; --            ; --            ; --                    ; --  ; --   ;
; Instruction_ID[30]       ; Output   ; --            ; --            ; --                    ; --  ; --   ;
; Instruction_ID[29]       ; Output   ; --            ; --            ; --                    ; --  ; --   ;
; Instruction_ID[28]       ; Output   ; --            ; --            ; --                    ; --  ; --   ;
; Instruction_ID[27]       ; Output   ; --            ; --            ; --                    ; --  ; --   ;
; Instruction_ID[26]       ; Output   ; --            ; --            ; --                    ; --  ; --   ;
; Instruction_ID[25]       ; Output   ; --            ; --            ; --                    ; --  ; --   ;
; Instruction_ID[24]       ; Output   ; --            ; --            ; --                    ; --  ; --   ;
; Instruction_ID[23]       ; Output   ; --            ; --            ; --                    ; --  ; --   ;
; Instruction_ID[22]       ; Output   ; --            ; --            ; --                    ; --  ; --   ;
; Instruction_ID[21]       ; Output   ; --            ; --            ; --                    ; --  ; --   ;
; Instruction_ID[20]       ; Output   ; --            ; --            ; --                    ; --  ; --   ;
; Instruction_ID[19]       ; Output   ; --            ; --            ; --                    ; --  ; --   ;
; Instruction_ID[18]       ; Output   ; --            ; --            ; --                    ; --  ; --   ;
; Instruction_ID[17]       ; Output   ; --            ; --            ; --                    ; --  ; --   ;
; Instruction_ID[16]       ; Output   ; --            ; --            ; --                    ; --  ; --   ;
; Instruction_ID[15]       ; Output   ; --            ; --            ; --                    ; --  ; --   ;
; Instruction_ID[14]       ; Output   ; --            ; --            ; --                    ; --  ; --   ;
; Instruction_ID[13]       ; Output   ; --            ; --            ; --                    ; --  ; --   ;
; Instruction_ID[12]       ; Output   ; --            ; --            ; --                    ; --  ; --   ;
; Instruction_ID[11]       ; Output   ; --            ; --            ; --                    ; --  ; --   ;
; Instruction_ID[10]       ; Output   ; --            ; --            ; --                    ; --  ; --   ;
; Instruction_ID[9]        ; Output   ; --            ; --            ; --                    ; --  ; --   ;
; Instruction_ID[8]        ; Output   ; --            ; --            ; --                    ; --  ; --   ;
; Instruction_ID[7]        ; Output   ; --            ; --            ; --                    ; --  ; --   ;
; Instruction_ID[6]        ; Output   ; --            ; --            ; --                    ; --  ; --   ;
; Instruction_ID[5]        ; Output   ; --            ; --            ; --                    ; --  ; --   ;
; Instruction_ID[4]        ; Output   ; --            ; --            ; --                    ; --  ; --   ;
; Instruction_ID[3]        ; Output   ; --            ; --            ; --                    ; --  ; --   ;
; Instruction_ID[2]        ; Output   ; --            ; --            ; --                    ; --  ; --   ;
; Instruction_ID[1]        ; Output   ; --            ; --            ; --                    ; --  ; --   ;
; Instruction_ID[0]        ; Output   ; --            ; --            ; --                    ; --  ; --   ;
; Instruction_WB[31]       ; Output   ; --            ; --            ; --                    ; --  ; --   ;
; Instruction_WB[30]       ; Output   ; --            ; --            ; --                    ; --  ; --   ;
; Instruction_WB[29]       ; Output   ; --            ; --            ; --                    ; --  ; --   ;
; Instruction_WB[28]       ; Output   ; --            ; --            ; --                    ; --  ; --   ;
; Instruction_WB[27]       ; Output   ; --            ; --            ; --                    ; --  ; --   ;
; Instruction_WB[26]       ; Output   ; --            ; --            ; --                    ; --  ; --   ;
; Instruction_WB[25]       ; Output   ; --            ; --            ; --                    ; --  ; --   ;
; Instruction_WB[24]       ; Output   ; --            ; --            ; --                    ; --  ; --   ;
; Instruction_WB[23]       ; Output   ; --            ; --            ; --                    ; --  ; --   ;
; Instruction_WB[22]       ; Output   ; --            ; --            ; --                    ; --  ; --   ;
; Instruction_WB[21]       ; Output   ; --            ; --            ; --                    ; --  ; --   ;
; Instruction_WB[20]       ; Output   ; --            ; --            ; --                    ; --  ; --   ;
; Instruction_WB[19]       ; Output   ; --            ; --            ; --                    ; --  ; --   ;
; Instruction_WB[18]       ; Output   ; --            ; --            ; --                    ; --  ; --   ;
; Instruction_WB[17]       ; Output   ; --            ; --            ; --                    ; --  ; --   ;
; Instruction_WB[16]       ; Output   ; --            ; --            ; --                    ; --  ; --   ;
; Instruction_WB[15]       ; Output   ; --            ; --            ; --                    ; --  ; --   ;
; Instruction_WB[14]       ; Output   ; --            ; --            ; --                    ; --  ; --   ;
; Instruction_WB[13]       ; Output   ; --            ; --            ; --                    ; --  ; --   ;
; Instruction_WB[12]       ; Output   ; --            ; --            ; --                    ; --  ; --   ;
; Instruction_WB[11]       ; Output   ; --            ; --            ; --                    ; --  ; --   ;
; Instruction_WB[10]       ; Output   ; --            ; --            ; --                    ; --  ; --   ;
; Instruction_WB[9]        ; Output   ; --            ; --            ; --                    ; --  ; --   ;
; Instruction_WB[8]        ; Output   ; --            ; --            ; --                    ; --  ; --   ;
; Instruction_WB[7]        ; Output   ; --            ; --            ; --                    ; --  ; --   ;
; Instruction_WB[6]        ; Output   ; --            ; --            ; --                    ; --  ; --   ;
; Instruction_WB[5]        ; Output   ; --            ; --            ; --                    ; --  ; --   ;
; Instruction_WB[4]        ; Output   ; --            ; --            ; --                    ; --  ; --   ;
; Instruction_WB[3]        ; Output   ; --            ; --            ; --                    ; --  ; --   ;
; Instruction_WB[2]        ; Output   ; --            ; --            ; --                    ; --  ; --   ;
; Instruction_WB[1]        ; Output   ; --            ; --            ; --                    ; --  ; --   ;
; Instruction_WB[0]        ; Output   ; --            ; --            ; --                    ; --  ; --   ;
; rsIF[4]                  ; Output   ; --            ; --            ; --                    ; --  ; --   ;
; rsIF[3]                  ; Output   ; --            ; --            ; --                    ; --  ; --   ;
; rsIF[2]                  ; Output   ; --            ; --            ; --                    ; --  ; --   ;
; rsIF[1]                  ; Output   ; --            ; --            ; --                    ; --  ; --   ;
; rsIF[0]                  ; Output   ; --            ; --            ; --                    ; --  ; --   ;
; rtIF[4]                  ; Output   ; --            ; --            ; --                    ; --  ; --   ;
; rtIF[3]                  ; Output   ; --            ; --            ; --                    ; --  ; --   ;
; rtIF[2]                  ; Output   ; --            ; --            ; --                    ; --  ; --   ;
; rtIF[1]                  ; Output   ; --            ; --            ; --                    ; --  ; --   ;
; rtIF[0]                  ; Output   ; --            ; --            ; --                    ; --  ; --   ;
; GClock                   ; Input    ; (0) 0 ps      ; --            ; --                    ; --  ; --   ;
; RAM_Clock                ; Input    ; (0) 0 ps      ; --            ; --                    ; --  ; --   ;
; GReset                   ; Input    ; (0) 0 ps      ; --            ; --                    ; --  ; --   ;
+--------------------------+----------+---------------+---------------+-----------------------+-----+------+


+---------------------------------------------------+
; Pad To Core Delay Chain Fanout                    ;
+---------------------+-------------------+---------+
; Source Pin / Fanout ; Pad To Core Index ; Setting ;
+---------------------+-------------------+---------+
; GClock              ;                   ;         ;
; RAM_Clock           ;                   ;         ;
; GReset              ;                   ;         ;
+---------------------+-------------------+---------+


+------------------------------------------------------------------------------------------------------------------------------------------------------------+
; Control Signals                                                                                                                                            ;
+-------------------------------+--------------------+---------+--------------+--------+----------------------+------------------+---------------------------+
; Name                          ; Location           ; Fan-Out ; Usage        ; Global ; Global Resource Used ; Global Line Name ; Enable Signal Source Name ;
+-------------------------------+--------------------+---------+--------------+--------+----------------------+------------------+---------------------------+
; EXMEM:inst30|o_MemWrite       ; FF_X79_Y24_N5      ; 1       ; Write enable ; no     ; --                   ; --               ; --                        ;
; GClock                        ; PIN_J1             ; 4       ; Clock        ; no     ; --                   ; --               ; --                        ;
; GClock                        ; PIN_J1             ; 208     ; Clock        ; yes    ; Global Clock         ; GCLK2            ; --                        ;
; GReset                        ; PIN_AH14           ; 7       ; Async. clear ; yes    ; Global Clock         ; GCLK19           ; --                        ;
; RAM_Clock                     ; PIN_Y2             ; 2       ; Clock        ; yes    ; Global Clock         ; GCLK4            ; --                        ;
; control_unit:inst15|Equal5~4  ; LCCOMB_X76_Y26_N26 ; 7       ; Sync. load   ; no     ; --                   ; --               ; --                        ;
; hazard_unit:inst34|Selector~6 ; LCCOMB_X79_Y25_N0  ; 55      ; Clock enable ; no     ; --                   ; --               ; --                        ;
+-------------------------------+--------------------+---------+--------------+--------+----------------------+------------------+---------------------------+


+----------------------------------------------------------------------------------------------------------------------------------------------------------------------------------------------+
; Global & Other Fast Signals                                                                                                                                                                  ;
+--------------------------------------------------+--------------------+---------+--------------------------------------+----------------------+------------------+---------------------------+
; Name                                             ; Location           ; Fan-Out ; Fan-Out Using Intentional Clock Skew ; Global Resource Used ; Global Line Name ; Enable Signal Source Name ;
+--------------------------------------------------+--------------------+---------+--------------------------------------+----------------------+------------------+---------------------------+
; GClock                                           ; PIN_J1             ; 208     ; 45                                   ; Global Clock         ; GCLK2            ; --                        ;
; GReset                                           ; PIN_AH14           ; 7       ; 0                                    ; Global Clock         ; GCLK19           ; --                        ;
; RAM_Clock                                        ; PIN_Y2             ; 2       ; 0                                    ; Global Clock         ; GCLK4            ; --                        ;
; registerFile:inst11|decoder3to8:decoder|Equal0~0 ; LCCOMB_X77_Y25_N20 ; 8       ; 0                                    ; Global Clock         ; GCLK7            ; --                        ;
; registerFile:inst11|decoder3to8:decoder|Equal0~1 ; LCCOMB_X77_Y25_N12 ; 8       ; 0                                    ; Global Clock         ; GCLK15           ; --                        ;
; registerFile:inst11|decoder3to8:decoder|Equal0~2 ; LCCOMB_X77_Y25_N18 ; 8       ; 0                                    ; Global Clock         ; GCLK18           ; --                        ;
; registerFile:inst11|decoder3to8:decoder|Equal0~3 ; LCCOMB_X77_Y25_N8  ; 8       ; 0                                    ; Global Clock         ; GCLK5            ; --                        ;
; registerFile:inst11|decoder3to8:decoder|Equal0~4 ; LCCOMB_X77_Y25_N16 ; 8       ; 0                                    ; Global Clock         ; GCLK8            ; --                        ;
; registerFile:inst11|decoder3to8:decoder|Equal0~5 ; LCCOMB_X77_Y25_N4  ; 8       ; 0                                    ; Global Clock         ; GCLK17           ; --                        ;
; registerFile:inst11|decoder3to8:decoder|Equal0~6 ; LCCOMB_X77_Y25_N6  ; 8       ; 0                                    ; Global Clock         ; GCLK9            ; --                        ;
; registerFile:inst11|decoder3to8:decoder|Equal0~7 ; LCCOMB_X77_Y25_N26 ; 8       ; 0                                    ; Global Clock         ; GCLK16           ; --                        ;
+--------------------------------------------------+--------------------+---------+--------------------------------------+----------------------+------------------+---------------------------+


+----------------------------------------------------------------------------------------------------------------+
; Non-Global High Fan-Out Signals                                                                                ;
+------------------------------------------------------------------------------------------------------+---------+
; Name                                                                                                 ; Fan-Out ;
+------------------------------------------------------------------------------------------------------+---------+
; GReset~input                                                                                         ; 64      ;
; hazard_unit:inst34|Selector~6                                                                        ; 55      ;
; inst33~5                                                                                             ; 46      ;
; IFID:inst1|reg32:insreg|q[17]                                                                        ; 28      ;
; IFID:inst1|reg32:insreg|q[16]                                                                        ; 28      ;
; IFID:inst1|reg32:insreg|q[21]                                                                        ; 28      ;
; IFID:inst1|reg32:insreg|q[22]                                                                        ; 26      ;
; IDEX:inst26|o_ALUOp[1]                                                                               ; 17      ;
; IFID:inst1|reg32:insreg|q[23]                                                                        ; 16      ;
; ALUControl:inst23|inst4                                                                              ; 16      ;
; IFID:inst1|reg32:insreg|q[18]                                                                        ; 14      ;
; mux4to1_8bit:inst13|Equal1~3                                                                         ; 14      ;
; forwarding_unit:inst4|MUX1[1]~3                                                                      ; 13      ;
; mux2to1_8bit:inst25|o_data[1]~6                                                                      ; 12      ;
; mux2to1_8bit:inst24|o_data[0]~4                                                                      ; 11      ;
; mux2to1_8bit:inst25|o_data[0]~7                                                                      ; 11      ;
; mux2to1_8bit:inst25|o_data[2]~5                                                                      ; 11      ;
; mux2to1_8bit:inst25|o_data[3]~4                                                                      ; 11      ;
; mux2to1_8bit:inst25|o_data[4]~3                                                                      ; 11      ;
; mux2to1_8bit:inst25|o_data[5]~2                                                                      ; 11      ;
; mux2to1_8bit:inst25|o_data[6]~1                                                                      ; 11      ;
; mux2to1_8bit:inst25|o_data[7]~0                                                                      ; 11      ;
; mux2to1_8bit:inst24|o_data[0]~5                                                                      ; 10      ;
; MEMWB:inst32|o_RegWrite                                                                              ; 10      ;
; MEMWB:inst32|o_destreg[2]                                                                            ; 10      ;
; MEMWB:inst32|o_destreg[1]                                                                            ; 10      ;
; MEMWB:inst32|o_destreg[0]                                                                            ; 10      ;
; ALUControl:inst23|inst2~0                                                                            ; 10      ;
; ALUControl:inst23|inst5                                                                              ; 10      ;
; eightBitRegisterInc:inst36|enARdFF_2:\GEN_BITS:2:BIT_FF|int_q                                        ; 10      ;
; ALUControl:inst23|inst                                                                               ; 8       ;
; MEMWB:inst32|o_MemtoReg                                                                              ; 8       ;
; eightBitRegisterInc:inst36|enARdFF_2:\GEN_BITS:3:BIT_FF|int_q                                        ; 8       ;
; control_unit:inst15|Equal5~4                                                                         ; 7       ;
; IFID:inst1|reg32:insreg|q[27]                                                                        ; 7       ;
; IFID:inst1|reg32:insreg|q[28]                                                                        ; 7       ;
; IFID:inst1|reg32:insreg|q[29]                                                                        ; 7       ;
; IDEX:inst26|o_instruction[16]                                                                        ; 7       ;
; IDEX:inst26|o_instruction[17]                                                                        ; 7       ;
; IDEX:inst26|o_instruction[18]                                                                        ; 7       ;
; IDEX:inst26|o_instruction[19]                                                                        ; 7       ;
; IDEX:inst26|o_instruction[20]                                                                        ; 7       ;
; IFID:inst1|reg32:insreg|q[0]                                                                         ; 6       ;
; IFID:inst1|reg32:insreg|q[2]                                                                         ; 6       ;
; IFID:inst1|reg32:insreg|q[26]                                                                        ; 6       ;
; eightBitRegisterInc:inst36|enARdFF_2:\GEN_BITS:0:BIT_FF|int_q                                        ; 6       ;
; EXMEM:inst30|o_aluresult[1]                                                                          ; 6       ;
; eightBitRegisterInc:inst36|enARdFF_2:\GEN_BITS:4:BIT_FF|int_q                                        ; 6       ;
; eightBitRegisterInc:inst36|enARdFF_2:\GEN_BITS:6:BIT_FF|int_q                                        ; 6       ;
; control_unit:inst15|Equal2~2                                                                         ; 5       ;
; IFID:inst1|reg32:insreg|q[1]                                                                         ; 5       ;
; IFID:inst1|reg32:insreg|q[3]                                                                         ; 5       ;
; IFID:inst1|reg32:insreg|q[4]                                                                         ; 5       ;
; IFID:inst1|reg32:insreg|q[30]                                                                        ; 5       ;
; IFID:inst1|reg32:insreg|q[31]                                                                        ; 5       ;
; mux2to1_8bit:inst24|o_data[0]~23                                                                     ; 5       ;
; IDEX:inst26|o_ALUSrc                                                                                 ; 5       ;
; forwarding_unit:inst4|MUX2[1]~3                                                                      ; 5       ;
; mux4to1_8bit:inst13|o_data[0]~15                                                                     ; 5       ;
; IDEX:inst26|o_instruction[0]                                                                         ; 5       ;
; IDEX:inst26|o_instruction[2]                                                                         ; 5       ;
; IDEX:inst26|o_instruction[3]                                                                         ; 5       ;
; EXMEM:inst30|o_aluresult[0]                                                                          ; 5       ;
; EXMEM:inst30|o_aluresult[2]                                                                          ; 5       ;
; EXMEM:inst30|o_aluresult[3]                                                                          ; 5       ;
; EXMEM:inst30|o_aluresult[4]                                                                          ; 5       ;
; EXMEM:inst30|o_aluresult[5]                                                                          ; 5       ;
; EXMEM:inst30|o_aluresult[6]                                                                          ; 5       ;
; EXMEM:inst30|o_aluresult[7]                                                                          ; 5       ;
; eightBitALU:inst17|eightBitCLA:arithmetic_unit|cn~0                                                  ; 4       ;
; IFID:inst1|reg32:insreg|q[5]                                                                         ; 4       ;
; IFID:inst1|reg32:insreg|q[19]                                                                        ; 4       ;
; IFID:inst1|reg32:insreg|q[20]                                                                        ; 4       ;
; IFID:inst1|reg32:insreg|q[24]                                                                        ; 4       ;
; IFID:inst1|reg32:insreg|q[25]                                                                        ; 4       ;
; mux2to1_8bit:inst24|o_data[2]~17                                                                     ; 4       ;
; mux2to1_8bit:inst24|o_data[3]~15                                                                     ; 4       ;
; mux2to1_8bit:inst24|o_data[4]~13                                                                     ; 4       ;
; mux2to1_8bit:inst24|o_data[5]~11                                                                     ; 4       ;
; mux2to1_8bit:inst24|o_data[6]~9                                                                      ; 4       ;
; mux2to1_8bit:inst24|o_data[7]~7                                                                      ; 4       ;
; mux2to1_8bit:inst24|o_data[0]~3                                                                      ; 4       ;
; mux4to1_8bit:inst13|o_data[1]~13                                                                     ; 4       ;
; mux4to1_8bit:inst13|o_data[2]~11                                                                     ; 4       ;
; mux4to1_8bit:inst13|o_data[3]~9                                                                      ; 4       ;
; mux4to1_8bit:inst13|o_data[4]~7                                                                      ; 4       ;
; mux4to1_8bit:inst13|o_data[5]~5                                                                      ; 4       ;
; mux4to1_8bit:inst13|o_data[6]~3                                                                      ; 4       ;
; mux4to1_8bit:inst13|o_data[7]~1                                                                      ; 4       ;
; IDEX:inst26|o_instruction[1]                                                                         ; 4       ;
; IDEX:inst26|o_instruction[21]                                                                        ; 4       ;
; IDEX:inst26|o_instruction[22]                                                                        ; 4       ;
; IDEX:inst26|o_instruction[23]                                                                        ; 4       ;
; IDEX:inst26|o_instruction[24]                                                                        ; 4       ;
; IDEX:inst26|o_instruction[25]                                                                        ; 4       ;
; eightBitRegisterInc:inst36|enARdFF_2:\GEN_BITS:5:BIT_FF|int_q                                        ; 4       ;
; eightBitRegisterInc:inst36|enARdFF_2:\GEN_BITS:7:BIT_FF|int_q                                        ; 4       ;
; GClock~input                                                                                         ; 3       ;
; mux4to1_8bit:inst13|Equal2~4                                                                         ; 3       ;
; registerFile:inst11|asyncEightBitRegister:\gen_registers:3:register_inst|d_latch:latch0|q_internal~0 ; 3       ;
; registerFile:inst11|asyncEightBitRegister:\gen_registers:0:register_inst|d_latch:latch0|q_internal~0 ; 3       ;
; registerFile:inst11|asyncEightBitRegister:\gen_registers:2:register_inst|d_latch:latch0|q_internal~0 ; 3       ;
; registerFile:inst11|asyncEightBitRegister:\gen_registers:1:register_inst|d_latch:latch0|q_internal~0 ; 3       ;
; registerFile:inst11|asyncEightBitRegister:\gen_registers:7:register_inst|d_latch:latch0|q_internal~0 ; 3       ;
; registerFile:inst11|asyncEightBitRegister:\gen_registers:4:register_inst|d_latch:latch0|q_internal~0 ; 3       ;
; registerFile:inst11|asyncEightBitRegister:\gen_registers:5:register_inst|d_latch:latch0|q_internal~0 ; 3       ;
; registerFile:inst11|asyncEightBitRegister:\gen_registers:6:register_inst|d_latch:latch0|q_internal~0 ; 3       ;
; registerFile:inst11|asyncEightBitRegister:\gen_registers:3:register_inst|d_latch:latch1|q_internal~0 ; 3       ;
; registerFile:inst11|asyncEightBitRegister:\gen_registers:0:register_inst|d_latch:latch1|q_internal~0 ; 3       ;
; registerFile:inst11|asyncEightBitRegister:\gen_registers:2:register_inst|d_latch:latch1|q_internal~0 ; 3       ;
; registerFile:inst11|asyncEightBitRegister:\gen_registers:1:register_inst|d_latch:latch1|q_internal~0 ; 3       ;
; registerFile:inst11|asyncEightBitRegister:\gen_registers:7:register_inst|d_latch:latch1|q_internal~0 ; 3       ;
; registerFile:inst11|asyncEightBitRegister:\gen_registers:4:register_inst|d_latch:latch1|q_internal~0 ; 3       ;
; registerFile:inst11|asyncEightBitRegister:\gen_registers:5:register_inst|d_latch:latch1|q_internal~0 ; 3       ;
; registerFile:inst11|asyncEightBitRegister:\gen_registers:6:register_inst|d_latch:latch1|q_internal~0 ; 3       ;
; registerFile:inst11|asyncEightBitRegister:\gen_registers:3:register_inst|d_latch:latch2|q_internal~0 ; 3       ;
; registerFile:inst11|asyncEightBitRegister:\gen_registers:0:register_inst|d_latch:latch2|q_internal~0 ; 3       ;
; registerFile:inst11|asyncEightBitRegister:\gen_registers:2:register_inst|d_latch:latch2|q_internal~0 ; 3       ;
; registerFile:inst11|asyncEightBitRegister:\gen_registers:1:register_inst|d_latch:latch2|q_internal~0 ; 3       ;
; registerFile:inst11|asyncEightBitRegister:\gen_registers:7:register_inst|d_latch:latch2|q_internal~0 ; 3       ;
; registerFile:inst11|asyncEightBitRegister:\gen_registers:4:register_inst|d_latch:latch2|q_internal~0 ; 3       ;
; registerFile:inst11|asyncEightBitRegister:\gen_registers:5:register_inst|d_latch:latch2|q_internal~0 ; 3       ;
; registerFile:inst11|asyncEightBitRegister:\gen_registers:6:register_inst|d_latch:latch2|q_internal~0 ; 3       ;
; registerFile:inst11|asyncEightBitRegister:\gen_registers:3:register_inst|d_latch:latch3|q_internal~0 ; 3       ;
; registerFile:inst11|asyncEightBitRegister:\gen_registers:0:register_inst|d_latch:latch3|q_internal~0 ; 3       ;
; registerFile:inst11|asyncEightBitRegister:\gen_registers:2:register_inst|d_latch:latch3|q_internal~0 ; 3       ;
; registerFile:inst11|asyncEightBitRegister:\gen_registers:1:register_inst|d_latch:latch3|q_internal~0 ; 3       ;
; registerFile:inst11|asyncEightBitRegister:\gen_registers:7:register_inst|d_latch:latch3|q_internal~0 ; 3       ;
; registerFile:inst11|asyncEightBitRegister:\gen_registers:4:register_inst|d_latch:latch3|q_internal~0 ; 3       ;
; registerFile:inst11|asyncEightBitRegister:\gen_registers:5:register_inst|d_latch:latch3|q_internal~0 ; 3       ;
; registerFile:inst11|asyncEightBitRegister:\gen_registers:6:register_inst|d_latch:latch3|q_internal~0 ; 3       ;
; registerFile:inst11|asyncEightBitRegister:\gen_registers:3:register_inst|d_latch:latch4|q_internal~0 ; 3       ;
; registerFile:inst11|asyncEightBitRegister:\gen_registers:0:register_inst|d_latch:latch4|q_internal~0 ; 3       ;
; registerFile:inst11|asyncEightBitRegister:\gen_registers:2:register_inst|d_latch:latch4|q_internal~0 ; 3       ;
; registerFile:inst11|asyncEightBitRegister:\gen_registers:1:register_inst|d_latch:latch4|q_internal~0 ; 3       ;
; registerFile:inst11|asyncEightBitRegister:\gen_registers:7:register_inst|d_latch:latch4|q_internal~0 ; 3       ;
; registerFile:inst11|asyncEightBitRegister:\gen_registers:4:register_inst|d_latch:latch4|q_internal~0 ; 3       ;
; registerFile:inst11|asyncEightBitRegister:\gen_registers:5:register_inst|d_latch:latch4|q_internal~0 ; 3       ;
; registerFile:inst11|asyncEightBitRegister:\gen_registers:6:register_inst|d_latch:latch4|q_internal~0 ; 3       ;
; registerFile:inst11|asyncEightBitRegister:\gen_registers:3:register_inst|d_latch:latch5|q_internal~0 ; 3       ;
; registerFile:inst11|asyncEightBitRegister:\gen_registers:0:register_inst|d_latch:latch5|q_internal~0 ; 3       ;
; registerFile:inst11|asyncEightBitRegister:\gen_registers:2:register_inst|d_latch:latch5|q_internal~0 ; 3       ;
; registerFile:inst11|asyncEightBitRegister:\gen_registers:1:register_inst|d_latch:latch5|q_internal~0 ; 3       ;
; registerFile:inst11|asyncEightBitRegister:\gen_registers:7:register_inst|d_latch:latch5|q_internal~0 ; 3       ;
; registerFile:inst11|asyncEightBitRegister:\gen_registers:4:register_inst|d_latch:latch5|q_internal~0 ; 3       ;
; registerFile:inst11|asyncEightBitRegister:\gen_registers:5:register_inst|d_latch:latch5|q_internal~0 ; 3       ;
; registerFile:inst11|asyncEightBitRegister:\gen_registers:6:register_inst|d_latch:latch5|q_internal~0 ; 3       ;
; registerFile:inst11|asyncEightBitRegister:\gen_registers:3:register_inst|d_latch:latch6|q_internal~0 ; 3       ;
; registerFile:inst11|asyncEightBitRegister:\gen_registers:0:register_inst|d_latch:latch6|q_internal~0 ; 3       ;
; registerFile:inst11|asyncEightBitRegister:\gen_registers:2:register_inst|d_latch:latch6|q_internal~0 ; 3       ;
; registerFile:inst11|asyncEightBitRegister:\gen_registers:1:register_inst|d_latch:latch6|q_internal~0 ; 3       ;
; registerFile:inst11|asyncEightBitRegister:\gen_registers:7:register_inst|d_latch:latch6|q_internal~0 ; 3       ;
; registerFile:inst11|asyncEightBitRegister:\gen_registers:4:register_inst|d_latch:latch6|q_internal~0 ; 3       ;
; registerFile:inst11|asyncEightBitRegister:\gen_registers:6:register_inst|d_latch:latch6|q_internal~0 ; 3       ;
; registerFile:inst11|asyncEightBitRegister:\gen_registers:5:register_inst|d_latch:latch6|q_internal~0 ; 3       ;
; registerFile:inst11|asyncEightBitRegister:\gen_registers:6:register_inst|d_latch:latch7|q_internal~0 ; 3       ;
; registerFile:inst11|asyncEightBitRegister:\gen_registers:0:register_inst|d_latch:latch7|q_internal~0 ; 3       ;
; registerFile:inst11|asyncEightBitRegister:\gen_registers:2:register_inst|d_latch:latch7|q_internal~0 ; 3       ;
; registerFile:inst11|asyncEightBitRegister:\gen_registers:4:register_inst|d_latch:latch7|q_internal~0 ; 3       ;
; registerFile:inst11|asyncEightBitRegister:\gen_registers:7:register_inst|d_latch:latch7|q_internal~0 ; 3       ;
; registerFile:inst11|asyncEightBitRegister:\gen_registers:1:register_inst|d_latch:latch7|q_internal~0 ; 3       ;
; registerFile:inst11|asyncEightBitRegister:\gen_registers:3:register_inst|d_latch:latch7|q_internal~0 ; 3       ;
; registerFile:inst11|asyncEightBitRegister:\gen_registers:5:register_inst|d_latch:latch7|q_internal~0 ; 3       ;
; control_unit:inst15|Equal5~3                                                                         ; 3       ;
; IFID:inst1|reg32:pcreg|q[2]                                                                          ; 3       ;
; IFID:inst1|reg32:pcreg|q[4]                                                                          ; 3       ;
; registerFile:inst11|eightX8To8Mux:mux_read2|eightTo1Mux:\gen_mux:0:block_mux:mux_inst|O~4            ; 3       ;
; registerFile:inst11|eightX8To8Mux:mux_read2|eightTo1Mux:\gen_mux:2:block_mux:mux_inst|O~4            ; 3       ;
; registerFile:inst11|eightX8To8Mux:mux_read2|eightTo1Mux:\gen_mux:3:block_mux:mux_inst|O~4            ; 3       ;
; registerFile:inst11|eightX8To8Mux:mux_read2|eightTo1Mux:\gen_mux:4:block_mux:mux_inst|O~4            ; 3       ;
; registerFile:inst11|eightX8To8Mux:mux_read2|eightTo1Mux:\gen_mux:5:block_mux:mux_inst|O~4            ; 3       ;
; registerFile:inst11|eightX8To8Mux:mux_read2|eightTo1Mux:\gen_mux:6:block_mux:mux_inst|O~4            ; 3       ;
; registerFile:inst11|eightX8To8Mux:mux_read2|eightTo1Mux:\gen_mux:7:block_mux:mux_inst|O~4            ; 3       ;
; registerFile:inst11|eightX8To8Mux:mux_read1|eightTo1Mux:\gen_mux:0:block_mux:mux_inst|O~4            ; 3       ;
; registerFile:inst11|eightX8To8Mux:mux_read1|eightTo1Mux:\gen_mux:1:block_mux:mux_inst|O~4            ; 3       ;
; registerFile:inst11|eightX8To8Mux:mux_read1|eightTo1Mux:\gen_mux:2:block_mux:mux_inst|O~4            ; 3       ;
; registerFile:inst11|eightX8To8Mux:mux_read1|eightTo1Mux:\gen_mux:3:block_mux:mux_inst|O~4            ; 3       ;
; registerFile:inst11|eightX8To8Mux:mux_read1|eightTo1Mux:\gen_mux:4:block_mux:mux_inst|O~4            ; 3       ;
; registerFile:inst11|eightX8To8Mux:mux_read1|eightTo1Mux:\gen_mux:5:block_mux:mux_inst|O~4            ; 3       ;
; registerFile:inst11|eightX8To8Mux:mux_read1|eightTo1Mux:\gen_mux:6:block_mux:mux_inst|O~4            ; 3       ;
; registerFile:inst11|eightX8To8Mux:mux_read1|eightTo1Mux:\gen_mux:7:block_mux:mux_inst|O~4            ; 3       ;
; mux2to1_8bit:inst24|o_data[1]~19                                                                     ; 3       ;
; EXMEM:inst30|o_destreg[4]                                                                            ; 3       ;
; EXMEM:inst30|o_RegWrite                                                                              ; 3       ;
; EXMEM:inst30|o_destreg[3]                                                                            ; 3       ;
; EXMEM:inst30|o_destreg[2]                                                                            ; 3       ;
; EXMEM:inst30|o_destreg[1]                                                                            ; 3       ;
; EXMEM:inst30|o_destreg[0]                                                                            ; 3       ;
; IDEX:inst26|o_instruction[4]                                                                         ; 3       ;
; IDEX:inst26|o_instruction[5]                                                                         ; 3       ;
; IDEX:inst26|o_instruction[6]                                                                         ; 3       ;
; IDEX:inst26|o_instruction[7]                                                                         ; 3       ;
; IDEX:inst26|o_instruction[11]                                                                        ; 3       ;
; IDEX:inst26|o_instruction[12]                                                                        ; 3       ;
; IDEX:inst26|o_instruction[13]                                                                        ; 3       ;
; IDEX:inst26|o_instruction[14]                                                                        ; 3       ;
; IDEX:inst26|o_instruction[15]                                                                        ; 3       ;
; control_unit:inst15|Equal6~0                                                                         ; 2       ;
; eightBitALU:inst17|eightBitCLA:arithmetic_unit|sum[5]                                                ; 2       ;
; inst33~0                                                                                             ; 2       ;
; IDEX:inst26|o_MemRead                                                                                ; 2       ;
; thirtyTwoBitALU:inst16|thirtyTwoBitCLA:arithmetic_unit|cn[5]~3                                       ; 2       ;
; IFID:inst1|reg32:pcreg|q[5]                                                                          ; 2       ;
; thirtyTwoBitALU:inst16|thirtyTwoBitCLA:arithmetic_unit|cn[4]~2                                       ; 2       ;
; thirtyTwoBitALU:inst16|thirtyTwoBitCLA:arithmetic_unit|cn[3]~1                                       ; 2       ;
; IFID:inst1|reg32:pcreg|q[3]                                                                          ; 2       ;
; thirtyTwoBitALU:inst16|thirtyTwoBitCLA:arithmetic_unit|cn[4]~0                                       ; 2       ;
; IFID:inst1|reg32:pcreg|q[6]                                                                          ; 2       ;
; IFID:inst1|reg32:insreg|q[6]                                                                         ; 2       ;
; IFID:inst1|reg32:insreg|q[7]                                                                         ; 2       ;
; IFID:inst1|reg32:insreg|q[8]                                                                         ; 2       ;
; IFID:inst1|reg32:insreg|q[9]                                                                         ; 2       ;
; IFID:inst1|reg32:insreg|q[10]                                                                        ; 2       ;
; IFID:inst1|reg32:insreg|q[11]                                                                        ; 2       ;
; IFID:inst1|reg32:insreg|q[12]                                                                        ; 2       ;
; IFID:inst1|reg32:insreg|q[13]                                                                        ; 2       ;
; IFID:inst1|reg32:insreg|q[14]                                                                        ; 2       ;
; IFID:inst1|reg32:insreg|q[15]                                                                        ; 2       ;
; registerFile:inst11|eightX8To8Mux:mux_read2|eightTo1Mux:\gen_mux:1:block_mux:mux_inst|O~4            ; 2       ;
; registerFile:inst11|eightX8To8Mux:mux_read2|eightTo1Mux:\gen_mux:1:block_mux:mux_inst|O~3            ; 2       ;
; registerFile:inst11|eightX8To8Mux:mux_read2|eightTo1Mux:\gen_mux:1:block_mux:mux_inst|O~1            ; 2       ;
; thirtyTwoBitALU:inst19|twoBy32To32Mux:top_level_mux|mux2:\gen_mux:0:U|y~4                            ; 2       ;
; thirtyTwoBitALU:inst19|twoBy32To32Mux:top_level_mux|mux2:\gen_mux:1:U|y~0                            ; 2       ;
; thirtyTwoBitALU:inst19|twoBy32To32Mux:top_level_mux|mux2:\gen_mux:2:U|y~0                            ; 2       ;
; thirtyTwoBitALU:inst19|twoBy32To32Mux:top_level_mux|mux2:\gen_mux:3:U|y~0                            ; 2       ;
; thirtyTwoBitALU:inst19|twoBy32To32Mux:top_level_mux|mux2:\gen_mux:4:U|y~0                            ; 2       ;
; thirtyTwoBitALU:inst19|twoBy32To32Mux:top_level_mux|mux2:\gen_mux:5:U|y~0                            ; 2       ;
; thirtyTwoBitALU:inst19|twoBy32To32Mux:top_level_mux|mux2:\gen_mux:6:U|y~0                            ; 2       ;
; thirtyTwoBitALU:inst19|twoBy32To32Mux:top_level_mux|mux2:\gen_mux:7:U|y~0                            ; 2       ;
; thirtyTwoBitALU:inst19|thirtyTwoBitCLA:arithmetic_unit|cn[6]~6                                       ; 2       ;
; thirtyTwoBitALU:inst19|thirtyTwoBitCLA:arithmetic_unit|cn[5]~5                                       ; 2       ;
; thirtyTwoBitALU:inst19|thirtyTwoBitCLA:arithmetic_unit|cn[4]~4                                       ; 2       ;
; thirtyTwoBitALU:inst19|thirtyTwoBitCLA:arithmetic_unit|cn[3]~3                                       ; 2       ;
; thirtyTwoBitALU:inst19|thirtyTwoBitCLA:arithmetic_unit|cn[2]~2                                       ; 2       ;
; thirtyTwoBitALU:inst19|thirtyTwoBitCLA:arithmetic_unit|cn[1]~1                                       ; 2       ;
; thirtyTwoBitALU:inst19|thirtyTwoBitCLA:arithmetic_unit|B_xor_sub[1]                                  ; 2       ;
; thirtyTwoBitALU:inst19|thirtyTwoBitCLA:arithmetic_unit|gn[0]                                         ; 2       ;
; thirtyTwoBitALU:inst19|thirtyTwoBitCLA:arithmetic_unit|cn~0                                          ; 2       ;
; IDEX:inst26|o_b[0]                                                                                   ; 2       ;
; mux2to1_8bit:inst24|o_data[1]~20                                                                     ; 2       ;
; IDEX:inst26|o_b[1]                                                                                   ; 2       ;
; IDEX:inst26|o_b[2]                                                                                   ; 2       ;
; IDEX:inst26|o_b[3]                                                                                   ; 2       ;
; IDEX:inst26|o_b[4]                                                                                   ; 2       ;
; IDEX:inst26|o_b[5]                                                                                   ; 2       ;
; IDEX:inst26|o_b[6]                                                                                   ; 2       ;
; IDEX:inst26|o_b[7]                                                                                   ; 2       ;
; forwarding_unit:inst4|MUX1[1]~2                                                                      ; 2       ;
; forwarding_unit:inst4|MUX1[1]~1                                                                      ; 2       ;
; forwarding_unit:inst4|MUX1[1]~0                                                                      ; 2       ;
; MEMWB:inst32|o_destreg[4]                                                                            ; 2       ;
; MEMWB:inst32|o_destreg[3]                                                                            ; 2       ;
; IDEX:inst26|o_instruction[8]                                                                         ; 2       ;
; IDEX:inst26|o_instruction[9]                                                                         ; 2       ;
; IDEX:inst26|o_instruction[10]                                                                        ; 2       ;
; IDEX:inst26|o_instruction[26]                                                                        ; 2       ;
; IDEX:inst26|o_instruction[27]                                                                        ; 2       ;
; IDEX:inst26|o_instruction[28]                                                                        ; 2       ;
; IDEX:inst26|o_instruction[29]                                                                        ; 2       ;
; IDEX:inst26|o_instruction[30]                                                                        ; 2       ;
; IDEX:inst26|o_instruction[31]                                                                        ; 2       ;
; EXMEM:inst30|o_instruction[0]                                                                        ; 2       ;
; EXMEM:inst30|o_instruction[1]                                                                        ; 2       ;
; EXMEM:inst30|o_instruction[2]                                                                        ; 2       ;
; EXMEM:inst30|o_instruction[3]                                                                        ; 2       ;
; EXMEM:inst30|o_instruction[4]                                                                        ; 2       ;
; EXMEM:inst30|o_instruction[5]                                                                        ; 2       ;
; EXMEM:inst30|o_instruction[6]                                                                        ; 2       ;
; EXMEM:inst30|o_instruction[7]                                                                        ; 2       ;
; EXMEM:inst30|o_instruction[8]                                                                        ; 2       ;
; EXMEM:inst30|o_instruction[9]                                                                        ; 2       ;
; EXMEM:inst30|o_instruction[10]                                                                       ; 2       ;
; EXMEM:inst30|o_instruction[11]                                                                       ; 2       ;
; EXMEM:inst30|o_instruction[12]                                                                       ; 2       ;
; EXMEM:inst30|o_instruction[13]                                                                       ; 2       ;
; EXMEM:inst30|o_instruction[14]                                                                       ; 2       ;
; EXMEM:inst30|o_instruction[15]                                                                       ; 2       ;
; EXMEM:inst30|o_instruction[16]                                                                       ; 2       ;
; EXMEM:inst30|o_instruction[17]                                                                       ; 2       ;
; EXMEM:inst30|o_instruction[18]                                                                       ; 2       ;
; EXMEM:inst30|o_instruction[19]                                                                       ; 2       ;
; EXMEM:inst30|o_instruction[20]                                                                       ; 2       ;
; EXMEM:inst30|o_instruction[21]                                                                       ; 2       ;
; EXMEM:inst30|o_instruction[22]                                                                       ; 2       ;
; EXMEM:inst30|o_instruction[23]                                                                       ; 2       ;
; EXMEM:inst30|o_instruction[24]                                                                       ; 2       ;
; EXMEM:inst30|o_instruction[25]                                                                       ; 2       ;
; EXMEM:inst30|o_instruction[26]                                                                       ; 2       ;
; EXMEM:inst30|o_instruction[27]                                                                       ; 2       ;
; EXMEM:inst30|o_instruction[28]                                                                       ; 2       ;
; EXMEM:inst30|o_instruction[29]                                                                       ; 2       ;
; EXMEM:inst30|o_instruction[30]                                                                       ; 2       ;
; EXMEM:inst30|o_instruction[31]                                                                       ; 2       ;
; lpm_ram_dq:inst9|altram:sram|altsyncram:ram_block|altsyncram_38a1:auto_generated|q_a[1]              ; 2       ;
; lpm_ram_dq:inst9|altram:sram|altsyncram:ram_block|altsyncram_38a1:auto_generated|q_a[2]              ; 2       ;
; lpm_ram_dq:inst9|altram:sram|altsyncram:ram_block|altsyncram_38a1:auto_generated|q_a[3]              ; 2       ;
; lpm_ram_dq:inst9|altram:sram|altsyncram:ram_block|altsyncram_38a1:auto_generated|q_a[4]              ; 2       ;
; lpm_ram_dq:inst9|altram:sram|altsyncram:ram_block|altsyncram_38a1:auto_generated|q_a[5]              ; 2       ;
; lpm_ram_dq:inst9|altram:sram|altsyncram:ram_block|altsyncram_38a1:auto_generated|q_a[6]              ; 2       ;
; lpm_ram_dq:inst9|altram:sram|altsyncram:ram_block|altsyncram_38a1:auto_generated|q_a[7]              ; 2       ;
; lpm_ram_dq:inst9|altram:sram|altsyncram:ram_block|altsyncram_38a1:auto_generated|q_a[0]              ; 2       ;
; lpm_rom:inst|altrom:srom|altsyncram:rom_block|altsyncram_t811:auto_generated|q_a[1]                  ; 2       ;
; lpm_rom:inst|altrom:srom|altsyncram:rom_block|altsyncram_t811:auto_generated|q_a[2]                  ; 2       ;
; lpm_rom:inst|altrom:srom|altsyncram:rom_block|altsyncram_t811:auto_generated|q_a[3]                  ; 2       ;
; lpm_rom:inst|altrom:srom|altsyncram:rom_block|altsyncram_t811:auto_generated|q_a[4]                  ; 2       ;
; lpm_rom:inst|altrom:srom|altsyncram:rom_block|altsyncram_t811:auto_generated|q_a[5]                  ; 2       ;
; lpm_rom:inst|altrom:srom|altsyncram:rom_block|altsyncram_t811:auto_generated|q_a[6]                  ; 2       ;
; lpm_rom:inst|altrom:srom|altsyncram:rom_block|altsyncram_t811:auto_generated|q_a[7]                  ; 2       ;
; lpm_rom:inst|altrom:srom|altsyncram:rom_block|altsyncram_t811:auto_generated|q_a[8]                  ; 2       ;
; lpm_rom:inst|altrom:srom|altsyncram:rom_block|altsyncram_t811:auto_generated|q_a[9]                  ; 2       ;
; lpm_rom:inst|altrom:srom|altsyncram:rom_block|altsyncram_t811:auto_generated|q_a[10]                 ; 2       ;
; lpm_rom:inst|altrom:srom|altsyncram:rom_block|altsyncram_t811:auto_generated|q_a[11]                 ; 2       ;
; lpm_rom:inst|altrom:srom|altsyncram:rom_block|altsyncram_t811:auto_generated|q_a[12]                 ; 2       ;
; lpm_rom:inst|altrom:srom|altsyncram:rom_block|altsyncram_t811:auto_generated|q_a[13]                 ; 2       ;
; lpm_rom:inst|altrom:srom|altsyncram:rom_block|altsyncram_t811:auto_generated|q_a[14]                 ; 2       ;
; lpm_rom:inst|altrom:srom|altsyncram:rom_block|altsyncram_t811:auto_generated|q_a[15]                 ; 2       ;
; lpm_rom:inst|altrom:srom|altsyncram:rom_block|altsyncram_t811:auto_generated|q_a[16]                 ; 2       ;
; lpm_rom:inst|altrom:srom|altsyncram:rom_block|altsyncram_t811:auto_generated|q_a[17]                 ; 2       ;
; lpm_rom:inst|altrom:srom|altsyncram:rom_block|altsyncram_t811:auto_generated|q_a[18]                 ; 2       ;
; lpm_rom:inst|altrom:srom|altsyncram:rom_block|altsyncram_t811:auto_generated|q_a[19]                 ; 2       ;
; lpm_rom:inst|altrom:srom|altsyncram:rom_block|altsyncram_t811:auto_generated|q_a[20]                 ; 2       ;
; lpm_rom:inst|altrom:srom|altsyncram:rom_block|altsyncram_t811:auto_generated|q_a[21]                 ; 2       ;
; lpm_rom:inst|altrom:srom|altsyncram:rom_block|altsyncram_t811:auto_generated|q_a[22]                 ; 2       ;
; lpm_rom:inst|altrom:srom|altsyncram:rom_block|altsyncram_t811:auto_generated|q_a[23]                 ; 2       ;
; lpm_rom:inst|altrom:srom|altsyncram:rom_block|altsyncram_t811:auto_generated|q_a[24]                 ; 2       ;
; lpm_rom:inst|altrom:srom|altsyncram:rom_block|altsyncram_t811:auto_generated|q_a[25]                 ; 2       ;
; lpm_rom:inst|altrom:srom|altsyncram:rom_block|altsyncram_t811:auto_generated|q_a[26]                 ; 2       ;
; lpm_rom:inst|altrom:srom|altsyncram:rom_block|altsyncram_t811:auto_generated|q_a[27]                 ; 2       ;
; lpm_rom:inst|altrom:srom|altsyncram:rom_block|altsyncram_t811:auto_generated|q_a[28]                 ; 2       ;
; lpm_rom:inst|altrom:srom|altsyncram:rom_block|altsyncram_t811:auto_generated|q_a[29]                 ; 2       ;
; lpm_rom:inst|altrom:srom|altsyncram:rom_block|altsyncram_t811:auto_generated|q_a[30]                 ; 2       ;
; lpm_rom:inst|altrom:srom|altsyncram:rom_block|altsyncram_t811:auto_generated|q_a[31]                 ; 2       ;
; lpm_rom:inst|altrom:srom|altsyncram:rom_block|altsyncram_t811:auto_generated|q_a[0]                  ; 2       ;
; control_unit:inst15|Equal2~1                                                                         ; 1       ;
; IFID:inst1|reg32:pcreg|q~14                                                                          ; 1       ;
; IFID:inst1|reg32:pcreg|q~13                                                                          ; 1       ;
; IFID:inst1|reg32:pcreg|q~12                                                                          ; 1       ;
; IFID:inst1|reg32:pcreg|q~11                                                                          ; 1       ;
; thirtyTwoBitALU:inst19|twoBy32To32Mux:top_level_mux|mux2:\gen_mux:0:U|y~5                            ; 1       ;
; control_unit:inst15|Equal2~0                                                                         ; 1       ;
; IDEX:inst26|o_MemWrite                                                                               ; 1       ;
; control_unit:inst15|RegWrite                                                                         ; 1       ;
; IFID:inst1|reg32:pcreg|q~10                                                                          ; 1       ;
; control_unit:inst15|Equal3~0                                                                         ; 1       ;
; IFID:inst1|reg32:pcreg|q~9                                                                           ; 1       ;
; IFID:inst1|reg32:pcreg|q~8                                                                           ; 1       ;
; IFID:inst1|reg32:insreg|q~31                                                                         ; 1       ;
; IFID:inst1|reg32:insreg|q~30                                                                         ; 1       ;
; IFID:inst1|reg32:insreg|q~29                                                                         ; 1       ;
; IFID:inst1|reg32:insreg|q~28                                                                         ; 1       ;
; IFID:inst1|reg32:insreg|q~27                                                                         ; 1       ;
; IFID:inst1|reg32:insreg|q~26                                                                         ; 1       ;
; IFID:inst1|reg32:insreg|q~25                                                                         ; 1       ;
; IFID:inst1|reg32:insreg|q~24                                                                         ; 1       ;
; IFID:inst1|reg32:insreg|q~23                                                                         ; 1       ;
; IFID:inst1|reg32:insreg|q~22                                                                         ; 1       ;
; IFID:inst1|reg32:insreg|q~21                                                                         ; 1       ;
; IFID:inst1|reg32:insreg|q~20                                                                         ; 1       ;
; IFID:inst1|reg32:insreg|q~19                                                                         ; 1       ;
; IFID:inst1|reg32:insreg|q~18                                                                         ; 1       ;
; IFID:inst1|reg32:insreg|q~17                                                                         ; 1       ;
; IFID:inst1|reg32:insreg|q~16                                                                         ; 1       ;
; IFID:inst1|reg32:insreg|q~15                                                                         ; 1       ;
; IFID:inst1|reg32:insreg|q~14                                                                         ; 1       ;
; IFID:inst1|reg32:insreg|q~13                                                                         ; 1       ;
; IFID:inst1|reg32:insreg|q~12                                                                         ; 1       ;
; IFID:inst1|reg32:insreg|q[26]~11                                                                     ; 1       ;
; IFID:inst1|reg32:insreg|q[27]~10                                                                     ; 1       ;
; IFID:inst1|reg32:insreg|q[28]~9                                                                      ; 1       ;
; IFID:inst1|reg32:insreg|q[29]~8                                                                      ; 1       ;
; IFID:inst1|reg32:insreg|q[30]~7                                                                      ; 1       ;
; IFID:inst1|reg32:insreg|q[31]~6                                                                      ; 1       ;
; IFID:inst1|reg32:insreg|q[18]~5                                                                      ; 1       ;
; IFID:inst1|reg32:insreg|q~4                                                                          ; 1       ;
; IFID:inst1|reg32:insreg|q~3                                                                          ; 1       ;
; IFID:inst1|reg32:insreg|q[21]~2                                                                      ; 1       ;
; IFID:inst1|reg32:insreg|q~1                                                                          ; 1       ;
; IFID:inst1|reg32:insreg|q[23]~0                                                                      ; 1       ;
; EXMEM:inst30|o_writedata[0]                                                                          ; 1       ;
; EXMEM:inst30|o_writedata[1]                                                                          ; 1       ;
; EXMEM:inst30|o_writedata[2]                                                                          ; 1       ;
; EXMEM:inst30|o_writedata[3]                                                                          ; 1       ;
; EXMEM:inst30|o_writedata[4]                                                                          ; 1       ;
; EXMEM:inst30|o_writedata[5]                                                                          ; 1       ;
; EXMEM:inst30|o_writedata[6]                                                                          ; 1       ;
; EXMEM:inst30|o_writedata[7]                                                                          ; 1       ;
; EXMEM:inst30|o_MemWrite                                                                              ; 1       ;
; mux5:inst10|mux2:\gen_mux:4:mux_inst|y~0                                                             ; 1       ;
; IDEX:inst26|o_RegWrite                                                                               ; 1       ;
; mux5:inst10|mux2:\gen_mux:3:mux_inst|y~0                                                             ; 1       ;
; mux5:inst10|mux2:\gen_mux:2:mux_inst|y~0                                                             ; 1       ;
; mux5:inst10|mux2:\gen_mux:1:mux_inst|y~0                                                             ; 1       ;
; mux5:inst10|mux2:\gen_mux:0:mux_inst|y~0                                                             ; 1       ;
; EXMEM:inst30|o_MemtoReg                                                                              ; 1       ;
; control_unit:inst15|ALUop~0                                                                          ; 1       ;
; mux2to1_8bit:inst21|o_data[0]~0                                                                      ; 1       ;
; IFID:inst1|reg32:pcreg|q[0]                                                                          ; 1       ;
; thirtyTwoBitALU:inst16|thirtyTwoBitCLA:arithmetic_unit|sum~4                                         ; 1       ;
; thirtyTwoBitALU:inst16|thirtyTwoBitCLA:arithmetic_unit|sum[3]~3                                      ; 1       ;
; eightBitALU:inst17|eightBitCLA:arithmetic_unit|sum[3]                                                ; 1       ;
; thirtyTwoBitALU:inst16|thirtyTwoBitCLA:arithmetic_unit|sum[4]~2                                      ; 1       ;
; eightBitALU:inst17|eightBitCLA:arithmetic_unit|sum[4]                                                ; 1       ;
; thirtyTwoBitALU:inst16|thirtyTwoBitCLA:arithmetic_unit|sum[5]                                        ; 1       ;
; thirtyTwoBitALU:inst16|thirtyTwoBitCLA:arithmetic_unit|sum[6]~1                                      ; 1       ;
; eightBitALU:inst17|eightBitCLA:arithmetic_unit|sum[6]                                                ; 1       ;
; inst33~4                                                                                             ; 1       ;
; inst33~3                                                                                             ; 1       ;
; inst33~2                                                                                             ; 1       ;
; equalComparator8:inst3|eq_bits[1]                                                                    ; 1       ;
; inst33~1                                                                                             ; 1       ;
; control_unit:inst15|Equal5~2                                                                         ; 1       ;
; hazard_unit:inst34|Selector~5                                                                        ; 1       ;
; hazard_unit:inst34|Selector~4                                                                        ; 1       ;
; hazard_unit:inst34|Selector~3                                                                        ; 1       ;
; hazard_unit:inst34|Selector~2                                                                        ; 1       ;
; hazard_unit:inst34|Selector~1                                                                        ; 1       ;
; hazard_unit:inst34|Selector~0                                                                        ; 1       ;
; thirtyTwoBitALU:inst16|thirtyTwoBitCLA:arithmetic_unit|sum[7]                                        ; 1       ;
; thirtyTwoBitALU:inst16|thirtyTwoBitCLA:arithmetic_unit|sum[7]~0                                      ; 1       ;
; IFID:inst1|reg32:pcreg|q[7]                                                                          ; 1       ;
; eightBitALU:inst17|eightBitCLA:arithmetic_unit|sum[7]                                                ; 1       ;
; MEMWB:inst32|o_instruction[0]                                                                        ; 1       ;
; MEMWB:inst32|o_instruction[1]                                                                        ; 1       ;
; MEMWB:inst32|o_instruction[2]                                                                        ; 1       ;
; MEMWB:inst32|o_instruction[3]                                                                        ; 1       ;
; MEMWB:inst32|o_instruction[4]                                                                        ; 1       ;
; MEMWB:inst32|o_instruction[5]                                                                        ; 1       ;
; MEMWB:inst32|o_instruction[6]                                                                        ; 1       ;
; MEMWB:inst32|o_instruction[7]                                                                        ; 1       ;
; MEMWB:inst32|o_instruction[8]                                                                        ; 1       ;
; MEMWB:inst32|o_instruction[9]                                                                        ; 1       ;
; MEMWB:inst32|o_instruction[10]                                                                       ; 1       ;
; MEMWB:inst32|o_instruction[11]                                                                       ; 1       ;
; MEMWB:inst32|o_instruction[12]                                                                       ; 1       ;
; MEMWB:inst32|o_instruction[13]                                                                       ; 1       ;
; MEMWB:inst32|o_instruction[14]                                                                       ; 1       ;
; MEMWB:inst32|o_instruction[15]                                                                       ; 1       ;
; MEMWB:inst32|o_instruction[16]                                                                       ; 1       ;
; MEMWB:inst32|o_instruction[17]                                                                       ; 1       ;
; MEMWB:inst32|o_instruction[18]                                                                       ; 1       ;
; MEMWB:inst32|o_instruction[19]                                                                       ; 1       ;
; MEMWB:inst32|o_instruction[20]                                                                       ; 1       ;
; MEMWB:inst32|o_instruction[21]                                                                       ; 1       ;
; MEMWB:inst32|o_instruction[22]                                                                       ; 1       ;
; MEMWB:inst32|o_instruction[23]                                                                       ; 1       ;
; MEMWB:inst32|o_instruction[24]                                                                       ; 1       ;
; MEMWB:inst32|o_instruction[25]                                                                       ; 1       ;
; MEMWB:inst32|o_instruction[26]                                                                       ; 1       ;
; MEMWB:inst32|o_instruction[27]                                                                       ; 1       ;
; MEMWB:inst32|o_instruction[28]                                                                       ; 1       ;
; MEMWB:inst32|o_instruction[29]                                                                       ; 1       ;
; MEMWB:inst32|o_instruction[30]                                                                       ; 1       ;
; MEMWB:inst32|o_instruction[31]                                                                       ; 1       ;
; registerFile:inst11|eightX8To8Mux:mux_read2|eightTo1Mux:\gen_mux:0:block_mux:mux_inst|O~3            ; 1       ;
; registerFile:inst11|eightX8To8Mux:mux_read2|eightTo1Mux:\gen_mux:0:block_mux:mux_inst|O~2            ; 1       ;
; registerFile:inst11|eightX8To8Mux:mux_read2|eightTo1Mux:\gen_mux:0:block_mux:mux_inst|O~1            ; 1       ;
; registerFile:inst11|eightX8To8Mux:mux_read2|eightTo1Mux:\gen_mux:0:block_mux:mux_inst|O~0            ; 1       ;
; registerFile:inst11|eightX8To8Mux:mux_read2|eightTo1Mux:\gen_mux:1:block_mux:mux_inst|O~2            ; 1       ;
; registerFile:inst11|eightX8To8Mux:mux_read2|eightTo1Mux:\gen_mux:1:block_mux:mux_inst|O~0            ; 1       ;
; registerFile:inst11|eightX8To8Mux:mux_read2|eightTo1Mux:\gen_mux:2:block_mux:mux_inst|O~3            ; 1       ;
; registerFile:inst11|eightX8To8Mux:mux_read2|eightTo1Mux:\gen_mux:2:block_mux:mux_inst|O~2            ; 1       ;
; registerFile:inst11|eightX8To8Mux:mux_read2|eightTo1Mux:\gen_mux:2:block_mux:mux_inst|O~1            ; 1       ;
; registerFile:inst11|eightX8To8Mux:mux_read2|eightTo1Mux:\gen_mux:2:block_mux:mux_inst|O~0            ; 1       ;
; registerFile:inst11|eightX8To8Mux:mux_read2|eightTo1Mux:\gen_mux:3:block_mux:mux_inst|O~3            ; 1       ;
; registerFile:inst11|eightX8To8Mux:mux_read2|eightTo1Mux:\gen_mux:3:block_mux:mux_inst|O~2            ; 1       ;
; registerFile:inst11|eightX8To8Mux:mux_read2|eightTo1Mux:\gen_mux:3:block_mux:mux_inst|O~1            ; 1       ;
; registerFile:inst11|eightX8To8Mux:mux_read2|eightTo1Mux:\gen_mux:3:block_mux:mux_inst|O~0            ; 1       ;
; registerFile:inst11|eightX8To8Mux:mux_read2|eightTo1Mux:\gen_mux:4:block_mux:mux_inst|O~3            ; 1       ;
; registerFile:inst11|eightX8To8Mux:mux_read2|eightTo1Mux:\gen_mux:4:block_mux:mux_inst|O~2            ; 1       ;
; registerFile:inst11|eightX8To8Mux:mux_read2|eightTo1Mux:\gen_mux:4:block_mux:mux_inst|O~1            ; 1       ;
; registerFile:inst11|eightX8To8Mux:mux_read2|eightTo1Mux:\gen_mux:4:block_mux:mux_inst|O~0            ; 1       ;
; registerFile:inst11|eightX8To8Mux:mux_read2|eightTo1Mux:\gen_mux:5:block_mux:mux_inst|O~3            ; 1       ;
; registerFile:inst11|eightX8To8Mux:mux_read2|eightTo1Mux:\gen_mux:5:block_mux:mux_inst|O~2            ; 1       ;
; registerFile:inst11|eightX8To8Mux:mux_read2|eightTo1Mux:\gen_mux:5:block_mux:mux_inst|O~1            ; 1       ;
; registerFile:inst11|eightX8To8Mux:mux_read2|eightTo1Mux:\gen_mux:5:block_mux:mux_inst|O~0            ; 1       ;
; registerFile:inst11|eightX8To8Mux:mux_read2|eightTo1Mux:\gen_mux:6:block_mux:mux_inst|O~3            ; 1       ;
; registerFile:inst11|eightX8To8Mux:mux_read2|eightTo1Mux:\gen_mux:6:block_mux:mux_inst|O~2            ; 1       ;
; registerFile:inst11|eightX8To8Mux:mux_read2|eightTo1Mux:\gen_mux:6:block_mux:mux_inst|O~1            ; 1       ;
; registerFile:inst11|eightX8To8Mux:mux_read2|eightTo1Mux:\gen_mux:6:block_mux:mux_inst|O~0            ; 1       ;
; registerFile:inst11|eightX8To8Mux:mux_read2|eightTo1Mux:\gen_mux:7:block_mux:mux_inst|O~3            ; 1       ;
; registerFile:inst11|eightX8To8Mux:mux_read2|eightTo1Mux:\gen_mux:7:block_mux:mux_inst|O~2            ; 1       ;
; registerFile:inst11|eightX8To8Mux:mux_read2|eightTo1Mux:\gen_mux:7:block_mux:mux_inst|O~1            ; 1       ;
; registerFile:inst11|eightX8To8Mux:mux_read2|eightTo1Mux:\gen_mux:7:block_mux:mux_inst|O~0            ; 1       ;
; registerFile:inst11|eightX8To8Mux:mux_read1|eightTo1Mux:\gen_mux:0:block_mux:mux_inst|O~3            ; 1       ;
; registerFile:inst11|eightX8To8Mux:mux_read1|eightTo1Mux:\gen_mux:0:block_mux:mux_inst|O~2            ; 1       ;
; registerFile:inst11|eightX8To8Mux:mux_read1|eightTo1Mux:\gen_mux:0:block_mux:mux_inst|O~1            ; 1       ;
; registerFile:inst11|eightX8To8Mux:mux_read1|eightTo1Mux:\gen_mux:0:block_mux:mux_inst|O~0            ; 1       ;
; registerFile:inst11|eightX8To8Mux:mux_read1|eightTo1Mux:\gen_mux:1:block_mux:mux_inst|O~3            ; 1       ;
; registerFile:inst11|eightX8To8Mux:mux_read1|eightTo1Mux:\gen_mux:1:block_mux:mux_inst|O~2            ; 1       ;
; registerFile:inst11|eightX8To8Mux:mux_read1|eightTo1Mux:\gen_mux:1:block_mux:mux_inst|O~1            ; 1       ;
; registerFile:inst11|eightX8To8Mux:mux_read1|eightTo1Mux:\gen_mux:1:block_mux:mux_inst|O~0            ; 1       ;
; registerFile:inst11|eightX8To8Mux:mux_read1|eightTo1Mux:\gen_mux:2:block_mux:mux_inst|O~3            ; 1       ;
; registerFile:inst11|eightX8To8Mux:mux_read1|eightTo1Mux:\gen_mux:2:block_mux:mux_inst|O~2            ; 1       ;
; registerFile:inst11|eightX8To8Mux:mux_read1|eightTo1Mux:\gen_mux:2:block_mux:mux_inst|O~1            ; 1       ;
; registerFile:inst11|eightX8To8Mux:mux_read1|eightTo1Mux:\gen_mux:2:block_mux:mux_inst|O~0            ; 1       ;
; registerFile:inst11|eightX8To8Mux:mux_read1|eightTo1Mux:\gen_mux:3:block_mux:mux_inst|O~3            ; 1       ;
; registerFile:inst11|eightX8To8Mux:mux_read1|eightTo1Mux:\gen_mux:3:block_mux:mux_inst|O~2            ; 1       ;
; registerFile:inst11|eightX8To8Mux:mux_read1|eightTo1Mux:\gen_mux:3:block_mux:mux_inst|O~1            ; 1       ;
; registerFile:inst11|eightX8To8Mux:mux_read1|eightTo1Mux:\gen_mux:3:block_mux:mux_inst|O~0            ; 1       ;
; registerFile:inst11|eightX8To8Mux:mux_read1|eightTo1Mux:\gen_mux:4:block_mux:mux_inst|O~3            ; 1       ;
; registerFile:inst11|eightX8To8Mux:mux_read1|eightTo1Mux:\gen_mux:4:block_mux:mux_inst|O~2            ; 1       ;
; registerFile:inst11|eightX8To8Mux:mux_read1|eightTo1Mux:\gen_mux:4:block_mux:mux_inst|O~1            ; 1       ;
; registerFile:inst11|eightX8To8Mux:mux_read1|eightTo1Mux:\gen_mux:4:block_mux:mux_inst|O~0            ; 1       ;
; registerFile:inst11|eightX8To8Mux:mux_read1|eightTo1Mux:\gen_mux:5:block_mux:mux_inst|O~3            ; 1       ;
; registerFile:inst11|eightX8To8Mux:mux_read1|eightTo1Mux:\gen_mux:5:block_mux:mux_inst|O~2            ; 1       ;
; registerFile:inst11|eightX8To8Mux:mux_read1|eightTo1Mux:\gen_mux:5:block_mux:mux_inst|O~1            ; 1       ;
; registerFile:inst11|eightX8To8Mux:mux_read1|eightTo1Mux:\gen_mux:5:block_mux:mux_inst|O~0            ; 1       ;
; registerFile:inst11|eightX8To8Mux:mux_read1|eightTo1Mux:\gen_mux:6:block_mux:mux_inst|O~3            ; 1       ;
; registerFile:inst11|eightX8To8Mux:mux_read1|eightTo1Mux:\gen_mux:6:block_mux:mux_inst|O~2            ; 1       ;
; registerFile:inst11|eightX8To8Mux:mux_read1|eightTo1Mux:\gen_mux:6:block_mux:mux_inst|O~1            ; 1       ;
; registerFile:inst11|eightX8To8Mux:mux_read1|eightTo1Mux:\gen_mux:6:block_mux:mux_inst|O~0            ; 1       ;
; registerFile:inst11|eightX8To8Mux:mux_read1|eightTo1Mux:\gen_mux:7:block_mux:mux_inst|O~3            ; 1       ;
; registerFile:inst11|eightX8To8Mux:mux_read1|eightTo1Mux:\gen_mux:7:block_mux:mux_inst|O~2            ; 1       ;
; registerFile:inst11|eightX8To8Mux:mux_read1|eightTo1Mux:\gen_mux:7:block_mux:mux_inst|O~1            ; 1       ;
; registerFile:inst11|eightX8To8Mux:mux_read1|eightTo1Mux:\gen_mux:7:block_mux:mux_inst|O~0            ; 1       ;
; thirtyTwoBitALU:inst19|twoBy32To32Mux:logical_select_mux|mux2:\gen_mux:0:U|y~0                       ; 1       ;
; thirtyTwoBitALU:inst19|twoBy32To32Mux:top_level_mux|mux2:\gen_mux:0:U|y~3                            ; 1       ;
; thirtyTwoBitALU:inst19|twoBy32To32Mux:top_level_mux|mux2:\gen_mux:0:U|y~2                            ; 1       ;
; thirtyTwoBitALU:inst19|thirtyTwoBitCLA:arithmetic_unit|sum[1]                                        ; 1       ;
; thirtyTwoBitALU:inst19|twoBy32To32Mux:logical_select_mux|mux2:\gen_mux:1:U|y~0                       ; 1       ;
; thirtyTwoBitALU:inst19|thirtyTwoBitCLA:arithmetic_unit|sum[2]                                        ; 1       ;
; thirtyTwoBitALU:inst19|twoBy32To32Mux:logical_select_mux|mux2:\gen_mux:2:U|y~0                       ; 1       ;
; thirtyTwoBitALU:inst19|thirtyTwoBitCLA:arithmetic_unit|sum[3]                                        ; 1       ;
; thirtyTwoBitALU:inst19|twoBy32To32Mux:logical_select_mux|mux2:\gen_mux:3:U|y~0                       ; 1       ;
; thirtyTwoBitALU:inst19|thirtyTwoBitCLA:arithmetic_unit|sum[4]                                        ; 1       ;
; thirtyTwoBitALU:inst19|twoBy32To32Mux:logical_select_mux|mux2:\gen_mux:4:U|y~0                       ; 1       ;
; thirtyTwoBitALU:inst19|thirtyTwoBitCLA:arithmetic_unit|sum[5]                                        ; 1       ;
; thirtyTwoBitALU:inst19|twoBy32To32Mux:logical_select_mux|mux2:\gen_mux:5:U|y~0                       ; 1       ;
; thirtyTwoBitALU:inst19|thirtyTwoBitCLA:arithmetic_unit|sum[6]                                        ; 1       ;
; thirtyTwoBitALU:inst19|twoBy32To32Mux:logical_select_mux|mux2:\gen_mux:6:U|y~0                       ; 1       ;
; thirtyTwoBitALU:inst19|thirtyTwoBitCLA:arithmetic_unit|sum[7]                                        ; 1       ;
; thirtyTwoBitALU:inst19|thirtyTwoBitCLA:arithmetic_unit|B_xor_sub[1]~0                                ; 1       ;
; thirtyTwoBitALU:inst19|twoBy32To32Mux:logical_select_mux|mux2:\gen_mux:7:U|y~0                       ; 1       ;
; mux2to1_8bit:inst24|o_data[0]~22                                                                     ; 1       ;
; mux2to1_8bit:inst24|o_data[0]~21                                                                     ; 1       ;
; mux2to1_8bit:inst24|o_data[1]~18                                                                     ; 1       ;
; mux2to1_8bit:inst24|o_data[2]~16                                                                     ; 1       ;
; mux2to1_8bit:inst24|o_data[3]~14                                                                     ; 1       ;
; mux2to1_8bit:inst24|o_data[4]~12                                                                     ; 1       ;
; mux2to1_8bit:inst24|o_data[5]~10                                                                     ; 1       ;
; mux2to1_8bit:inst24|o_data[6]~8                                                                      ; 1       ;
; mux2to1_8bit:inst24|o_data[7]~6                                                                      ; 1       ;
; mux2to1_8bit:inst24|o_data[0]~2                                                                      ; 1       ;
; mux2to1_8bit:inst24|o_data[0]~1                                                                      ; 1       ;
; mux2to1_8bit:inst24|o_data[0]~0                                                                      ; 1       ;
; forwarding_unit:inst4|MUX2[1]~2                                                                      ; 1       ;
; forwarding_unit:inst4|MUX2[1]~1                                                                      ; 1       ;
; forwarding_unit:inst4|MUX2[1]~0                                                                      ; 1       ;
; IDEX:inst26|o_a[0]                                                                                   ; 1       ;
; mux4to1_8bit:inst13|o_data[0]~14                                                                     ; 1       ;
; MEMWB:inst32|o_aluresult[0]                                                                          ; 1       ;
; MEMWB:inst32|o_memout[0]                                                                             ; 1       ;
; IDEX:inst26|o_a[1]                                                                                   ; 1       ;
; mux4to1_8bit:inst13|o_data[1]~12                                                                     ; 1       ;
; MEMWB:inst32|o_aluresult[1]                                                                          ; 1       ;
; MEMWB:inst32|o_memout[1]                                                                             ; 1       ;
; IDEX:inst26|o_a[2]                                                                                   ; 1       ;
; mux4to1_8bit:inst13|o_data[2]~10                                                                     ; 1       ;
; MEMWB:inst32|o_aluresult[2]                                                                          ; 1       ;
; MEMWB:inst32|o_memout[2]                                                                             ; 1       ;
; IDEX:inst26|o_a[3]                                                                                   ; 1       ;
; mux4to1_8bit:inst13|o_data[3]~8                                                                      ; 1       ;
; MEMWB:inst32|o_aluresult[3]                                                                          ; 1       ;
; MEMWB:inst32|o_memout[3]                                                                             ; 1       ;
; IDEX:inst26|o_a[4]                                                                                   ; 1       ;
; mux4to1_8bit:inst13|o_data[4]~6                                                                      ; 1       ;
; MEMWB:inst32|o_aluresult[4]                                                                          ; 1       ;
; MEMWB:inst32|o_memout[4]                                                                             ; 1       ;
; IDEX:inst26|o_a[5]                                                                                   ; 1       ;
; mux4to1_8bit:inst13|o_data[5]~4                                                                      ; 1       ;
; MEMWB:inst32|o_aluresult[5]                                                                          ; 1       ;
; MEMWB:inst32|o_memout[5]                                                                             ; 1       ;
; IDEX:inst26|o_a[6]                                                                                   ; 1       ;
; mux4to1_8bit:inst13|o_data[6]~2                                                                      ; 1       ;
; MEMWB:inst32|o_aluresult[6]                                                                          ; 1       ;
; MEMWB:inst32|o_memout[6]                                                                             ; 1       ;
; IDEX:inst26|o_a[7]                                                                                   ; 1       ;
; mux4to1_8bit:inst13|o_data[7]~0                                                                      ; 1       ;
; MEMWB:inst32|o_aluresult[7]                                                                          ; 1       ;
; MEMWB:inst32|o_memout[7]                                                                             ; 1       ;
; mux4to1_8bit:inst13|Equal1~2                                                                         ; 1       ;
; mux4to1_8bit:inst13|Equal1~1                                                                         ; 1       ;
; mux4to1_8bit:inst13|Equal1~0                                                                         ; 1       ;
; IDEX:inst26|o_ALUOp[0]                                                                               ; 1       ;
; eightBitRegisterInc:inst36|enARdFF_2:\GEN_BITS:2:BIT_FF|int_q~0                                      ; 1       ;
; eightBitRegisterInc:inst36|enARdFF_2:\GEN_BITS:3:BIT_FF|int_q~0                                      ; 1       ;
; eightBitRegisterInc:inst36|enARdFF_2:\GEN_BITS:4:BIT_FF|int_q~0                                      ; 1       ;
; eightBitRegisterInc:inst36|enARdFF_2:\GEN_BITS:5:BIT_FF|int_q~0                                      ; 1       ;
; eightBitRegisterInc:inst36|enARdFF_2:\GEN_BITS:6:BIT_FF|int_q~0                                      ; 1       ;
; eightBitRegisterInc:inst36|enARdFF_2:\GEN_BITS:7:BIT_FF|int_q~0                                      ; 1       ;
+------------------------------------------------------------------------------------------------------+---------+


+---------------------------------------------------------------------------------------------------------------------------------------------------------------------------------------------------------------------------------------------------------------------------------------------------------------------------------------------------------------------------------------------------------------------------------------------------------------------------------------------------------------------------------------------------------------------------------+
; Fitter RAM Summary                                                                                                                                                                                                                                                                                                                                                                                                                                                                                                                                                              ;
+---------------------------------------------------------------------------------------------+------+-------------+--------------+--------------+--------------+--------------+--------------+------------------------+-------------------------+------------------------+-------------------------+------+-----------------------------+-----------------------------+-----------------------------+-----------------------------+---------------------+------+---------------------+----------------+----------------------+-----------------+-----------------+---------------+
; Name                                                                                        ; Type ; Mode        ; Clock Mode   ; Port A Depth ; Port A Width ; Port B Depth ; Port B Width ; Port A Input Registers ; Port A Output Registers ; Port B Input Registers ; Port B Output Registers ; Size ; Implementation Port A Depth ; Implementation Port A Width ; Implementation Port B Depth ; Implementation Port B Width ; Implementation Bits ; M9Ks ; MIF                 ; Location       ; Mixed Width RDW Mode ; Port A RDW Mode ; Port B RDW Mode ; Fits in MLABs ;
+---------------------------------------------------------------------------------------------+------+-------------+--------------+--------------+--------------+--------------+--------------+------------------------+-------------------------+------------------------+-------------------------+------+-----------------------------+-----------------------------+-----------------------------+-----------------------------+---------------------+------+---------------------+----------------+----------------------+-----------------+-----------------+---------------+
; lpm_ram_dq:inst9|altram:sram|altsyncram:ram_block|altsyncram_38a1:auto_generated|ALTSYNCRAM ; AUTO ; Single Port ; Single Clock ; 256          ; 8            ; --           ; --           ; yes                    ; yes                     ; --                     ; --                      ; 2048 ; 256                         ; 8                           ; --                          ; --                          ; 2048                ; 1    ; data_memory.mif     ; M9K_X78_Y24_N0 ; Don't care           ; Old data        ; Old data        ; No - Unknown  ;
; lpm_rom:inst|altrom:srom|altsyncram:rom_block|altsyncram_t811:auto_generated|ALTSYNCRAM     ; AUTO ; ROM         ; Single Clock ; 256          ; 32           ; --           ; --           ; yes                    ; no                      ; --                     ; --                      ; 8192 ; 256                         ; 32                          ; --                          ; --                          ; 8192                ; 1    ; instruction_mem.mif ; M9K_X78_Y26_N0 ; Don't care           ; Old data        ; Old data        ; No - Unknown  ;
+---------------------------------------------------------------------------------------------+------+-------------+--------------+--------------+--------------+--------------+--------------+------------------------+-------------------------+------------------------+-------------------------+------+-----------------------------+-----------------------------+-----------------------------+-----------------------------+---------------------+------+---------------------+----------------+----------------------+-----------------+-----------------+---------------+
Note: Fitter may spread logical memories into multiple blocks to improve timing. The actual required RAM blocks can be found in the Fitter Resource Usage section.


RAM content values are presented in the following format: (Binary) (Octal) (Decimal) (Hexadecimal) 
+------------------------------------------------------------------------------------------------------------------------------------------------------------------------------------------------------------------------------------------------------------------+
; |Lab3|lpm_rom:inst|altrom:srom|altsyncram:rom_block|altsyncram_t811:auto_generated|ALTSYNCRAM                                                                                                                                                                    ;
+------------------------------------------------------------------------------------------------------------------------------------------------------------------------------------------------------------------------------------------------------------------+
;   Addr   ;              +0              ;              +1              ;              +2              ;              +3              ;              +4              ;              +5              ;              +6              ;              +7              ;
+----------+------------------------------+------------------------------+------------------------------+------------------------------+------------------------------+------------------------------+------------------------------+------------------------------+
;0;(10001100000000100000000000000000) (65050944) (-1946025984) (-7-3-15-140000)    ;(00000000000000000000000000000000) (0) (0) (00)   ;(00000000000000000000000000000000) (0) (0) (00)   ;(00000000000000000000000000000000) (0) (0) (00)   ;(10001100000000110000000000000001) (65273167) (-1945960447) (-7-3-15-12-15-15-15-15)   ;(00000000000000000000000000000000) (0) (0) (00)   ;(00000000000000000000000000000000) (0) (0) (00)   ;(00000000000000000000000000000000) (0) (0) (00)   ;
;8;(00000000011000100000100000100010) (30404042) (6424610) (620822)    ;(00000000000000000000000000000000) (0) (0) (00)   ;(00000000000000000000000000000000) (0) (0) (00)   ;(00000000000000000000000000000000) (0) (0) (00)   ;(00000000001000110010000000100101) (10620045) (2301989) (232025)   ;(00000000000000000000000000000000) (0) (0) (00)   ;(00000000000000000000000000000000) (0) (0) (00)   ;(00000000000000000000000000000000) (0) (0) (00)   ;
;16;(10101100000001000000000000000011) (-229294127) (-1409023997) (-5-3-15-11-15-15-15-13)    ;(00000000000000000000000000000000) (0) (0) (00)   ;(00000000000000000000000000000000) (0) (0) (00)   ;(00000000000000000000000000000000) (0) (0) (00)   ;(00000000010000110000100000100000) (20604040) (4392992) (430820)   ;(00000000000000000000000000000000) (0) (0) (00)   ;(00000000000000000000000000000000) (0) (0) (00)   ;(00000000000000000000000000000000) (0) (0) (00)   ;
;24;(10101100000000010000000000000100) (-230094126) (-1409220604) (-5-3-15-14-15-15-15-12)    ;(00000000000000000000000000000000) (0) (0) (00)   ;(00000000000000000000000000000000) (0) (0) (00)   ;(00000000000000000000000000000000) (0) (0) (00)   ;(10001100000000100000000000000011) (65073169) (-1946025981) (-7-3-15-13-15-15-15-13)   ;(00000000000000000000000000000000) (0) (0) (00)   ;(00000000000000000000000000000000) (0) (0) (00)   ;(00000000000000000000000000000000) (0) (0) (00)   ;
;32;(10001100000000110000000000000100) (65273170) (-1945960444) (-7-3-15-12-15-15-15-12)    ;(00000000000000000000000000000000) (0) (0) (00)   ;(00000000000000000000000000000000) (0) (0) (00)   ;(00000000000000000000000000000000) (0) (0) (00)   ;(00001000000000000000000000001011) (1000000013) (134217739) (800000B)   ;(00000000000000000000000000000000) (0) (0) (00)   ;(00000000000000000000000000000000) (0) (0) (00)   ;(00000000000000000000000000000000) (0) (0) (00)   ;
;40;(00010000001000011111111111110101) (2010377765) (270663669) (1021FFF5)    ;(00000000000000000000000000000000) (0) (0) (00)   ;(00000000000000000000000000000000) (0) (0) (00)   ;(00000000000000000000000000000000) (0) (0) (00)   ;(00010000001000101111111111111110) (2010577776) (270729214) (1022FFFE)   ;(00000000000000000000000000000000) (0) (0) (00)   ;(00000000000000000000000000000000) (0) (0) (00)   ;(00000000000000000000000000000000) (0) (0) (00)   ;
;48;(00000000000000000000000000000000) (0) (0) (00)    ;(00000000000000000000000000000000) (0) (0) (00)   ;(00000000000000000000000000000000) (0) (0) (00)   ;(00000000000000000000000000000000) (0) (0) (00)   ;(00000000000000000000000000000000) (0) (0) (00)   ;(00000000000000000000000000000000) (0) (0) (00)   ;(00000000000000000000000000000000) (0) (0) (00)   ;(00000000000000000000000000000000) (0) (0) (00)   ;
;56;(00000000000000000000000000000000) (0) (0) (00)    ;(00000000000000000000000000000000) (0) (0) (00)   ;(00000000000000000000000000000000) (0) (0) (00)   ;(00000000000000000000000000000000) (0) (0) (00)   ;(00000000000000000000000000000000) (0) (0) (00)   ;(00000000000000000000000000000000) (0) (0) (00)   ;(00000000000000000000000000000000) (0) (0) (00)   ;(00000000000000000000000000000000) (0) (0) (00)   ;
;64;(00000000000000000000000000000000) (0) (0) (00)    ;(00000000000000000000000000000000) (0) (0) (00)   ;(00000000000000000000000000000000) (0) (0) (00)   ;(00000000000000000000000000000000) (0) (0) (00)   ;(00000000000000000000000000000000) (0) (0) (00)   ;(00000000000000000000000000000000) (0) (0) (00)   ;(00000000000000000000000000000000) (0) (0) (00)   ;(00000000000000000000000000000000) (0) (0) (00)   ;
;72;(00000000000000000000000000000000) (0) (0) (00)    ;(00000000000000000000000000000000) (0) (0) (00)   ;(00000000000000000000000000000000) (0) (0) (00)   ;(00000000000000000000000000000000) (0) (0) (00)   ;(00000000000000000000000000000000) (0) (0) (00)   ;(00000000000000000000000000000000) (0) (0) (00)   ;(00000000000000000000000000000000) (0) (0) (00)   ;(00000000000000000000000000000000) (0) (0) (00)   ;
;80;(00000000000000000000000000000000) (0) (0) (00)    ;(00000000000000000000000000000000) (0) (0) (00)   ;(00000000000000000000000000000000) (0) (0) (00)   ;(00000000000000000000000000000000) (0) (0) (00)   ;(00000000000000000000000000000000) (0) (0) (00)   ;(00000000000000000000000000000000) (0) (0) (00)   ;(00000000000000000000000000000000) (0) (0) (00)   ;(00000000000000000000000000000000) (0) (0) (00)   ;
;88;(00000000000000000000000000000000) (0) (0) (00)    ;(00000000000000000000000000000000) (0) (0) (00)   ;(00000000000000000000000000000000) (0) (0) (00)   ;(00000000000000000000000000000000) (0) (0) (00)   ;(00000000000000000000000000000000) (0) (0) (00)   ;(00000000000000000000000000000000) (0) (0) (00)   ;(00000000000000000000000000000000) (0) (0) (00)   ;(00000000000000000000000000000000) (0) (0) (00)   ;
;96;(00000000000000000000000000000000) (0) (0) (00)    ;(00000000000000000000000000000000) (0) (0) (00)   ;(00000000000000000000000000000000) (0) (0) (00)   ;(00000000000000000000000000000000) (0) (0) (00)   ;(00000000000000000000000000000000) (0) (0) (00)   ;(00000000000000000000000000000000) (0) (0) (00)   ;(00000000000000000000000000000000) (0) (0) (00)   ;(00000000000000000000000000000000) (0) (0) (00)   ;
;104;(00000000000000000000000000000000) (0) (0) (00)    ;(00000000000000000000000000000000) (0) (0) (00)   ;(00000000000000000000000000000000) (0) (0) (00)   ;(00000000000000000000000000000000) (0) (0) (00)   ;(00000000000000000000000000000000) (0) (0) (00)   ;(00000000000000000000000000000000) (0) (0) (00)   ;(00000000000000000000000000000000) (0) (0) (00)   ;(00000000000000000000000000000000) (0) (0) (00)   ;
;112;(00000000000000000000000000000000) (0) (0) (00)    ;(00000000000000000000000000000000) (0) (0) (00)   ;(00000000000000000000000000000000) (0) (0) (00)   ;(00000000000000000000000000000000) (0) (0) (00)   ;(00000000000000000000000000000000) (0) (0) (00)   ;(00000000000000000000000000000000) (0) (0) (00)   ;(00000000000000000000000000000000) (0) (0) (00)   ;(00000000000000000000000000000000) (0) (0) (00)   ;
;120;(00000000000000000000000000000000) (0) (0) (00)    ;(00000000000000000000000000000000) (0) (0) (00)   ;(00000000000000000000000000000000) (0) (0) (00)   ;(00000000000000000000000000000000) (0) (0) (00)   ;(00000000000000000000000000000000) (0) (0) (00)   ;(00000000000000000000000000000000) (0) (0) (00)   ;(00000000000000000000000000000000) (0) (0) (00)   ;(00000000000000000000000000000000) (0) (0) (00)   ;
;128;(00000000000000000000000000000000) (0) (0) (00)    ;(00000000000000000000000000000000) (0) (0) (00)   ;(00000000000000000000000000000000) (0) (0) (00)   ;(00000000000000000000000000000000) (0) (0) (00)   ;(00000000000000000000000000000000) (0) (0) (00)   ;(00000000000000000000000000000000) (0) (0) (00)   ;(00000000000000000000000000000000) (0) (0) (00)   ;(00000000000000000000000000000000) (0) (0) (00)   ;
;136;(00000000000000000000000000000000) (0) (0) (00)    ;(00000000000000000000000000000000) (0) (0) (00)   ;(00000000000000000000000000000000) (0) (0) (00)   ;(00000000000000000000000000000000) (0) (0) (00)   ;(00000000000000000000000000000000) (0) (0) (00)   ;(00000000000000000000000000000000) (0) (0) (00)   ;(00000000000000000000000000000000) (0) (0) (00)   ;(00000000000000000000000000000000) (0) (0) (00)   ;
;144;(00000000000000000000000000000000) (0) (0) (00)    ;(00000000000000000000000000000000) (0) (0) (00)   ;(00000000000000000000000000000000) (0) (0) (00)   ;(00000000000000000000000000000000) (0) (0) (00)   ;(00000000000000000000000000000000) (0) (0) (00)   ;(00000000000000000000000000000000) (0) (0) (00)   ;(00000000000000000000000000000000) (0) (0) (00)   ;(00000000000000000000000000000000) (0) (0) (00)   ;
;152;(00000000000000000000000000000000) (0) (0) (00)    ;(00000000000000000000000000000000) (0) (0) (00)   ;(00000000000000000000000000000000) (0) (0) (00)   ;(00000000000000000000000000000000) (0) (0) (00)   ;(00000000000000000000000000000000) (0) (0) (00)   ;(00000000000000000000000000000000) (0) (0) (00)   ;(00000000000000000000000000000000) (0) (0) (00)   ;(00000000000000000000000000000000) (0) (0) (00)   ;
;160;(00000000000000000000000000000000) (0) (0) (00)    ;(00000000000000000000000000000000) (0) (0) (00)   ;(00000000000000000000000000000000) (0) (0) (00)   ;(00000000000000000000000000000000) (0) (0) (00)   ;(00000000000000000000000000000000) (0) (0) (00)   ;(00000000000000000000000000000000) (0) (0) (00)   ;(00000000000000000000000000000000) (0) (0) (00)   ;(00000000000000000000000000000000) (0) (0) (00)   ;
;168;(00000000000000000000000000000000) (0) (0) (00)    ;(00000000000000000000000000000000) (0) (0) (00)   ;(00000000000000000000000000000000) (0) (0) (00)   ;(00000000000000000000000000000000) (0) (0) (00)   ;(00000000000000000000000000000000) (0) (0) (00)   ;(00000000000000000000000000000000) (0) (0) (00)   ;(00000000000000000000000000000000) (0) (0) (00)   ;(00000000000000000000000000000000) (0) (0) (00)   ;
;176;(00000000000000000000000000000000) (0) (0) (00)    ;(00000000000000000000000000000000) (0) (0) (00)   ;(00000000000000000000000000000000) (0) (0) (00)   ;(00000000000000000000000000000000) (0) (0) (00)   ;(00000000000000000000000000000000) (0) (0) (00)   ;(00000000000000000000000000000000) (0) (0) (00)   ;(00000000000000000000000000000000) (0) (0) (00)   ;(00000000000000000000000000000000) (0) (0) (00)   ;
;184;(00000000000000000000000000000000) (0) (0) (00)    ;(00000000000000000000000000000000) (0) (0) (00)   ;(00000000000000000000000000000000) (0) (0) (00)   ;(00000000000000000000000000000000) (0) (0) (00)   ;(00000000000000000000000000000000) (0) (0) (00)   ;(00000000000000000000000000000000) (0) (0) (00)   ;(00000000000000000000000000000000) (0) (0) (00)   ;(00000000000000000000000000000000) (0) (0) (00)   ;
;192;(00000000000000000000000000000000) (0) (0) (00)    ;(00000000000000000000000000000000) (0) (0) (00)   ;(00000000000000000000000000000000) (0) (0) (00)   ;(00000000000000000000000000000000) (0) (0) (00)   ;(00000000000000000000000000000000) (0) (0) (00)   ;(00000000000000000000000000000000) (0) (0) (00)   ;(00000000000000000000000000000000) (0) (0) (00)   ;(00000000000000000000000000000000) (0) (0) (00)   ;
;200;(00000000000000000000000000000000) (0) (0) (00)    ;(00000000000000000000000000000000) (0) (0) (00)   ;(00000000000000000000000000000000) (0) (0) (00)   ;(00000000000000000000000000000000) (0) (0) (00)   ;(00000000000000000000000000000000) (0) (0) (00)   ;(00000000000000000000000000000000) (0) (0) (00)   ;(00000000000000000000000000000000) (0) (0) (00)   ;(00000000000000000000000000000000) (0) (0) (00)   ;
;208;(00000000000000000000000000000000) (0) (0) (00)    ;(00000000000000000000000000000000) (0) (0) (00)   ;(00000000000000000000000000000000) (0) (0) (00)   ;(00000000000000000000000000000000) (0) (0) (00)   ;(00000000000000000000000000000000) (0) (0) (00)   ;(00000000000000000000000000000000) (0) (0) (00)   ;(00000000000000000000000000000000) (0) (0) (00)   ;(00000000000000000000000000000000) (0) (0) (00)   ;
;216;(00000000000000000000000000000000) (0) (0) (00)    ;(00000000000000000000000000000000) (0) (0) (00)   ;(00000000000000000000000000000000) (0) (0) (00)   ;(00000000000000000000000000000000) (0) (0) (00)   ;(00000000000000000000000000000000) (0) (0) (00)   ;(00000000000000000000000000000000) (0) (0) (00)   ;(00000000000000000000000000000000) (0) (0) (00)   ;(00000000000000000000000000000000) (0) (0) (00)   ;
;224;(00000000000000000000000000000000) (0) (0) (00)    ;(00000000000000000000000000000000) (0) (0) (00)   ;(00000000000000000000000000000000) (0) (0) (00)   ;(00000000000000000000000000000000) (0) (0) (00)   ;(00000000000000000000000000000000) (0) (0) (00)   ;(00000000000000000000000000000000) (0) (0) (00)   ;(00000000000000000000000000000000) (0) (0) (00)   ;(00000000000000000000000000000000) (0) (0) (00)   ;
;232;(00000000000000000000000000000000) (0) (0) (00)    ;(00000000000000000000000000000000) (0) (0) (00)   ;(00000000000000000000000000000000) (0) (0) (00)   ;(00000000000000000000000000000000) (0) (0) (00)   ;(00000000000000000000000000000000) (0) (0) (00)   ;(00000000000000000000000000000000) (0) (0) (00)   ;(00000000000000000000000000000000) (0) (0) (00)   ;(00000000000000000000000000000000) (0) (0) (00)   ;
;240;(00000000000000000000000000000000) (0) (0) (00)    ;(00000000000000000000000000000000) (0) (0) (00)   ;(00000000000000000000000000000000) (0) (0) (00)   ;(00000000000000000000000000000000) (0) (0) (00)   ;(00000000000000000000000000000000) (0) (0) (00)   ;(00000000000000000000000000000000) (0) (0) (00)   ;(00000000000000000000000000000000) (0) (0) (00)   ;(00000000000000000000000000000000) (0) (0) (00)   ;
;248;(00000000000000000000000000000000) (0) (0) (00)    ;(00000000000000000000000000000000) (0) (0) (00)   ;(00000000000000000000000000000000) (0) (0) (00)   ;(00000000000000000000000000000000) (0) (0) (00)   ;(00000000000000000000000000000000) (0) (0) (00)   ;(00000000000000000000000000000000) (0) (0) (00)   ;(00000000000000000000000000000000) (0) (0) (00)   ;(00000000000000000000000000000000) (0) (0) (00)   ;


RAM content values are presented in the following format: (Binary) (Octal) (Decimal) (Hexadecimal) 
+------------------------------------------------------------------------------------------------------------------------------------------------------------------------------------------------------------------------------------------------------------------+
; |Lab3|lpm_ram_dq:inst9|altram:sram|altsyncram:ram_block|altsyncram_38a1:auto_generated|ALTSYNCRAM                                                                                                                                                                ;
+------------------------------------------------------------------------------------------------------------------------------------------------------------------------------------------------------------------------------------------------------------------+
;   Addr   ;              +0              ;              +1              ;              +2              ;              +3              ;              +4              ;              +5              ;              +6              ;              +7              ;
+----------+------------------------------+------------------------------+------------------------------+------------------------------+------------------------------+------------------------------+------------------------------+------------------------------+
;0;(01010101) (125) (85) (55)    ;(10101010) (252) (170) (AA)   ;(00000000) (0) (0) (00)   ;(00000000) (0) (0) (00)   ;(00000000) (0) (0) (00)   ;(00000000) (0) (0) (00)   ;(00000000) (0) (0) (00)   ;(00000000) (0) (0) (00)   ;
;8;(00000000) (0) (0) (00)    ;(00000000) (0) (0) (00)   ;(00000000) (0) (0) (00)   ;(00000000) (0) (0) (00)   ;(00000000) (0) (0) (00)   ;(00000000) (0) (0) (00)   ;(00000000) (0) (0) (00)   ;(00000000) (0) (0) (00)   ;
;16;(00000000) (0) (0) (00)    ;(00000000) (0) (0) (00)   ;(00000000) (0) (0) (00)   ;(00000000) (0) (0) (00)   ;(00000000) (0) (0) (00)   ;(00000000) (0) (0) (00)   ;(00000000) (0) (0) (00)   ;(00000000) (0) (0) (00)   ;
;24;(00000000) (0) (0) (00)    ;(00000000) (0) (0) (00)   ;(00000000) (0) (0) (00)   ;(00000000) (0) (0) (00)   ;(00000000) (0) (0) (00)   ;(00000000) (0) (0) (00)   ;(00000000) (0) (0) (00)   ;(00000000) (0) (0) (00)   ;
;32;(00000000) (0) (0) (00)    ;(00000000) (0) (0) (00)   ;(00000000) (0) (0) (00)   ;(00000000) (0) (0) (00)   ;(00000000) (0) (0) (00)   ;(00000000) (0) (0) (00)   ;(00000000) (0) (0) (00)   ;(00000000) (0) (0) (00)   ;
;40;(00000000) (0) (0) (00)    ;(00000000) (0) (0) (00)   ;(00000000) (0) (0) (00)   ;(00000000) (0) (0) (00)   ;(00000000) (0) (0) (00)   ;(00000000) (0) (0) (00)   ;(00000000) (0) (0) (00)   ;(00000000) (0) (0) (00)   ;
;48;(00000000) (0) (0) (00)    ;(00000000) (0) (0) (00)   ;(00000000) (0) (0) (00)   ;(00000000) (0) (0) (00)   ;(00000000) (0) (0) (00)   ;(00000000) (0) (0) (00)   ;(00000000) (0) (0) (00)   ;(00000000) (0) (0) (00)   ;
;56;(00000000) (0) (0) (00)    ;(00000000) (0) (0) (00)   ;(00000000) (0) (0) (00)   ;(00000000) (0) (0) (00)   ;(00000000) (0) (0) (00)   ;(00000000) (0) (0) (00)   ;(00000000) (0) (0) (00)   ;(00000000) (0) (0) (00)   ;
;64;(00000000) (0) (0) (00)    ;(00000000) (0) (0) (00)   ;(00000000) (0) (0) (00)   ;(00000000) (0) (0) (00)   ;(00000000) (0) (0) (00)   ;(00000000) (0) (0) (00)   ;(00000000) (0) (0) (00)   ;(00000000) (0) (0) (00)   ;
;72;(00000000) (0) (0) (00)    ;(00000000) (0) (0) (00)   ;(00000000) (0) (0) (00)   ;(00000000) (0) (0) (00)   ;(00000000) (0) (0) (00)   ;(00000000) (0) (0) (00)   ;(00000000) (0) (0) (00)   ;(00000000) (0) (0) (00)   ;
;80;(00000000) (0) (0) (00)    ;(00000000) (0) (0) (00)   ;(00000000) (0) (0) (00)   ;(00000000) (0) (0) (00)   ;(00000000) (0) (0) (00)   ;(00000000) (0) (0) (00)   ;(00000000) (0) (0) (00)   ;(00000000) (0) (0) (00)   ;
;88;(00000000) (0) (0) (00)    ;(00000000) (0) (0) (00)   ;(00000000) (0) (0) (00)   ;(00000000) (0) (0) (00)   ;(00000000) (0) (0) (00)   ;(00000000) (0) (0) (00)   ;(00000000) (0) (0) (00)   ;(00000000) (0) (0) (00)   ;
;96;(00000000) (0) (0) (00)    ;(00000000) (0) (0) (00)   ;(00000000) (0) (0) (00)   ;(00000000) (0) (0) (00)   ;(00000000) (0) (0) (00)   ;(00000000) (0) (0) (00)   ;(00000000) (0) (0) (00)   ;(00000000) (0) (0) (00)   ;
;104;(00000000) (0) (0) (00)    ;(00000000) (0) (0) (00)   ;(00000000) (0) (0) (00)   ;(00000000) (0) (0) (00)   ;(00000000) (0) (0) (00)   ;(00000000) (0) (0) (00)   ;(00000000) (0) (0) (00)   ;(00000000) (0) (0) (00)   ;
;112;(00000000) (0) (0) (00)    ;(00000000) (0) (0) (00)   ;(00000000) (0) (0) (00)   ;(00000000) (0) (0) (00)   ;(00000000) (0) (0) (00)   ;(00000000) (0) (0) (00)   ;(00000000) (0) (0) (00)   ;(00000000) (0) (0) (00)   ;
;120;(00000000) (0) (0) (00)    ;(00000000) (0) (0) (00)   ;(00000000) (0) (0) (00)   ;(00000000) (0) (0) (00)   ;(00000000) (0) (0) (00)   ;(00000000) (0) (0) (00)   ;(00000000) (0) (0) (00)   ;(00000000) (0) (0) (00)   ;
;128;(00000000) (0) (0) (00)    ;(00000000) (0) (0) (00)   ;(00000000) (0) (0) (00)   ;(00000000) (0) (0) (00)   ;(00000000) (0) (0) (00)   ;(00000000) (0) (0) (00)   ;(00000000) (0) (0) (00)   ;(00000000) (0) (0) (00)   ;
;136;(00000000) (0) (0) (00)    ;(00000000) (0) (0) (00)   ;(00000000) (0) (0) (00)   ;(00000000) (0) (0) (00)   ;(00000000) (0) (0) (00)   ;(00000000) (0) (0) (00)   ;(00000000) (0) (0) (00)   ;(00000000) (0) (0) (00)   ;
;144;(00000000) (0) (0) (00)    ;(00000000) (0) (0) (00)   ;(00000000) (0) (0) (00)   ;(00000000) (0) (0) (00)   ;(00000000) (0) (0) (00)   ;(00000000) (0) (0) (00)   ;(00000000) (0) (0) (00)   ;(00000000) (0) (0) (00)   ;
;152;(00000000) (0) (0) (00)    ;(00000000) (0) (0) (00)   ;(00000000) (0) (0) (00)   ;(00000000) (0) (0) (00)   ;(00000000) (0) (0) (00)   ;(00000000) (0) (0) (00)   ;(00000000) (0) (0) (00)   ;(00000000) (0) (0) (00)   ;
;160;(00000000) (0) (0) (00)    ;(00000000) (0) (0) (00)   ;(00000000) (0) (0) (00)   ;(00000000) (0) (0) (00)   ;(00000000) (0) (0) (00)   ;(00000000) (0) (0) (00)   ;(00000000) (0) (0) (00)   ;(00000000) (0) (0) (00)   ;
;168;(00000000) (0) (0) (00)    ;(00000000) (0) (0) (00)   ;(00000000) (0) (0) (00)   ;(00000000) (0) (0) (00)   ;(00000000) (0) (0) (00)   ;(00000000) (0) (0) (00)   ;(00000000) (0) (0) (00)   ;(00000000) (0) (0) (00)   ;
;176;(00000000) (0) (0) (00)    ;(00000000) (0) (0) (00)   ;(00000000) (0) (0) (00)   ;(00000000) (0) (0) (00)   ;(00000000) (0) (0) (00)   ;(00000000) (0) (0) (00)   ;(00000000) (0) (0) (00)   ;(00000000) (0) (0) (00)   ;
;184;(00000000) (0) (0) (00)    ;(00000000) (0) (0) (00)   ;(00000000) (0) (0) (00)   ;(00000000) (0) (0) (00)   ;(00000000) (0) (0) (00)   ;(00000000) (0) (0) (00)   ;(00000000) (0) (0) (00)   ;(00000000) (0) (0) (00)   ;
;192;(00000000) (0) (0) (00)    ;(00000000) (0) (0) (00)   ;(00000000) (0) (0) (00)   ;(00000000) (0) (0) (00)   ;(00000000) (0) (0) (00)   ;(00000000) (0) (0) (00)   ;(00000000) (0) (0) (00)   ;(00000000) (0) (0) (00)   ;
;200;(00000000) (0) (0) (00)    ;(00000000) (0) (0) (00)   ;(00000000) (0) (0) (00)   ;(00000000) (0) (0) (00)   ;(00000000) (0) (0) (00)   ;(00000000) (0) (0) (00)   ;(00000000) (0) (0) (00)   ;(00000000) (0) (0) (00)   ;
;208;(00000000) (0) (0) (00)    ;(00000000) (0) (0) (00)   ;(00000000) (0) (0) (00)   ;(00000000) (0) (0) (00)   ;(00000000) (0) (0) (00)   ;(00000000) (0) (0) (00)   ;(00000000) (0) (0) (00)   ;(00000000) (0) (0) (00)   ;
;216;(00000000) (0) (0) (00)    ;(00000000) (0) (0) (00)   ;(00000000) (0) (0) (00)   ;(00000000) (0) (0) (00)   ;(00000000) (0) (0) (00)   ;(00000000) (0) (0) (00)   ;(00000000) (0) (0) (00)   ;(00000000) (0) (0) (00)   ;
;224;(00000000) (0) (0) (00)    ;(00000000) (0) (0) (00)   ;(00000000) (0) (0) (00)   ;(00000000) (0) (0) (00)   ;(00000000) (0) (0) (00)   ;(00000000) (0) (0) (00)   ;(00000000) (0) (0) (00)   ;(00000000) (0) (0) (00)   ;
;232;(00000000) (0) (0) (00)    ;(00000000) (0) (0) (00)   ;(00000000) (0) (0) (00)   ;(00000000) (0) (0) (00)   ;(00000000) (0) (0) (00)   ;(00000000) (0) (0) (00)   ;(00000000) (0) (0) (00)   ;(00000000) (0) (0) (00)   ;
;240;(00000000) (0) (0) (00)    ;(00000000) (0) (0) (00)   ;(00000000) (0) (0) (00)   ;(00000000) (0) (0) (00)   ;(00000000) (0) (0) (00)   ;(00000000) (0) (0) (00)   ;(00000000) (0) (0) (00)   ;(00000000) (0) (0) (00)   ;
;248;(00000000) (0) (0) (00)    ;(00000000) (0) (0) (00)   ;(00000000) (0) (0) (00)   ;(00000000) (0) (0) (00)   ;(00000000) (0) (0) (00)   ;(00000000) (0) (0) (00)   ;(00000000) (0) (0) (00)   ;(00000000) (0) (0) (00)   ;


+-------------------------------------------------+
; Routing Usage Summary                           ;
+-----------------------+-------------------------+
; Routing Resource Type ; Usage                   ;
+-----------------------+-------------------------+
; Block interconnects   ; 944 / 342,891 ( < 1 % ) ;
; C16 interconnects     ; 257 / 10,120 ( 3 % )    ;
; C4 interconnects      ; 861 / 209,544 ( < 1 % ) ;
; Direct links          ; 94 / 342,891 ( < 1 % )  ;
; Global clocks         ; 11 / 20 ( 55 % )        ;
; Local interconnects   ; 252 / 119,088 ( < 1 % ) ;
; R24 interconnects     ; 270 / 9,963 ( 3 % )     ;
; R4 interconnects      ; 944 / 289,782 ( < 1 % ) ;
+-----------------------+-------------------------+


+---------------------------------------------------------------------------+
; LAB Logic Elements                                                        ;
+--------------------------------------------+------------------------------+
; Number of Logic Elements  (Average = 8.43) ; Number of LABs  (Total = 53) ;
+--------------------------------------------+------------------------------+
; 1                                          ; 4                            ;
; 2                                          ; 12                           ;
; 3                                          ; 5                            ;
; 4                                          ; 1                            ;
; 5                                          ; 1                            ;
; 6                                          ; 3                            ;
; 7                                          ; 1                            ;
; 8                                          ; 1                            ;
; 9                                          ; 1                            ;
; 10                                         ; 1                            ;
; 11                                         ; 2                            ;
; 12                                         ; 1                            ;
; 13                                         ; 2                            ;
; 14                                         ; 2                            ;
; 15                                         ; 1                            ;
; 16                                         ; 15                           ;
+--------------------------------------------+------------------------------+


+-------------------------------------------------------------------+
; LAB-wide Signals                                                  ;
+------------------------------------+------------------------------+
; LAB-wide Signals  (Average = 0.94) ; Number of LABs  (Total = 53) ;
+------------------------------------+------------------------------+
; 1 Async. clear                     ; 2                            ;
; 1 Clock                            ; 43                           ;
; 1 Clock enable                     ; 3                            ;
; 1 Sync. load                       ; 2                            ;
+------------------------------------+------------------------------+


+-----------------------------------------------------------------------------+
; LAB Signals Sourced                                                         ;
+----------------------------------------------+------------------------------+
; Number of Signals Sourced  (Average = 12.26) ; Number of LABs  (Total = 53) ;
+----------------------------------------------+------------------------------+
; 0                                            ; 0                            ;
; 1                                            ; 1                            ;
; 2                                            ; 7                            ;
; 3                                            ; 0                            ;
; 4                                            ; 8                            ;
; 5                                            ; 5                            ;
; 6                                            ; 2                            ;
; 7                                            ; 2                            ;
; 8                                            ; 1                            ;
; 9                                            ; 0                            ;
; 10                                           ; 1                            ;
; 11                                           ; 0                            ;
; 12                                           ; 2                            ;
; 13                                           ; 2                            ;
; 14                                           ; 0                            ;
; 15                                           ; 0                            ;
; 16                                           ; 3                            ;
; 17                                           ; 2                            ;
; 18                                           ; 1                            ;
; 19                                           ; 3                            ;
; 20                                           ; 1                            ;
; 21                                           ; 1                            ;
; 22                                           ; 1                            ;
; 23                                           ; 4                            ;
; 24                                           ; 1                            ;
; 25                                           ; 1                            ;
; 26                                           ; 0                            ;
; 27                                           ; 0                            ;
; 28                                           ; 0                            ;
; 29                                           ; 1                            ;
; 30                                           ; 0                            ;
; 31                                           ; 2                            ;
; 32                                           ; 1                            ;
+----------------------------------------------+------------------------------+


+--------------------------------------------------------------------------------+
; LAB Signals Sourced Out                                                        ;
+-------------------------------------------------+------------------------------+
; Number of Signals Sourced Out  (Average = 6.58) ; Number of LABs  (Total = 53) ;
+-------------------------------------------------+------------------------------+
; 0                                               ; 0                            ;
; 1                                               ; 4                            ;
; 2                                               ; 12                           ;
; 3                                               ; 6                            ;
; 4                                               ; 5                            ;
; 5                                               ; 1                            ;
; 6                                               ; 3                            ;
; 7                                               ; 2                            ;
; 8                                               ; 2                            ;
; 9                                               ; 4                            ;
; 10                                              ; 2                            ;
; 11                                              ; 0                            ;
; 12                                              ; 2                            ;
; 13                                              ; 2                            ;
; 14                                              ; 1                            ;
; 15                                              ; 3                            ;
; 16                                              ; 3                            ;
; 17                                              ; 1                            ;
+-------------------------------------------------+------------------------------+


+-----------------------------------------------------------------------------+
; LAB Distinct Inputs                                                         ;
+----------------------------------------------+------------------------------+
; Number of Distinct Inputs  (Average = 10.70) ; Number of LABs  (Total = 53) ;
+----------------------------------------------+------------------------------+
; 0                                            ; 0                            ;
; 1                                            ; 0                            ;
; 2                                            ; 15                           ;
; 3                                            ; 3                            ;
; 4                                            ; 6                            ;
; 5                                            ; 1                            ;
; 6                                            ; 0                            ;
; 7                                            ; 0                            ;
; 8                                            ; 1                            ;
; 9                                            ; 2                            ;
; 10                                           ; 1                            ;
; 11                                           ; 1                            ;
; 12                                           ; 0                            ;
; 13                                           ; 1                            ;
; 14                                           ; 3                            ;
; 15                                           ; 2                            ;
; 16                                           ; 2                            ;
; 17                                           ; 1                            ;
; 18                                           ; 2                            ;
; 19                                           ; 1                            ;
; 20                                           ; 1                            ;
; 21                                           ; 2                            ;
; 22                                           ; 2                            ;
; 23                                           ; 1                            ;
; 24                                           ; 2                            ;
; 25                                           ; 0                            ;
; 26                                           ; 1                            ;
; 27                                           ; 1                            ;
; 28                                           ; 0                            ;
; 29                                           ; 0                            ;
; 30                                           ; 0                            ;
; 31                                           ; 0                            ;
; 32                                           ; 0                            ;
; 33                                           ; 1                            ;
+----------------------------------------------+------------------------------+


+------------------------------------------+
; I/O Rules Summary                        ;
+----------------------------------+-------+
; I/O Rules Statistic              ; Total ;
+----------------------------------+-------+
; Total I/O Rules                  ; 30    ;
; Number of I/O Rules Passed       ; 9     ;
; Number of I/O Rules Failed       ; 0     ;
; Number of I/O Rules Unchecked    ; 0     ;
; Number of I/O Rules Inapplicable ; 21    ;
+----------------------------------+-------+


+-----------------------------------------------------------------------------------------------------------------------------------------------------------------------------------------------------------------------------------------------------------------------------------------------------+
; I/O Rules Details                                                                                                                                                                                                                                                                                   ;
+--------------+-----------+-----------------------------------+------------------------------------------------------------------------------------------------------+----------+--------------------------------------------------------------------------+---------------------+-------------------+
; Status       ; ID        ; Category                          ; Rule Description                                                                                     ; Severity ; Information                                                              ; Area                ; Extra Information ;
+--------------+-----------+-----------------------------------+------------------------------------------------------------------------------------------------------+----------+--------------------------------------------------------------------------+---------------------+-------------------+
; Inapplicable ; IO_000001 ; Capacity Checks                   ; Number of pins in an I/O bank should not exceed the number of locations available.                   ; Critical ; No Location assignments found.                                           ; I/O                 ;                   ;
; Inapplicable ; IO_000002 ; Capacity Checks                   ; Number of clocks in an I/O bank should not exceed the number of clocks available.                    ; Critical ; No Global Signal assignments found.                                      ; I/O                 ;                   ;
; Inapplicable ; IO_000003 ; Capacity Checks                   ; Number of pins in a Vrefgroup should not exceed the number of locations available.                   ; Critical ; No Location assignments found.                                           ; I/O                 ;                   ;
; Inapplicable ; IO_000004 ; Voltage Compatibility Checks      ; The I/O bank should support the requested VCCIO.                                                     ; Critical ; No IOBANK_VCCIO assignments found.                                       ; I/O                 ;                   ;
; Inapplicable ; IO_000005 ; Voltage Compatibility Checks      ; The I/O bank should not have competing VREF values.                                                  ; Critical ; No VREF I/O Standard assignments found.                                  ; I/O                 ;                   ;
; Pass         ; IO_000006 ; Voltage Compatibility Checks      ; The I/O bank should not have competing VCCIO values.                                                 ; Critical ; 0 such failures found.                                                   ; I/O                 ;                   ;
; Inapplicable ; IO_000007 ; Valid Location Checks             ; Checks for unavailable locations.                                                                    ; Critical ; No Location assignments found.                                           ; I/O                 ;                   ;
; Inapplicable ; IO_000008 ; Valid Location Checks             ; Checks for reserved locations.                                                                       ; Critical ; No reserved LogicLock region found.                                      ; I/O                 ;                   ;
; Pass         ; IO_000009 ; I/O Properties Checks for One I/O ; The location should support the requested I/O standard.                                              ; Critical ; 0 such failures found.                                                   ; I/O                 ;                   ;
; Pass         ; IO_000010 ; I/O Properties Checks for One I/O ; The location should support the requested I/O direction.                                             ; Critical ; 0 such failures found.                                                   ; I/O                 ;                   ;
; Inapplicable ; IO_000011 ; I/O Properties Checks for One I/O ; The location should support the requested Current Strength.                                          ; Critical ; No Current Strength assignments found.                                   ; I/O                 ;                   ;
; Pass         ; IO_000012 ; I/O Properties Checks for One I/O ; The location should support the requested On Chip Termination value.                                 ; Critical ; 0 such failures found.                                                   ; I/O                 ;                   ;
; Inapplicable ; IO_000013 ; I/O Properties Checks for One I/O ; The location should support the requested Bus Hold value.                                            ; Critical ; No Enable Bus-Hold Circuitry assignments found.                          ; I/O                 ;                   ;
; Inapplicable ; IO_000014 ; I/O Properties Checks for One I/O ; The location should support the requested Weak Pull Up value.                                        ; Critical ; No Weak Pull-Up Resistor assignments found.                              ; I/O                 ;                   ;
; Pass         ; IO_000015 ; I/O Properties Checks for One I/O ; The location should support the requested PCI Clamp Diode.                                           ; Critical ; 0 such failures found.                                                   ; I/O                 ;                   ;
; Inapplicable ; IO_000018 ; I/O Properties Checks for One I/O ; The I/O standard should support the requested Current Strength.                                      ; Critical ; No Current Strength assignments found.                                   ; I/O                 ;                   ;
; Pass         ; IO_000019 ; I/O Properties Checks for One I/O ; The I/O standard should support the requested On Chip Termination value.                             ; Critical ; 0 such failures found.                                                   ; I/O                 ;                   ;
; Pass         ; IO_000020 ; I/O Properties Checks for One I/O ; The I/O standard should support the requested PCI Clamp Diode.                                       ; Critical ; 0 such failures found.                                                   ; I/O                 ;                   ;
; Inapplicable ; IO_000021 ; I/O Properties Checks for One I/O ; The I/O standard should support the requested Weak Pull Up value.                                    ; Critical ; No Weak Pull-Up Resistor assignments found.                              ; I/O                 ;                   ;
; Inapplicable ; IO_000022 ; I/O Properties Checks for One I/O ; The I/O standard should support the requested Bus Hold value.                                        ; Critical ; No Enable Bus-Hold Circuitry assignments found.                          ; I/O                 ;                   ;
; Inapplicable ; IO_000023 ; I/O Properties Checks for One I/O ; The I/O standard should support the Open Drain value.                                                ; Critical ; No open drain assignments found.                                         ; I/O                 ;                   ;
; Pass         ; IO_000024 ; I/O Properties Checks for One I/O ; The I/O direction should support the On Chip Termination value.                                      ; Critical ; 0 such failures found.                                                   ; I/O                 ;                   ;
; Inapplicable ; IO_000026 ; I/O Properties Checks for One I/O ; On Chip Termination and Current Strength should not be used at the same time.                        ; Critical ; No Current Strength assignments found.                                   ; I/O                 ;                   ;
; Inapplicable ; IO_000027 ; I/O Properties Checks for One I/O ; Weak Pull Up and Bus Hold should not be used at the same time.                                       ; Critical ; No Enable Bus-Hold Circuitry or Weak Pull-Up Resistor assignments found. ; I/O                 ;                   ;
; Inapplicable ; IO_000045 ; I/O Properties Checks for One I/O ; The I/O standard should support the requested Slew Rate value.                                       ; Critical ; No Slew Rate assignments found.                                          ; I/O                 ;                   ;
; Inapplicable ; IO_000046 ; I/O Properties Checks for One I/O ; The location should support the requested Slew Rate value.                                           ; Critical ; No Slew Rate assignments found.                                          ; I/O                 ;                   ;
; Inapplicable ; IO_000047 ; I/O Properties Checks for One I/O ; On Chip Termination and Slew Rate should not be used at the same time.                               ; Critical ; No Slew Rate assignments found.                                          ; I/O                 ;                   ;
; Pass         ; IO_000033 ; Electromigration Checks           ; Current density for consecutive I/Os should not exceed 240mA for row I/Os and 240mA for column I/Os. ; Critical ; 0 such failures found.                                                   ; I/O                 ;                   ;
; Inapplicable ; IO_000034 ; SI Related Distance Checks        ; Single-ended outputs should be 5 LAB row(s) away from a differential I/O.                            ; High     ; No Differential I/O Standard assignments found.                          ; I/O                 ;                   ;
; Inapplicable ; IO_000042 ; SI Related SSO Limit Checks       ; No more than 20 outputs are allowed in a VREF group when VREF is being read from.                    ; High     ; No VREF I/O Standard assignments found.                                  ; I/O                 ;                   ;
; ----         ; ----      ; Disclaimer                        ; OCT rules are checked but not reported.                                                              ; None     ; ----                                                                     ; On Chip Termination ;                   ;
+--------------+-----------+-----------------------------------+------------------------------------------------------------------------------------------------------+----------+--------------------------------------------------------------------------+---------------------+-------------------+


+--------------------------------------------------------------------------------------------------------------------------------------------------------------------------------------------------------------------------------------------------------------------------------------------------------------------------------------------------------------------------------------------------------------------------------------------------------------------------------+
; I/O Rules Matrix                                                                                                                                                                                                                                                                                                                                                                                                                                                               ;
+--------------------------+--------------+--------------+--------------+--------------+--------------+-----------+--------------+--------------+-----------+-----------+--------------+--------------+--------------+--------------+--------------+--------------+--------------+--------------+--------------+--------------+--------------+--------------+--------------+--------------+--------------+--------------+--------------+-----------+--------------+--------------+
; Pin/Rules                ; IO_000001    ; IO_000002    ; IO_000003    ; IO_000004    ; IO_000005    ; IO_000006 ; IO_000007    ; IO_000008    ; IO_000009 ; IO_000010 ; IO_000011    ; IO_000012    ; IO_000013    ; IO_000014    ; IO_000015    ; IO_000018    ; IO_000019    ; IO_000020    ; IO_000021    ; IO_000022    ; IO_000023    ; IO_000024    ; IO_000026    ; IO_000027    ; IO_000045    ; IO_000046    ; IO_000047    ; IO_000033 ; IO_000034    ; IO_000042    ;
+--------------------------+--------------+--------------+--------------+--------------+--------------+-----------+--------------+--------------+-----------+-----------+--------------+--------------+--------------+--------------+--------------+--------------+--------------+--------------+--------------+--------------+--------------+--------------+--------------+--------------+--------------+--------------+--------------+-----------+--------------+--------------+
; Total Pass               ; 0            ; 0            ; 0            ; 0            ; 0            ; 248       ; 0            ; 0            ; 248       ; 248       ; 0            ; 245          ; 0            ; 0            ; 3            ; 0            ; 245          ; 3            ; 0            ; 0            ; 0            ; 245          ; 0            ; 0            ; 0            ; 0            ; 0            ; 248       ; 0            ; 0            ;
; Total Unchecked          ; 0            ; 0            ; 0            ; 0            ; 0            ; 0         ; 0            ; 0            ; 0         ; 0         ; 0            ; 0            ; 0            ; 0            ; 0            ; 0            ; 0            ; 0            ; 0            ; 0            ; 0            ; 0            ; 0            ; 0            ; 0            ; 0            ; 0            ; 0         ; 0            ; 0            ;
; Total Inapplicable       ; 248          ; 248          ; 248          ; 248          ; 248          ; 0         ; 248          ; 248          ; 0         ; 0         ; 248          ; 3            ; 248          ; 248          ; 245          ; 248          ; 3            ; 245          ; 248          ; 248          ; 248          ; 3            ; 248          ; 248          ; 248          ; 248          ; 248          ; 0         ; 248          ; 248          ;
; Total Fail               ; 0            ; 0            ; 0            ; 0            ; 0            ; 0         ; 0            ; 0            ; 0         ; 0         ; 0            ; 0            ; 0            ; 0            ; 0            ; 0            ; 0            ; 0            ; 0            ; 0            ; 0            ; 0            ; 0            ; 0            ; 0            ; 0            ; 0            ; 0         ; 0            ; 0            ;
; Address_to_w_r_MEM[7]    ; Inapplicable ; Inapplicable ; Inapplicable ; Inapplicable ; Inapplicable ; Pass      ; Inapplicable ; Inapplicable ; Pass      ; Pass      ; Inapplicable ; Pass         ; Inapplicable ; Inapplicable ; Inapplicable ; Inapplicable ; Pass         ; Inapplicable ; Inapplicable ; Inapplicable ; Inapplicable ; Pass         ; Inapplicable ; Inapplicable ; Inapplicable ; Inapplicable ; Inapplicable ; Pass      ; Inapplicable ; Inapplicable ;
; Address_to_w_r_MEM[6]    ; Inapplicable ; Inapplicable ; Inapplicable ; Inapplicable ; Inapplicable ; Pass      ; Inapplicable ; Inapplicable ; Pass      ; Pass      ; Inapplicable ; Pass         ; Inapplicable ; Inapplicable ; Inapplicable ; Inapplicable ; Pass         ; Inapplicable ; Inapplicable ; Inapplicable ; Inapplicable ; Pass         ; Inapplicable ; Inapplicable ; Inapplicable ; Inapplicable ; Inapplicable ; Pass      ; Inapplicable ; Inapplicable ;
; Address_to_w_r_MEM[5]    ; Inapplicable ; Inapplicable ; Inapplicable ; Inapplicable ; Inapplicable ; Pass      ; Inapplicable ; Inapplicable ; Pass      ; Pass      ; Inapplicable ; Pass         ; Inapplicable ; Inapplicable ; Inapplicable ; Inapplicable ; Pass         ; Inapplicable ; Inapplicable ; Inapplicable ; Inapplicable ; Pass         ; Inapplicable ; Inapplicable ; Inapplicable ; Inapplicable ; Inapplicable ; Pass      ; Inapplicable ; Inapplicable ;
; Address_to_w_r_MEM[4]    ; Inapplicable ; Inapplicable ; Inapplicable ; Inapplicable ; Inapplicable ; Pass      ; Inapplicable ; Inapplicable ; Pass      ; Pass      ; Inapplicable ; Pass         ; Inapplicable ; Inapplicable ; Inapplicable ; Inapplicable ; Pass         ; Inapplicable ; Inapplicable ; Inapplicable ; Inapplicable ; Pass         ; Inapplicable ; Inapplicable ; Inapplicable ; Inapplicable ; Inapplicable ; Pass      ; Inapplicable ; Inapplicable ;
; Address_to_w_r_MEM[3]    ; Inapplicable ; Inapplicable ; Inapplicable ; Inapplicable ; Inapplicable ; Pass      ; Inapplicable ; Inapplicable ; Pass      ; Pass      ; Inapplicable ; Pass         ; Inapplicable ; Inapplicable ; Inapplicable ; Inapplicable ; Pass         ; Inapplicable ; Inapplicable ; Inapplicable ; Inapplicable ; Pass         ; Inapplicable ; Inapplicable ; Inapplicable ; Inapplicable ; Inapplicable ; Pass      ; Inapplicable ; Inapplicable ;
; Address_to_w_r_MEM[2]    ; Inapplicable ; Inapplicable ; Inapplicable ; Inapplicable ; Inapplicable ; Pass      ; Inapplicable ; Inapplicable ; Pass      ; Pass      ; Inapplicable ; Pass         ; Inapplicable ; Inapplicable ; Inapplicable ; Inapplicable ; Pass         ; Inapplicable ; Inapplicable ; Inapplicable ; Inapplicable ; Pass         ; Inapplicable ; Inapplicable ; Inapplicable ; Inapplicable ; Inapplicable ; Pass      ; Inapplicable ; Inapplicable ;
; Address_to_w_r_MEM[1]    ; Inapplicable ; Inapplicable ; Inapplicable ; Inapplicable ; Inapplicable ; Pass      ; Inapplicable ; Inapplicable ; Pass      ; Pass      ; Inapplicable ; Pass         ; Inapplicable ; Inapplicable ; Inapplicable ; Inapplicable ; Pass         ; Inapplicable ; Inapplicable ; Inapplicable ; Inapplicable ; Pass         ; Inapplicable ; Inapplicable ; Inapplicable ; Inapplicable ; Inapplicable ; Pass      ; Inapplicable ; Inapplicable ;
; Address_to_w_r_MEM[0]    ; Inapplicable ; Inapplicable ; Inapplicable ; Inapplicable ; Inapplicable ; Pass      ; Inapplicable ; Inapplicable ; Pass      ; Pass      ; Inapplicable ; Pass         ; Inapplicable ; Inapplicable ; Inapplicable ; Inapplicable ; Pass         ; Inapplicable ; Inapplicable ; Inapplicable ; Inapplicable ; Pass         ; Inapplicable ; Inapplicable ; Inapplicable ; Inapplicable ; Inapplicable ; Pass      ; Inapplicable ; Inapplicable ;
; Instruction_MEM[31]      ; Inapplicable ; Inapplicable ; Inapplicable ; Inapplicable ; Inapplicable ; Pass      ; Inapplicable ; Inapplicable ; Pass      ; Pass      ; Inapplicable ; Pass         ; Inapplicable ; Inapplicable ; Inapplicable ; Inapplicable ; Pass         ; Inapplicable ; Inapplicable ; Inapplicable ; Inapplicable ; Pass         ; Inapplicable ; Inapplicable ; Inapplicable ; Inapplicable ; Inapplicable ; Pass      ; Inapplicable ; Inapplicable ;
; Instruction_MEM[30]      ; Inapplicable ; Inapplicable ; Inapplicable ; Inapplicable ; Inapplicable ; Pass      ; Inapplicable ; Inapplicable ; Pass      ; Pass      ; Inapplicable ; Pass         ; Inapplicable ; Inapplicable ; Inapplicable ; Inapplicable ; Pass         ; Inapplicable ; Inapplicable ; Inapplicable ; Inapplicable ; Pass         ; Inapplicable ; Inapplicable ; Inapplicable ; Inapplicable ; Inapplicable ; Pass      ; Inapplicable ; Inapplicable ;
; Instruction_MEM[29]      ; Inapplicable ; Inapplicable ; Inapplicable ; Inapplicable ; Inapplicable ; Pass      ; Inapplicable ; Inapplicable ; Pass      ; Pass      ; Inapplicable ; Pass         ; Inapplicable ; Inapplicable ; Inapplicable ; Inapplicable ; Pass         ; Inapplicable ; Inapplicable ; Inapplicable ; Inapplicable ; Pass         ; Inapplicable ; Inapplicable ; Inapplicable ; Inapplicable ; Inapplicable ; Pass      ; Inapplicable ; Inapplicable ;
; Instruction_MEM[28]      ; Inapplicable ; Inapplicable ; Inapplicable ; Inapplicable ; Inapplicable ; Pass      ; Inapplicable ; Inapplicable ; Pass      ; Pass      ; Inapplicable ; Pass         ; Inapplicable ; Inapplicable ; Inapplicable ; Inapplicable ; Pass         ; Inapplicable ; Inapplicable ; Inapplicable ; Inapplicable ; Pass         ; Inapplicable ; Inapplicable ; Inapplicable ; Inapplicable ; Inapplicable ; Pass      ; Inapplicable ; Inapplicable ;
; Instruction_MEM[27]      ; Inapplicable ; Inapplicable ; Inapplicable ; Inapplicable ; Inapplicable ; Pass      ; Inapplicable ; Inapplicable ; Pass      ; Pass      ; Inapplicable ; Pass         ; Inapplicable ; Inapplicable ; Inapplicable ; Inapplicable ; Pass         ; Inapplicable ; Inapplicable ; Inapplicable ; Inapplicable ; Pass         ; Inapplicable ; Inapplicable ; Inapplicable ; Inapplicable ; Inapplicable ; Pass      ; Inapplicable ; Inapplicable ;
; Instruction_MEM[26]      ; Inapplicable ; Inapplicable ; Inapplicable ; Inapplicable ; Inapplicable ; Pass      ; Inapplicable ; Inapplicable ; Pass      ; Pass      ; Inapplicable ; Pass         ; Inapplicable ; Inapplicable ; Inapplicable ; Inapplicable ; Pass         ; Inapplicable ; Inapplicable ; Inapplicable ; Inapplicable ; Pass         ; Inapplicable ; Inapplicable ; Inapplicable ; Inapplicable ; Inapplicable ; Pass      ; Inapplicable ; Inapplicable ;
; Instruction_MEM[25]      ; Inapplicable ; Inapplicable ; Inapplicable ; Inapplicable ; Inapplicable ; Pass      ; Inapplicable ; Inapplicable ; Pass      ; Pass      ; Inapplicable ; Pass         ; Inapplicable ; Inapplicable ; Inapplicable ; Inapplicable ; Pass         ; Inapplicable ; Inapplicable ; Inapplicable ; Inapplicable ; Pass         ; Inapplicable ; Inapplicable ; Inapplicable ; Inapplicable ; Inapplicable ; Pass      ; Inapplicable ; Inapplicable ;
; Instruction_MEM[24]      ; Inapplicable ; Inapplicable ; Inapplicable ; Inapplicable ; Inapplicable ; Pass      ; Inapplicable ; Inapplicable ; Pass      ; Pass      ; Inapplicable ; Pass         ; Inapplicable ; Inapplicable ; Inapplicable ; Inapplicable ; Pass         ; Inapplicable ; Inapplicable ; Inapplicable ; Inapplicable ; Pass         ; Inapplicable ; Inapplicable ; Inapplicable ; Inapplicable ; Inapplicable ; Pass      ; Inapplicable ; Inapplicable ;
; Instruction_MEM[23]      ; Inapplicable ; Inapplicable ; Inapplicable ; Inapplicable ; Inapplicable ; Pass      ; Inapplicable ; Inapplicable ; Pass      ; Pass      ; Inapplicable ; Pass         ; Inapplicable ; Inapplicable ; Inapplicable ; Inapplicable ; Pass         ; Inapplicable ; Inapplicable ; Inapplicable ; Inapplicable ; Pass         ; Inapplicable ; Inapplicable ; Inapplicable ; Inapplicable ; Inapplicable ; Pass      ; Inapplicable ; Inapplicable ;
; Instruction_MEM[22]      ; Inapplicable ; Inapplicable ; Inapplicable ; Inapplicable ; Inapplicable ; Pass      ; Inapplicable ; Inapplicable ; Pass      ; Pass      ; Inapplicable ; Pass         ; Inapplicable ; Inapplicable ; Inapplicable ; Inapplicable ; Pass         ; Inapplicable ; Inapplicable ; Inapplicable ; Inapplicable ; Pass         ; Inapplicable ; Inapplicable ; Inapplicable ; Inapplicable ; Inapplicable ; Pass      ; Inapplicable ; Inapplicable ;
; Instruction_MEM[21]      ; Inapplicable ; Inapplicable ; Inapplicable ; Inapplicable ; Inapplicable ; Pass      ; Inapplicable ; Inapplicable ; Pass      ; Pass      ; Inapplicable ; Pass         ; Inapplicable ; Inapplicable ; Inapplicable ; Inapplicable ; Pass         ; Inapplicable ; Inapplicable ; Inapplicable ; Inapplicable ; Pass         ; Inapplicable ; Inapplicable ; Inapplicable ; Inapplicable ; Inapplicable ; Pass      ; Inapplicable ; Inapplicable ;
; Instruction_MEM[20]      ; Inapplicable ; Inapplicable ; Inapplicable ; Inapplicable ; Inapplicable ; Pass      ; Inapplicable ; Inapplicable ; Pass      ; Pass      ; Inapplicable ; Pass         ; Inapplicable ; Inapplicable ; Inapplicable ; Inapplicable ; Pass         ; Inapplicable ; Inapplicable ; Inapplicable ; Inapplicable ; Pass         ; Inapplicable ; Inapplicable ; Inapplicable ; Inapplicable ; Inapplicable ; Pass      ; Inapplicable ; Inapplicable ;
; Instruction_MEM[19]      ; Inapplicable ; Inapplicable ; Inapplicable ; Inapplicable ; Inapplicable ; Pass      ; Inapplicable ; Inapplicable ; Pass      ; Pass      ; Inapplicable ; Pass         ; Inapplicable ; Inapplicable ; Inapplicable ; Inapplicable ; Pass         ; Inapplicable ; Inapplicable ; Inapplicable ; Inapplicable ; Pass         ; Inapplicable ; Inapplicable ; Inapplicable ; Inapplicable ; Inapplicable ; Pass      ; Inapplicable ; Inapplicable ;
; Instruction_MEM[18]      ; Inapplicable ; Inapplicable ; Inapplicable ; Inapplicable ; Inapplicable ; Pass      ; Inapplicable ; Inapplicable ; Pass      ; Pass      ; Inapplicable ; Pass         ; Inapplicable ; Inapplicable ; Inapplicable ; Inapplicable ; Pass         ; Inapplicable ; Inapplicable ; Inapplicable ; Inapplicable ; Pass         ; Inapplicable ; Inapplicable ; Inapplicable ; Inapplicable ; Inapplicable ; Pass      ; Inapplicable ; Inapplicable ;
; Instruction_MEM[17]      ; Inapplicable ; Inapplicable ; Inapplicable ; Inapplicable ; Inapplicable ; Pass      ; Inapplicable ; Inapplicable ; Pass      ; Pass      ; Inapplicable ; Pass         ; Inapplicable ; Inapplicable ; Inapplicable ; Inapplicable ; Pass         ; Inapplicable ; Inapplicable ; Inapplicable ; Inapplicable ; Pass         ; Inapplicable ; Inapplicable ; Inapplicable ; Inapplicable ; Inapplicable ; Pass      ; Inapplicable ; Inapplicable ;
; Instruction_MEM[16]      ; Inapplicable ; Inapplicable ; Inapplicable ; Inapplicable ; Inapplicable ; Pass      ; Inapplicable ; Inapplicable ; Pass      ; Pass      ; Inapplicable ; Pass         ; Inapplicable ; Inapplicable ; Inapplicable ; Inapplicable ; Pass         ; Inapplicable ; Inapplicable ; Inapplicable ; Inapplicable ; Pass         ; Inapplicable ; Inapplicable ; Inapplicable ; Inapplicable ; Inapplicable ; Pass      ; Inapplicable ; Inapplicable ;
; Instruction_MEM[15]      ; Inapplicable ; Inapplicable ; Inapplicable ; Inapplicable ; Inapplicable ; Pass      ; Inapplicable ; Inapplicable ; Pass      ; Pass      ; Inapplicable ; Pass         ; Inapplicable ; Inapplicable ; Inapplicable ; Inapplicable ; Pass         ; Inapplicable ; Inapplicable ; Inapplicable ; Inapplicable ; Pass         ; Inapplicable ; Inapplicable ; Inapplicable ; Inapplicable ; Inapplicable ; Pass      ; Inapplicable ; Inapplicable ;
; Instruction_MEM[14]      ; Inapplicable ; Inapplicable ; Inapplicable ; Inapplicable ; Inapplicable ; Pass      ; Inapplicable ; Inapplicable ; Pass      ; Pass      ; Inapplicable ; Pass         ; Inapplicable ; Inapplicable ; Inapplicable ; Inapplicable ; Pass         ; Inapplicable ; Inapplicable ; Inapplicable ; Inapplicable ; Pass         ; Inapplicable ; Inapplicable ; Inapplicable ; Inapplicable ; Inapplicable ; Pass      ; Inapplicable ; Inapplicable ;
; Instruction_MEM[13]      ; Inapplicable ; Inapplicable ; Inapplicable ; Inapplicable ; Inapplicable ; Pass      ; Inapplicable ; Inapplicable ; Pass      ; Pass      ; Inapplicable ; Pass         ; Inapplicable ; Inapplicable ; Inapplicable ; Inapplicable ; Pass         ; Inapplicable ; Inapplicable ; Inapplicable ; Inapplicable ; Pass         ; Inapplicable ; Inapplicable ; Inapplicable ; Inapplicable ; Inapplicable ; Pass      ; Inapplicable ; Inapplicable ;
; Instruction_MEM[12]      ; Inapplicable ; Inapplicable ; Inapplicable ; Inapplicable ; Inapplicable ; Pass      ; Inapplicable ; Inapplicable ; Pass      ; Pass      ; Inapplicable ; Pass         ; Inapplicable ; Inapplicable ; Inapplicable ; Inapplicable ; Pass         ; Inapplicable ; Inapplicable ; Inapplicable ; Inapplicable ; Pass         ; Inapplicable ; Inapplicable ; Inapplicable ; Inapplicable ; Inapplicable ; Pass      ; Inapplicable ; Inapplicable ;
; Instruction_MEM[11]      ; Inapplicable ; Inapplicable ; Inapplicable ; Inapplicable ; Inapplicable ; Pass      ; Inapplicable ; Inapplicable ; Pass      ; Pass      ; Inapplicable ; Pass         ; Inapplicable ; Inapplicable ; Inapplicable ; Inapplicable ; Pass         ; Inapplicable ; Inapplicable ; Inapplicable ; Inapplicable ; Pass         ; Inapplicable ; Inapplicable ; Inapplicable ; Inapplicable ; Inapplicable ; Pass      ; Inapplicable ; Inapplicable ;
; Instruction_MEM[10]      ; Inapplicable ; Inapplicable ; Inapplicable ; Inapplicable ; Inapplicable ; Pass      ; Inapplicable ; Inapplicable ; Pass      ; Pass      ; Inapplicable ; Pass         ; Inapplicable ; Inapplicable ; Inapplicable ; Inapplicable ; Pass         ; Inapplicable ; Inapplicable ; Inapplicable ; Inapplicable ; Pass         ; Inapplicable ; Inapplicable ; Inapplicable ; Inapplicable ; Inapplicable ; Pass      ; Inapplicable ; Inapplicable ;
; Instruction_MEM[9]       ; Inapplicable ; Inapplicable ; Inapplicable ; Inapplicable ; Inapplicable ; Pass      ; Inapplicable ; Inapplicable ; Pass      ; Pass      ; Inapplicable ; Pass         ; Inapplicable ; Inapplicable ; Inapplicable ; Inapplicable ; Pass         ; Inapplicable ; Inapplicable ; Inapplicable ; Inapplicable ; Pass         ; Inapplicable ; Inapplicable ; Inapplicable ; Inapplicable ; Inapplicable ; Pass      ; Inapplicable ; Inapplicable ;
; Instruction_MEM[8]       ; Inapplicable ; Inapplicable ; Inapplicable ; Inapplicable ; Inapplicable ; Pass      ; Inapplicable ; Inapplicable ; Pass      ; Pass      ; Inapplicable ; Pass         ; Inapplicable ; Inapplicable ; Inapplicable ; Inapplicable ; Pass         ; Inapplicable ; Inapplicable ; Inapplicable ; Inapplicable ; Pass         ; Inapplicable ; Inapplicable ; Inapplicable ; Inapplicable ; Inapplicable ; Pass      ; Inapplicable ; Inapplicable ;
; Instruction_MEM[7]       ; Inapplicable ; Inapplicable ; Inapplicable ; Inapplicable ; Inapplicable ; Pass      ; Inapplicable ; Inapplicable ; Pass      ; Pass      ; Inapplicable ; Pass         ; Inapplicable ; Inapplicable ; Inapplicable ; Inapplicable ; Pass         ; Inapplicable ; Inapplicable ; Inapplicable ; Inapplicable ; Pass         ; Inapplicable ; Inapplicable ; Inapplicable ; Inapplicable ; Inapplicable ; Pass      ; Inapplicable ; Inapplicable ;
; Instruction_MEM[6]       ; Inapplicable ; Inapplicable ; Inapplicable ; Inapplicable ; Inapplicable ; Pass      ; Inapplicable ; Inapplicable ; Pass      ; Pass      ; Inapplicable ; Pass         ; Inapplicable ; Inapplicable ; Inapplicable ; Inapplicable ; Pass         ; Inapplicable ; Inapplicable ; Inapplicable ; Inapplicable ; Pass         ; Inapplicable ; Inapplicable ; Inapplicable ; Inapplicable ; Inapplicable ; Pass      ; Inapplicable ; Inapplicable ;
; Instruction_MEM[5]       ; Inapplicable ; Inapplicable ; Inapplicable ; Inapplicable ; Inapplicable ; Pass      ; Inapplicable ; Inapplicable ; Pass      ; Pass      ; Inapplicable ; Pass         ; Inapplicable ; Inapplicable ; Inapplicable ; Inapplicable ; Pass         ; Inapplicable ; Inapplicable ; Inapplicable ; Inapplicable ; Pass         ; Inapplicable ; Inapplicable ; Inapplicable ; Inapplicable ; Inapplicable ; Pass      ; Inapplicable ; Inapplicable ;
; Instruction_MEM[4]       ; Inapplicable ; Inapplicable ; Inapplicable ; Inapplicable ; Inapplicable ; Pass      ; Inapplicable ; Inapplicable ; Pass      ; Pass      ; Inapplicable ; Pass         ; Inapplicable ; Inapplicable ; Inapplicable ; Inapplicable ; Pass         ; Inapplicable ; Inapplicable ; Inapplicable ; Inapplicable ; Pass         ; Inapplicable ; Inapplicable ; Inapplicable ; Inapplicable ; Inapplicable ; Pass      ; Inapplicable ; Inapplicable ;
; Instruction_MEM[3]       ; Inapplicable ; Inapplicable ; Inapplicable ; Inapplicable ; Inapplicable ; Pass      ; Inapplicable ; Inapplicable ; Pass      ; Pass      ; Inapplicable ; Pass         ; Inapplicable ; Inapplicable ; Inapplicable ; Inapplicable ; Pass         ; Inapplicable ; Inapplicable ; Inapplicable ; Inapplicable ; Pass         ; Inapplicable ; Inapplicable ; Inapplicable ; Inapplicable ; Inapplicable ; Pass      ; Inapplicable ; Inapplicable ;
; Instruction_MEM[2]       ; Inapplicable ; Inapplicable ; Inapplicable ; Inapplicable ; Inapplicable ; Pass      ; Inapplicable ; Inapplicable ; Pass      ; Pass      ; Inapplicable ; Pass         ; Inapplicable ; Inapplicable ; Inapplicable ; Inapplicable ; Pass         ; Inapplicable ; Inapplicable ; Inapplicable ; Inapplicable ; Pass         ; Inapplicable ; Inapplicable ; Inapplicable ; Inapplicable ; Inapplicable ; Pass      ; Inapplicable ; Inapplicable ;
; Instruction_MEM[1]       ; Inapplicable ; Inapplicable ; Inapplicable ; Inapplicable ; Inapplicable ; Pass      ; Inapplicable ; Inapplicable ; Pass      ; Pass      ; Inapplicable ; Pass         ; Inapplicable ; Inapplicable ; Inapplicable ; Inapplicable ; Pass         ; Inapplicable ; Inapplicable ; Inapplicable ; Inapplicable ; Pass         ; Inapplicable ; Inapplicable ; Inapplicable ; Inapplicable ; Inapplicable ; Pass      ; Inapplicable ; Inapplicable ;
; Instruction_MEM[0]       ; Inapplicable ; Inapplicable ; Inapplicable ; Inapplicable ; Inapplicable ; Pass      ; Inapplicable ; Inapplicable ; Pass      ; Pass      ; Inapplicable ; Pass         ; Inapplicable ; Inapplicable ; Inapplicable ; Inapplicable ; Pass         ; Inapplicable ; Inapplicable ; Inapplicable ; Inapplicable ; Pass         ; Inapplicable ; Inapplicable ; Inapplicable ; Inapplicable ; Inapplicable ; Pass      ; Inapplicable ; Inapplicable ;
; Instruction_IF[31]       ; Inapplicable ; Inapplicable ; Inapplicable ; Inapplicable ; Inapplicable ; Pass      ; Inapplicable ; Inapplicable ; Pass      ; Pass      ; Inapplicable ; Pass         ; Inapplicable ; Inapplicable ; Inapplicable ; Inapplicable ; Pass         ; Inapplicable ; Inapplicable ; Inapplicable ; Inapplicable ; Pass         ; Inapplicable ; Inapplicable ; Inapplicable ; Inapplicable ; Inapplicable ; Pass      ; Inapplicable ; Inapplicable ;
; Instruction_IF[30]       ; Inapplicable ; Inapplicable ; Inapplicable ; Inapplicable ; Inapplicable ; Pass      ; Inapplicable ; Inapplicable ; Pass      ; Pass      ; Inapplicable ; Pass         ; Inapplicable ; Inapplicable ; Inapplicable ; Inapplicable ; Pass         ; Inapplicable ; Inapplicable ; Inapplicable ; Inapplicable ; Pass         ; Inapplicable ; Inapplicable ; Inapplicable ; Inapplicable ; Inapplicable ; Pass      ; Inapplicable ; Inapplicable ;
; Instruction_IF[29]       ; Inapplicable ; Inapplicable ; Inapplicable ; Inapplicable ; Inapplicable ; Pass      ; Inapplicable ; Inapplicable ; Pass      ; Pass      ; Inapplicable ; Pass         ; Inapplicable ; Inapplicable ; Inapplicable ; Inapplicable ; Pass         ; Inapplicable ; Inapplicable ; Inapplicable ; Inapplicable ; Pass         ; Inapplicable ; Inapplicable ; Inapplicable ; Inapplicable ; Inapplicable ; Pass      ; Inapplicable ; Inapplicable ;
; Instruction_IF[28]       ; Inapplicable ; Inapplicable ; Inapplicable ; Inapplicable ; Inapplicable ; Pass      ; Inapplicable ; Inapplicable ; Pass      ; Pass      ; Inapplicable ; Pass         ; Inapplicable ; Inapplicable ; Inapplicable ; Inapplicable ; Pass         ; Inapplicable ; Inapplicable ; Inapplicable ; Inapplicable ; Pass         ; Inapplicable ; Inapplicable ; Inapplicable ; Inapplicable ; Inapplicable ; Pass      ; Inapplicable ; Inapplicable ;
; Instruction_IF[27]       ; Inapplicable ; Inapplicable ; Inapplicable ; Inapplicable ; Inapplicable ; Pass      ; Inapplicable ; Inapplicable ; Pass      ; Pass      ; Inapplicable ; Pass         ; Inapplicable ; Inapplicable ; Inapplicable ; Inapplicable ; Pass         ; Inapplicable ; Inapplicable ; Inapplicable ; Inapplicable ; Pass         ; Inapplicable ; Inapplicable ; Inapplicable ; Inapplicable ; Inapplicable ; Pass      ; Inapplicable ; Inapplicable ;
; Instruction_IF[26]       ; Inapplicable ; Inapplicable ; Inapplicable ; Inapplicable ; Inapplicable ; Pass      ; Inapplicable ; Inapplicable ; Pass      ; Pass      ; Inapplicable ; Pass         ; Inapplicable ; Inapplicable ; Inapplicable ; Inapplicable ; Pass         ; Inapplicable ; Inapplicable ; Inapplicable ; Inapplicable ; Pass         ; Inapplicable ; Inapplicable ; Inapplicable ; Inapplicable ; Inapplicable ; Pass      ; Inapplicable ; Inapplicable ;
; Instruction_IF[25]       ; Inapplicable ; Inapplicable ; Inapplicable ; Inapplicable ; Inapplicable ; Pass      ; Inapplicable ; Inapplicable ; Pass      ; Pass      ; Inapplicable ; Pass         ; Inapplicable ; Inapplicable ; Inapplicable ; Inapplicable ; Pass         ; Inapplicable ; Inapplicable ; Inapplicable ; Inapplicable ; Pass         ; Inapplicable ; Inapplicable ; Inapplicable ; Inapplicable ; Inapplicable ; Pass      ; Inapplicable ; Inapplicable ;
; Instruction_IF[24]       ; Inapplicable ; Inapplicable ; Inapplicable ; Inapplicable ; Inapplicable ; Pass      ; Inapplicable ; Inapplicable ; Pass      ; Pass      ; Inapplicable ; Pass         ; Inapplicable ; Inapplicable ; Inapplicable ; Inapplicable ; Pass         ; Inapplicable ; Inapplicable ; Inapplicable ; Inapplicable ; Pass         ; Inapplicable ; Inapplicable ; Inapplicable ; Inapplicable ; Inapplicable ; Pass      ; Inapplicable ; Inapplicable ;
; Instruction_IF[23]       ; Inapplicable ; Inapplicable ; Inapplicable ; Inapplicable ; Inapplicable ; Pass      ; Inapplicable ; Inapplicable ; Pass      ; Pass      ; Inapplicable ; Pass         ; Inapplicable ; Inapplicable ; Inapplicable ; Inapplicable ; Pass         ; Inapplicable ; Inapplicable ; Inapplicable ; Inapplicable ; Pass         ; Inapplicable ; Inapplicable ; Inapplicable ; Inapplicable ; Inapplicable ; Pass      ; Inapplicable ; Inapplicable ;
; Instruction_IF[22]       ; Inapplicable ; Inapplicable ; Inapplicable ; Inapplicable ; Inapplicable ; Pass      ; Inapplicable ; Inapplicable ; Pass      ; Pass      ; Inapplicable ; Pass         ; Inapplicable ; Inapplicable ; Inapplicable ; Inapplicable ; Pass         ; Inapplicable ; Inapplicable ; Inapplicable ; Inapplicable ; Pass         ; Inapplicable ; Inapplicable ; Inapplicable ; Inapplicable ; Inapplicable ; Pass      ; Inapplicable ; Inapplicable ;
; Instruction_IF[21]       ; Inapplicable ; Inapplicable ; Inapplicable ; Inapplicable ; Inapplicable ; Pass      ; Inapplicable ; Inapplicable ; Pass      ; Pass      ; Inapplicable ; Pass         ; Inapplicable ; Inapplicable ; Inapplicable ; Inapplicable ; Pass         ; Inapplicable ; Inapplicable ; Inapplicable ; Inapplicable ; Pass         ; Inapplicable ; Inapplicable ; Inapplicable ; Inapplicable ; Inapplicable ; Pass      ; Inapplicable ; Inapplicable ;
; Instruction_IF[20]       ; Inapplicable ; Inapplicable ; Inapplicable ; Inapplicable ; Inapplicable ; Pass      ; Inapplicable ; Inapplicable ; Pass      ; Pass      ; Inapplicable ; Pass         ; Inapplicable ; Inapplicable ; Inapplicable ; Inapplicable ; Pass         ; Inapplicable ; Inapplicable ; Inapplicable ; Inapplicable ; Pass         ; Inapplicable ; Inapplicable ; Inapplicable ; Inapplicable ; Inapplicable ; Pass      ; Inapplicable ; Inapplicable ;
; Instruction_IF[19]       ; Inapplicable ; Inapplicable ; Inapplicable ; Inapplicable ; Inapplicable ; Pass      ; Inapplicable ; Inapplicable ; Pass      ; Pass      ; Inapplicable ; Pass         ; Inapplicable ; Inapplicable ; Inapplicable ; Inapplicable ; Pass         ; Inapplicable ; Inapplicable ; Inapplicable ; Inapplicable ; Pass         ; Inapplicable ; Inapplicable ; Inapplicable ; Inapplicable ; Inapplicable ; Pass      ; Inapplicable ; Inapplicable ;
; Instruction_IF[18]       ; Inapplicable ; Inapplicable ; Inapplicable ; Inapplicable ; Inapplicable ; Pass      ; Inapplicable ; Inapplicable ; Pass      ; Pass      ; Inapplicable ; Pass         ; Inapplicable ; Inapplicable ; Inapplicable ; Inapplicable ; Pass         ; Inapplicable ; Inapplicable ; Inapplicable ; Inapplicable ; Pass         ; Inapplicable ; Inapplicable ; Inapplicable ; Inapplicable ; Inapplicable ; Pass      ; Inapplicable ; Inapplicable ;
; Instruction_IF[17]       ; Inapplicable ; Inapplicable ; Inapplicable ; Inapplicable ; Inapplicable ; Pass      ; Inapplicable ; Inapplicable ; Pass      ; Pass      ; Inapplicable ; Pass         ; Inapplicable ; Inapplicable ; Inapplicable ; Inapplicable ; Pass         ; Inapplicable ; Inapplicable ; Inapplicable ; Inapplicable ; Pass         ; Inapplicable ; Inapplicable ; Inapplicable ; Inapplicable ; Inapplicable ; Pass      ; Inapplicable ; Inapplicable ;
; Instruction_IF[16]       ; Inapplicable ; Inapplicable ; Inapplicable ; Inapplicable ; Inapplicable ; Pass      ; Inapplicable ; Inapplicable ; Pass      ; Pass      ; Inapplicable ; Pass         ; Inapplicable ; Inapplicable ; Inapplicable ; Inapplicable ; Pass         ; Inapplicable ; Inapplicable ; Inapplicable ; Inapplicable ; Pass         ; Inapplicable ; Inapplicable ; Inapplicable ; Inapplicable ; Inapplicable ; Pass      ; Inapplicable ; Inapplicable ;
; Instruction_IF[15]       ; Inapplicable ; Inapplicable ; Inapplicable ; Inapplicable ; Inapplicable ; Pass      ; Inapplicable ; Inapplicable ; Pass      ; Pass      ; Inapplicable ; Pass         ; Inapplicable ; Inapplicable ; Inapplicable ; Inapplicable ; Pass         ; Inapplicable ; Inapplicable ; Inapplicable ; Inapplicable ; Pass         ; Inapplicable ; Inapplicable ; Inapplicable ; Inapplicable ; Inapplicable ; Pass      ; Inapplicable ; Inapplicable ;
; Instruction_IF[14]       ; Inapplicable ; Inapplicable ; Inapplicable ; Inapplicable ; Inapplicable ; Pass      ; Inapplicable ; Inapplicable ; Pass      ; Pass      ; Inapplicable ; Pass         ; Inapplicable ; Inapplicable ; Inapplicable ; Inapplicable ; Pass         ; Inapplicable ; Inapplicable ; Inapplicable ; Inapplicable ; Pass         ; Inapplicable ; Inapplicable ; Inapplicable ; Inapplicable ; Inapplicable ; Pass      ; Inapplicable ; Inapplicable ;
; Instruction_IF[13]       ; Inapplicable ; Inapplicable ; Inapplicable ; Inapplicable ; Inapplicable ; Pass      ; Inapplicable ; Inapplicable ; Pass      ; Pass      ; Inapplicable ; Pass         ; Inapplicable ; Inapplicable ; Inapplicable ; Inapplicable ; Pass         ; Inapplicable ; Inapplicable ; Inapplicable ; Inapplicable ; Pass         ; Inapplicable ; Inapplicable ; Inapplicable ; Inapplicable ; Inapplicable ; Pass      ; Inapplicable ; Inapplicable ;
; Instruction_IF[12]       ; Inapplicable ; Inapplicable ; Inapplicable ; Inapplicable ; Inapplicable ; Pass      ; Inapplicable ; Inapplicable ; Pass      ; Pass      ; Inapplicable ; Pass         ; Inapplicable ; Inapplicable ; Inapplicable ; Inapplicable ; Pass         ; Inapplicable ; Inapplicable ; Inapplicable ; Inapplicable ; Pass         ; Inapplicable ; Inapplicable ; Inapplicable ; Inapplicable ; Inapplicable ; Pass      ; Inapplicable ; Inapplicable ;
; Instruction_IF[11]       ; Inapplicable ; Inapplicable ; Inapplicable ; Inapplicable ; Inapplicable ; Pass      ; Inapplicable ; Inapplicable ; Pass      ; Pass      ; Inapplicable ; Pass         ; Inapplicable ; Inapplicable ; Inapplicable ; Inapplicable ; Pass         ; Inapplicable ; Inapplicable ; Inapplicable ; Inapplicable ; Pass         ; Inapplicable ; Inapplicable ; Inapplicable ; Inapplicable ; Inapplicable ; Pass      ; Inapplicable ; Inapplicable ;
; Instruction_IF[10]       ; Inapplicable ; Inapplicable ; Inapplicable ; Inapplicable ; Inapplicable ; Pass      ; Inapplicable ; Inapplicable ; Pass      ; Pass      ; Inapplicable ; Pass         ; Inapplicable ; Inapplicable ; Inapplicable ; Inapplicable ; Pass         ; Inapplicable ; Inapplicable ; Inapplicable ; Inapplicable ; Pass         ; Inapplicable ; Inapplicable ; Inapplicable ; Inapplicable ; Inapplicable ; Pass      ; Inapplicable ; Inapplicable ;
; Instruction_IF[9]        ; Inapplicable ; Inapplicable ; Inapplicable ; Inapplicable ; Inapplicable ; Pass      ; Inapplicable ; Inapplicable ; Pass      ; Pass      ; Inapplicable ; Pass         ; Inapplicable ; Inapplicable ; Inapplicable ; Inapplicable ; Pass         ; Inapplicable ; Inapplicable ; Inapplicable ; Inapplicable ; Pass         ; Inapplicable ; Inapplicable ; Inapplicable ; Inapplicable ; Inapplicable ; Pass      ; Inapplicable ; Inapplicable ;
; Instruction_IF[8]        ; Inapplicable ; Inapplicable ; Inapplicable ; Inapplicable ; Inapplicable ; Pass      ; Inapplicable ; Inapplicable ; Pass      ; Pass      ; Inapplicable ; Pass         ; Inapplicable ; Inapplicable ; Inapplicable ; Inapplicable ; Pass         ; Inapplicable ; Inapplicable ; Inapplicable ; Inapplicable ; Pass         ; Inapplicable ; Inapplicable ; Inapplicable ; Inapplicable ; Inapplicable ; Pass      ; Inapplicable ; Inapplicable ;
; Instruction_IF[7]        ; Inapplicable ; Inapplicable ; Inapplicable ; Inapplicable ; Inapplicable ; Pass      ; Inapplicable ; Inapplicable ; Pass      ; Pass      ; Inapplicable ; Pass         ; Inapplicable ; Inapplicable ; Inapplicable ; Inapplicable ; Pass         ; Inapplicable ; Inapplicable ; Inapplicable ; Inapplicable ; Pass         ; Inapplicable ; Inapplicable ; Inapplicable ; Inapplicable ; Inapplicable ; Pass      ; Inapplicable ; Inapplicable ;
; Instruction_IF[6]        ; Inapplicable ; Inapplicable ; Inapplicable ; Inapplicable ; Inapplicable ; Pass      ; Inapplicable ; Inapplicable ; Pass      ; Pass      ; Inapplicable ; Pass         ; Inapplicable ; Inapplicable ; Inapplicable ; Inapplicable ; Pass         ; Inapplicable ; Inapplicable ; Inapplicable ; Inapplicable ; Pass         ; Inapplicable ; Inapplicable ; Inapplicable ; Inapplicable ; Inapplicable ; Pass      ; Inapplicable ; Inapplicable ;
; Instruction_IF[5]        ; Inapplicable ; Inapplicable ; Inapplicable ; Inapplicable ; Inapplicable ; Pass      ; Inapplicable ; Inapplicable ; Pass      ; Pass      ; Inapplicable ; Pass         ; Inapplicable ; Inapplicable ; Inapplicable ; Inapplicable ; Pass         ; Inapplicable ; Inapplicable ; Inapplicable ; Inapplicable ; Pass         ; Inapplicable ; Inapplicable ; Inapplicable ; Inapplicable ; Inapplicable ; Pass      ; Inapplicable ; Inapplicable ;
; Instruction_IF[4]        ; Inapplicable ; Inapplicable ; Inapplicable ; Inapplicable ; Inapplicable ; Pass      ; Inapplicable ; Inapplicable ; Pass      ; Pass      ; Inapplicable ; Pass         ; Inapplicable ; Inapplicable ; Inapplicable ; Inapplicable ; Pass         ; Inapplicable ; Inapplicable ; Inapplicable ; Inapplicable ; Pass         ; Inapplicable ; Inapplicable ; Inapplicable ; Inapplicable ; Inapplicable ; Pass      ; Inapplicable ; Inapplicable ;
; Instruction_IF[3]        ; Inapplicable ; Inapplicable ; Inapplicable ; Inapplicable ; Inapplicable ; Pass      ; Inapplicable ; Inapplicable ; Pass      ; Pass      ; Inapplicable ; Pass         ; Inapplicable ; Inapplicable ; Inapplicable ; Inapplicable ; Pass         ; Inapplicable ; Inapplicable ; Inapplicable ; Inapplicable ; Pass         ; Inapplicable ; Inapplicable ; Inapplicable ; Inapplicable ; Inapplicable ; Pass      ; Inapplicable ; Inapplicable ;
; Instruction_IF[2]        ; Inapplicable ; Inapplicable ; Inapplicable ; Inapplicable ; Inapplicable ; Pass      ; Inapplicable ; Inapplicable ; Pass      ; Pass      ; Inapplicable ; Pass         ; Inapplicable ; Inapplicable ; Inapplicable ; Inapplicable ; Pass         ; Inapplicable ; Inapplicable ; Inapplicable ; Inapplicable ; Pass         ; Inapplicable ; Inapplicable ; Inapplicable ; Inapplicable ; Inapplicable ; Pass      ; Inapplicable ; Inapplicable ;
; Instruction_IF[1]        ; Inapplicable ; Inapplicable ; Inapplicable ; Inapplicable ; Inapplicable ; Pass      ; Inapplicable ; Inapplicable ; Pass      ; Pass      ; Inapplicable ; Pass         ; Inapplicable ; Inapplicable ; Inapplicable ; Inapplicable ; Pass         ; Inapplicable ; Inapplicable ; Inapplicable ; Inapplicable ; Pass         ; Inapplicable ; Inapplicable ; Inapplicable ; Inapplicable ; Inapplicable ; Pass      ; Inapplicable ; Inapplicable ;
; Instruction_IF[0]        ; Inapplicable ; Inapplicable ; Inapplicable ; Inapplicable ; Inapplicable ; Pass      ; Inapplicable ; Inapplicable ; Pass      ; Pass      ; Inapplicable ; Pass         ; Inapplicable ; Inapplicable ; Inapplicable ; Inapplicable ; Pass         ; Inapplicable ; Inapplicable ; Inapplicable ; Inapplicable ; Pass         ; Inapplicable ; Inapplicable ; Inapplicable ; Inapplicable ; Inapplicable ; Pass      ; Inapplicable ; Inapplicable ;
; PCValue[7]               ; Inapplicable ; Inapplicable ; Inapplicable ; Inapplicable ; Inapplicable ; Pass      ; Inapplicable ; Inapplicable ; Pass      ; Pass      ; Inapplicable ; Pass         ; Inapplicable ; Inapplicable ; Inapplicable ; Inapplicable ; Pass         ; Inapplicable ; Inapplicable ; Inapplicable ; Inapplicable ; Pass         ; Inapplicable ; Inapplicable ; Inapplicable ; Inapplicable ; Inapplicable ; Pass      ; Inapplicable ; Inapplicable ;
; PCValue[6]               ; Inapplicable ; Inapplicable ; Inapplicable ; Inapplicable ; Inapplicable ; Pass      ; Inapplicable ; Inapplicable ; Pass      ; Pass      ; Inapplicable ; Pass         ; Inapplicable ; Inapplicable ; Inapplicable ; Inapplicable ; Pass         ; Inapplicable ; Inapplicable ; Inapplicable ; Inapplicable ; Pass         ; Inapplicable ; Inapplicable ; Inapplicable ; Inapplicable ; Inapplicable ; Pass      ; Inapplicable ; Inapplicable ;
; PCValue[5]               ; Inapplicable ; Inapplicable ; Inapplicable ; Inapplicable ; Inapplicable ; Pass      ; Inapplicable ; Inapplicable ; Pass      ; Pass      ; Inapplicable ; Pass         ; Inapplicable ; Inapplicable ; Inapplicable ; Inapplicable ; Pass         ; Inapplicable ; Inapplicable ; Inapplicable ; Inapplicable ; Pass         ; Inapplicable ; Inapplicable ; Inapplicable ; Inapplicable ; Inapplicable ; Pass      ; Inapplicable ; Inapplicable ;
; PCValue[4]               ; Inapplicable ; Inapplicable ; Inapplicable ; Inapplicable ; Inapplicable ; Pass      ; Inapplicable ; Inapplicable ; Pass      ; Pass      ; Inapplicable ; Pass         ; Inapplicable ; Inapplicable ; Inapplicable ; Inapplicable ; Pass         ; Inapplicable ; Inapplicable ; Inapplicable ; Inapplicable ; Pass         ; Inapplicable ; Inapplicable ; Inapplicable ; Inapplicable ; Inapplicable ; Pass      ; Inapplicable ; Inapplicable ;
; PCValue[3]               ; Inapplicable ; Inapplicable ; Inapplicable ; Inapplicable ; Inapplicable ; Pass      ; Inapplicable ; Inapplicable ; Pass      ; Pass      ; Inapplicable ; Pass         ; Inapplicable ; Inapplicable ; Inapplicable ; Inapplicable ; Pass         ; Inapplicable ; Inapplicable ; Inapplicable ; Inapplicable ; Pass         ; Inapplicable ; Inapplicable ; Inapplicable ; Inapplicable ; Inapplicable ; Pass      ; Inapplicable ; Inapplicable ;
; PCValue[2]               ; Inapplicable ; Inapplicable ; Inapplicable ; Inapplicable ; Inapplicable ; Pass      ; Inapplicable ; Inapplicable ; Pass      ; Pass      ; Inapplicable ; Pass         ; Inapplicable ; Inapplicable ; Inapplicable ; Inapplicable ; Pass         ; Inapplicable ; Inapplicable ; Inapplicable ; Inapplicable ; Pass         ; Inapplicable ; Inapplicable ; Inapplicable ; Inapplicable ; Inapplicable ; Pass      ; Inapplicable ; Inapplicable ;
; PCValue[1]               ; Inapplicable ; Inapplicable ; Inapplicable ; Inapplicable ; Inapplicable ; Pass      ; Inapplicable ; Inapplicable ; Pass      ; Pass      ; Inapplicable ; Pass         ; Inapplicable ; Inapplicable ; Inapplicable ; Inapplicable ; Pass         ; Inapplicable ; Inapplicable ; Inapplicable ; Inapplicable ; Pass         ; Inapplicable ; Inapplicable ; Inapplicable ; Inapplicable ; Inapplicable ; Pass      ; Inapplicable ; Inapplicable ;
; PCValue[0]               ; Inapplicable ; Inapplicable ; Inapplicable ; Inapplicable ; Inapplicable ; Pass      ; Inapplicable ; Inapplicable ; Pass      ; Pass      ; Inapplicable ; Pass         ; Inapplicable ; Inapplicable ; Inapplicable ; Inapplicable ; Pass         ; Inapplicable ; Inapplicable ; Inapplicable ; Inapplicable ; Pass         ; Inapplicable ; Inapplicable ; Inapplicable ; Inapplicable ; Inapplicable ; Pass      ; Inapplicable ; Inapplicable ;
; Instruction_EX[31]       ; Inapplicable ; Inapplicable ; Inapplicable ; Inapplicable ; Inapplicable ; Pass      ; Inapplicable ; Inapplicable ; Pass      ; Pass      ; Inapplicable ; Pass         ; Inapplicable ; Inapplicable ; Inapplicable ; Inapplicable ; Pass         ; Inapplicable ; Inapplicable ; Inapplicable ; Inapplicable ; Pass         ; Inapplicable ; Inapplicable ; Inapplicable ; Inapplicable ; Inapplicable ; Pass      ; Inapplicable ; Inapplicable ;
; Instruction_EX[30]       ; Inapplicable ; Inapplicable ; Inapplicable ; Inapplicable ; Inapplicable ; Pass      ; Inapplicable ; Inapplicable ; Pass      ; Pass      ; Inapplicable ; Pass         ; Inapplicable ; Inapplicable ; Inapplicable ; Inapplicable ; Pass         ; Inapplicable ; Inapplicable ; Inapplicable ; Inapplicable ; Pass         ; Inapplicable ; Inapplicable ; Inapplicable ; Inapplicable ; Inapplicable ; Pass      ; Inapplicable ; Inapplicable ;
; Instruction_EX[29]       ; Inapplicable ; Inapplicable ; Inapplicable ; Inapplicable ; Inapplicable ; Pass      ; Inapplicable ; Inapplicable ; Pass      ; Pass      ; Inapplicable ; Pass         ; Inapplicable ; Inapplicable ; Inapplicable ; Inapplicable ; Pass         ; Inapplicable ; Inapplicable ; Inapplicable ; Inapplicable ; Pass         ; Inapplicable ; Inapplicable ; Inapplicable ; Inapplicable ; Inapplicable ; Pass      ; Inapplicable ; Inapplicable ;
; Instruction_EX[28]       ; Inapplicable ; Inapplicable ; Inapplicable ; Inapplicable ; Inapplicable ; Pass      ; Inapplicable ; Inapplicable ; Pass      ; Pass      ; Inapplicable ; Pass         ; Inapplicable ; Inapplicable ; Inapplicable ; Inapplicable ; Pass         ; Inapplicable ; Inapplicable ; Inapplicable ; Inapplicable ; Pass         ; Inapplicable ; Inapplicable ; Inapplicable ; Inapplicable ; Inapplicable ; Pass      ; Inapplicable ; Inapplicable ;
; Instruction_EX[27]       ; Inapplicable ; Inapplicable ; Inapplicable ; Inapplicable ; Inapplicable ; Pass      ; Inapplicable ; Inapplicable ; Pass      ; Pass      ; Inapplicable ; Pass         ; Inapplicable ; Inapplicable ; Inapplicable ; Inapplicable ; Pass         ; Inapplicable ; Inapplicable ; Inapplicable ; Inapplicable ; Pass         ; Inapplicable ; Inapplicable ; Inapplicable ; Inapplicable ; Inapplicable ; Pass      ; Inapplicable ; Inapplicable ;
; Instruction_EX[26]       ; Inapplicable ; Inapplicable ; Inapplicable ; Inapplicable ; Inapplicable ; Pass      ; Inapplicable ; Inapplicable ; Pass      ; Pass      ; Inapplicable ; Pass         ; Inapplicable ; Inapplicable ; Inapplicable ; Inapplicable ; Pass         ; Inapplicable ; Inapplicable ; Inapplicable ; Inapplicable ; Pass         ; Inapplicable ; Inapplicable ; Inapplicable ; Inapplicable ; Inapplicable ; Pass      ; Inapplicable ; Inapplicable ;
; Instruction_EX[25]       ; Inapplicable ; Inapplicable ; Inapplicable ; Inapplicable ; Inapplicable ; Pass      ; Inapplicable ; Inapplicable ; Pass      ; Pass      ; Inapplicable ; Pass         ; Inapplicable ; Inapplicable ; Inapplicable ; Inapplicable ; Pass         ; Inapplicable ; Inapplicable ; Inapplicable ; Inapplicable ; Pass         ; Inapplicable ; Inapplicable ; Inapplicable ; Inapplicable ; Inapplicable ; Pass      ; Inapplicable ; Inapplicable ;
; Instruction_EX[24]       ; Inapplicable ; Inapplicable ; Inapplicable ; Inapplicable ; Inapplicable ; Pass      ; Inapplicable ; Inapplicable ; Pass      ; Pass      ; Inapplicable ; Pass         ; Inapplicable ; Inapplicable ; Inapplicable ; Inapplicable ; Pass         ; Inapplicable ; Inapplicable ; Inapplicable ; Inapplicable ; Pass         ; Inapplicable ; Inapplicable ; Inapplicable ; Inapplicable ; Inapplicable ; Pass      ; Inapplicable ; Inapplicable ;
; Instruction_EX[23]       ; Inapplicable ; Inapplicable ; Inapplicable ; Inapplicable ; Inapplicable ; Pass      ; Inapplicable ; Inapplicable ; Pass      ; Pass      ; Inapplicable ; Pass         ; Inapplicable ; Inapplicable ; Inapplicable ; Inapplicable ; Pass         ; Inapplicable ; Inapplicable ; Inapplicable ; Inapplicable ; Pass         ; Inapplicable ; Inapplicable ; Inapplicable ; Inapplicable ; Inapplicable ; Pass      ; Inapplicable ; Inapplicable ;
; Instruction_EX[22]       ; Inapplicable ; Inapplicable ; Inapplicable ; Inapplicable ; Inapplicable ; Pass      ; Inapplicable ; Inapplicable ; Pass      ; Pass      ; Inapplicable ; Pass         ; Inapplicable ; Inapplicable ; Inapplicable ; Inapplicable ; Pass         ; Inapplicable ; Inapplicable ; Inapplicable ; Inapplicable ; Pass         ; Inapplicable ; Inapplicable ; Inapplicable ; Inapplicable ; Inapplicable ; Pass      ; Inapplicable ; Inapplicable ;
; Instruction_EX[21]       ; Inapplicable ; Inapplicable ; Inapplicable ; Inapplicable ; Inapplicable ; Pass      ; Inapplicable ; Inapplicable ; Pass      ; Pass      ; Inapplicable ; Pass         ; Inapplicable ; Inapplicable ; Inapplicable ; Inapplicable ; Pass         ; Inapplicable ; Inapplicable ; Inapplicable ; Inapplicable ; Pass         ; Inapplicable ; Inapplicable ; Inapplicable ; Inapplicable ; Inapplicable ; Pass      ; Inapplicable ; Inapplicable ;
; Instruction_EX[20]       ; Inapplicable ; Inapplicable ; Inapplicable ; Inapplicable ; Inapplicable ; Pass      ; Inapplicable ; Inapplicable ; Pass      ; Pass      ; Inapplicable ; Pass         ; Inapplicable ; Inapplicable ; Inapplicable ; Inapplicable ; Pass         ; Inapplicable ; Inapplicable ; Inapplicable ; Inapplicable ; Pass         ; Inapplicable ; Inapplicable ; Inapplicable ; Inapplicable ; Inapplicable ; Pass      ; Inapplicable ; Inapplicable ;
; Instruction_EX[19]       ; Inapplicable ; Inapplicable ; Inapplicable ; Inapplicable ; Inapplicable ; Pass      ; Inapplicable ; Inapplicable ; Pass      ; Pass      ; Inapplicable ; Pass         ; Inapplicable ; Inapplicable ; Inapplicable ; Inapplicable ; Pass         ; Inapplicable ; Inapplicable ; Inapplicable ; Inapplicable ; Pass         ; Inapplicable ; Inapplicable ; Inapplicable ; Inapplicable ; Inapplicable ; Pass      ; Inapplicable ; Inapplicable ;
; Instruction_EX[18]       ; Inapplicable ; Inapplicable ; Inapplicable ; Inapplicable ; Inapplicable ; Pass      ; Inapplicable ; Inapplicable ; Pass      ; Pass      ; Inapplicable ; Pass         ; Inapplicable ; Inapplicable ; Inapplicable ; Inapplicable ; Pass         ; Inapplicable ; Inapplicable ; Inapplicable ; Inapplicable ; Pass         ; Inapplicable ; Inapplicable ; Inapplicable ; Inapplicable ; Inapplicable ; Pass      ; Inapplicable ; Inapplicable ;
; Instruction_EX[17]       ; Inapplicable ; Inapplicable ; Inapplicable ; Inapplicable ; Inapplicable ; Pass      ; Inapplicable ; Inapplicable ; Pass      ; Pass      ; Inapplicable ; Pass         ; Inapplicable ; Inapplicable ; Inapplicable ; Inapplicable ; Pass         ; Inapplicable ; Inapplicable ; Inapplicable ; Inapplicable ; Pass         ; Inapplicable ; Inapplicable ; Inapplicable ; Inapplicable ; Inapplicable ; Pass      ; Inapplicable ; Inapplicable ;
; Instruction_EX[16]       ; Inapplicable ; Inapplicable ; Inapplicable ; Inapplicable ; Inapplicable ; Pass      ; Inapplicable ; Inapplicable ; Pass      ; Pass      ; Inapplicable ; Pass         ; Inapplicable ; Inapplicable ; Inapplicable ; Inapplicable ; Pass         ; Inapplicable ; Inapplicable ; Inapplicable ; Inapplicable ; Pass         ; Inapplicable ; Inapplicable ; Inapplicable ; Inapplicable ; Inapplicable ; Pass      ; Inapplicable ; Inapplicable ;
; Instruction_EX[15]       ; Inapplicable ; Inapplicable ; Inapplicable ; Inapplicable ; Inapplicable ; Pass      ; Inapplicable ; Inapplicable ; Pass      ; Pass      ; Inapplicable ; Pass         ; Inapplicable ; Inapplicable ; Inapplicable ; Inapplicable ; Pass         ; Inapplicable ; Inapplicable ; Inapplicable ; Inapplicable ; Pass         ; Inapplicable ; Inapplicable ; Inapplicable ; Inapplicable ; Inapplicable ; Pass      ; Inapplicable ; Inapplicable ;
; Instruction_EX[14]       ; Inapplicable ; Inapplicable ; Inapplicable ; Inapplicable ; Inapplicable ; Pass      ; Inapplicable ; Inapplicable ; Pass      ; Pass      ; Inapplicable ; Pass         ; Inapplicable ; Inapplicable ; Inapplicable ; Inapplicable ; Pass         ; Inapplicable ; Inapplicable ; Inapplicable ; Inapplicable ; Pass         ; Inapplicable ; Inapplicable ; Inapplicable ; Inapplicable ; Inapplicable ; Pass      ; Inapplicable ; Inapplicable ;
; Instruction_EX[13]       ; Inapplicable ; Inapplicable ; Inapplicable ; Inapplicable ; Inapplicable ; Pass      ; Inapplicable ; Inapplicable ; Pass      ; Pass      ; Inapplicable ; Pass         ; Inapplicable ; Inapplicable ; Inapplicable ; Inapplicable ; Pass         ; Inapplicable ; Inapplicable ; Inapplicable ; Inapplicable ; Pass         ; Inapplicable ; Inapplicable ; Inapplicable ; Inapplicable ; Inapplicable ; Pass      ; Inapplicable ; Inapplicable ;
; Instruction_EX[12]       ; Inapplicable ; Inapplicable ; Inapplicable ; Inapplicable ; Inapplicable ; Pass      ; Inapplicable ; Inapplicable ; Pass      ; Pass      ; Inapplicable ; Pass         ; Inapplicable ; Inapplicable ; Inapplicable ; Inapplicable ; Pass         ; Inapplicable ; Inapplicable ; Inapplicable ; Inapplicable ; Pass         ; Inapplicable ; Inapplicable ; Inapplicable ; Inapplicable ; Inapplicable ; Pass      ; Inapplicable ; Inapplicable ;
; Instruction_EX[11]       ; Inapplicable ; Inapplicable ; Inapplicable ; Inapplicable ; Inapplicable ; Pass      ; Inapplicable ; Inapplicable ; Pass      ; Pass      ; Inapplicable ; Pass         ; Inapplicable ; Inapplicable ; Inapplicable ; Inapplicable ; Pass         ; Inapplicable ; Inapplicable ; Inapplicable ; Inapplicable ; Pass         ; Inapplicable ; Inapplicable ; Inapplicable ; Inapplicable ; Inapplicable ; Pass      ; Inapplicable ; Inapplicable ;
; Instruction_EX[10]       ; Inapplicable ; Inapplicable ; Inapplicable ; Inapplicable ; Inapplicable ; Pass      ; Inapplicable ; Inapplicable ; Pass      ; Pass      ; Inapplicable ; Pass         ; Inapplicable ; Inapplicable ; Inapplicable ; Inapplicable ; Pass         ; Inapplicable ; Inapplicable ; Inapplicable ; Inapplicable ; Pass         ; Inapplicable ; Inapplicable ; Inapplicable ; Inapplicable ; Inapplicable ; Pass      ; Inapplicable ; Inapplicable ;
; Instruction_EX[9]        ; Inapplicable ; Inapplicable ; Inapplicable ; Inapplicable ; Inapplicable ; Pass      ; Inapplicable ; Inapplicable ; Pass      ; Pass      ; Inapplicable ; Pass         ; Inapplicable ; Inapplicable ; Inapplicable ; Inapplicable ; Pass         ; Inapplicable ; Inapplicable ; Inapplicable ; Inapplicable ; Pass         ; Inapplicable ; Inapplicable ; Inapplicable ; Inapplicable ; Inapplicable ; Pass      ; Inapplicable ; Inapplicable ;
; Instruction_EX[8]        ; Inapplicable ; Inapplicable ; Inapplicable ; Inapplicable ; Inapplicable ; Pass      ; Inapplicable ; Inapplicable ; Pass      ; Pass      ; Inapplicable ; Pass         ; Inapplicable ; Inapplicable ; Inapplicable ; Inapplicable ; Pass         ; Inapplicable ; Inapplicable ; Inapplicable ; Inapplicable ; Pass         ; Inapplicable ; Inapplicable ; Inapplicable ; Inapplicable ; Inapplicable ; Pass      ; Inapplicable ; Inapplicable ;
; Instruction_EX[7]        ; Inapplicable ; Inapplicable ; Inapplicable ; Inapplicable ; Inapplicable ; Pass      ; Inapplicable ; Inapplicable ; Pass      ; Pass      ; Inapplicable ; Pass         ; Inapplicable ; Inapplicable ; Inapplicable ; Inapplicable ; Pass         ; Inapplicable ; Inapplicable ; Inapplicable ; Inapplicable ; Pass         ; Inapplicable ; Inapplicable ; Inapplicable ; Inapplicable ; Inapplicable ; Pass      ; Inapplicable ; Inapplicable ;
; Instruction_EX[6]        ; Inapplicable ; Inapplicable ; Inapplicable ; Inapplicable ; Inapplicable ; Pass      ; Inapplicable ; Inapplicable ; Pass      ; Pass      ; Inapplicable ; Pass         ; Inapplicable ; Inapplicable ; Inapplicable ; Inapplicable ; Pass         ; Inapplicable ; Inapplicable ; Inapplicable ; Inapplicable ; Pass         ; Inapplicable ; Inapplicable ; Inapplicable ; Inapplicable ; Inapplicable ; Pass      ; Inapplicable ; Inapplicable ;
; Instruction_EX[5]        ; Inapplicable ; Inapplicable ; Inapplicable ; Inapplicable ; Inapplicable ; Pass      ; Inapplicable ; Inapplicable ; Pass      ; Pass      ; Inapplicable ; Pass         ; Inapplicable ; Inapplicable ; Inapplicable ; Inapplicable ; Pass         ; Inapplicable ; Inapplicable ; Inapplicable ; Inapplicable ; Pass         ; Inapplicable ; Inapplicable ; Inapplicable ; Inapplicable ; Inapplicable ; Pass      ; Inapplicable ; Inapplicable ;
; Instruction_EX[4]        ; Inapplicable ; Inapplicable ; Inapplicable ; Inapplicable ; Inapplicable ; Pass      ; Inapplicable ; Inapplicable ; Pass      ; Pass      ; Inapplicable ; Pass         ; Inapplicable ; Inapplicable ; Inapplicable ; Inapplicable ; Pass         ; Inapplicable ; Inapplicable ; Inapplicable ; Inapplicable ; Pass         ; Inapplicable ; Inapplicable ; Inapplicable ; Inapplicable ; Inapplicable ; Pass      ; Inapplicable ; Inapplicable ;
; Instruction_EX[3]        ; Inapplicable ; Inapplicable ; Inapplicable ; Inapplicable ; Inapplicable ; Pass      ; Inapplicable ; Inapplicable ; Pass      ; Pass      ; Inapplicable ; Pass         ; Inapplicable ; Inapplicable ; Inapplicable ; Inapplicable ; Pass         ; Inapplicable ; Inapplicable ; Inapplicable ; Inapplicable ; Pass         ; Inapplicable ; Inapplicable ; Inapplicable ; Inapplicable ; Inapplicable ; Pass      ; Inapplicable ; Inapplicable ;
; Instruction_EX[2]        ; Inapplicable ; Inapplicable ; Inapplicable ; Inapplicable ; Inapplicable ; Pass      ; Inapplicable ; Inapplicable ; Pass      ; Pass      ; Inapplicable ; Pass         ; Inapplicable ; Inapplicable ; Inapplicable ; Inapplicable ; Pass         ; Inapplicable ; Inapplicable ; Inapplicable ; Inapplicable ; Pass         ; Inapplicable ; Inapplicable ; Inapplicable ; Inapplicable ; Inapplicable ; Pass      ; Inapplicable ; Inapplicable ;
; Instruction_EX[1]        ; Inapplicable ; Inapplicable ; Inapplicable ; Inapplicable ; Inapplicable ; Pass      ; Inapplicable ; Inapplicable ; Pass      ; Pass      ; Inapplicable ; Pass         ; Inapplicable ; Inapplicable ; Inapplicable ; Inapplicable ; Pass         ; Inapplicable ; Inapplicable ; Inapplicable ; Inapplicable ; Pass         ; Inapplicable ; Inapplicable ; Inapplicable ; Inapplicable ; Inapplicable ; Pass      ; Inapplicable ; Inapplicable ;
; Instruction_EX[0]        ; Inapplicable ; Inapplicable ; Inapplicable ; Inapplicable ; Inapplicable ; Pass      ; Inapplicable ; Inapplicable ; Pass      ; Pass      ; Inapplicable ; Pass         ; Inapplicable ; Inapplicable ; Inapplicable ; Inapplicable ; Pass         ; Inapplicable ; Inapplicable ; Inapplicable ; Inapplicable ; Pass         ; Inapplicable ; Inapplicable ; Inapplicable ; Inapplicable ; Inapplicable ; Pass      ; Inapplicable ; Inapplicable ;
; ALU_Control[2]           ; Inapplicable ; Inapplicable ; Inapplicable ; Inapplicable ; Inapplicable ; Pass      ; Inapplicable ; Inapplicable ; Pass      ; Pass      ; Inapplicable ; Pass         ; Inapplicable ; Inapplicable ; Inapplicable ; Inapplicable ; Pass         ; Inapplicable ; Inapplicable ; Inapplicable ; Inapplicable ; Pass         ; Inapplicable ; Inapplicable ; Inapplicable ; Inapplicable ; Inapplicable ; Pass      ; Inapplicable ; Inapplicable ;
; ALU_Control[1]           ; Inapplicable ; Inapplicable ; Inapplicable ; Inapplicable ; Inapplicable ; Pass      ; Inapplicable ; Inapplicable ; Pass      ; Pass      ; Inapplicable ; Pass         ; Inapplicable ; Inapplicable ; Inapplicable ; Inapplicable ; Pass         ; Inapplicable ; Inapplicable ; Inapplicable ; Inapplicable ; Pass         ; Inapplicable ; Inapplicable ; Inapplicable ; Inapplicable ; Inapplicable ; Pass      ; Inapplicable ; Inapplicable ;
; ALU_Control[0]           ; Inapplicable ; Inapplicable ; Inapplicable ; Inapplicable ; Inapplicable ; Pass      ; Inapplicable ; Inapplicable ; Pass      ; Pass      ; Inapplicable ; Pass         ; Inapplicable ; Inapplicable ; Inapplicable ; Inapplicable ; Pass         ; Inapplicable ; Inapplicable ; Inapplicable ; Inapplicable ; Pass         ; Inapplicable ; Inapplicable ; Inapplicable ; Inapplicable ; Inapplicable ; Pass      ; Inapplicable ; Inapplicable ;
; ALUop1[7]                ; Inapplicable ; Inapplicable ; Inapplicable ; Inapplicable ; Inapplicable ; Pass      ; Inapplicable ; Inapplicable ; Pass      ; Pass      ; Inapplicable ; Pass         ; Inapplicable ; Inapplicable ; Inapplicable ; Inapplicable ; Pass         ; Inapplicable ; Inapplicable ; Inapplicable ; Inapplicable ; Pass         ; Inapplicable ; Inapplicable ; Inapplicable ; Inapplicable ; Inapplicable ; Pass      ; Inapplicable ; Inapplicable ;
; ALUop1[6]                ; Inapplicable ; Inapplicable ; Inapplicable ; Inapplicable ; Inapplicable ; Pass      ; Inapplicable ; Inapplicable ; Pass      ; Pass      ; Inapplicable ; Pass         ; Inapplicable ; Inapplicable ; Inapplicable ; Inapplicable ; Pass         ; Inapplicable ; Inapplicable ; Inapplicable ; Inapplicable ; Pass         ; Inapplicable ; Inapplicable ; Inapplicable ; Inapplicable ; Inapplicable ; Pass      ; Inapplicable ; Inapplicable ;
; ALUop1[5]                ; Inapplicable ; Inapplicable ; Inapplicable ; Inapplicable ; Inapplicable ; Pass      ; Inapplicable ; Inapplicable ; Pass      ; Pass      ; Inapplicable ; Pass         ; Inapplicable ; Inapplicable ; Inapplicable ; Inapplicable ; Pass         ; Inapplicable ; Inapplicable ; Inapplicable ; Inapplicable ; Pass         ; Inapplicable ; Inapplicable ; Inapplicable ; Inapplicable ; Inapplicable ; Pass      ; Inapplicable ; Inapplicable ;
; ALUop1[4]                ; Inapplicable ; Inapplicable ; Inapplicable ; Inapplicable ; Inapplicable ; Pass      ; Inapplicable ; Inapplicable ; Pass      ; Pass      ; Inapplicable ; Pass         ; Inapplicable ; Inapplicable ; Inapplicable ; Inapplicable ; Pass         ; Inapplicable ; Inapplicable ; Inapplicable ; Inapplicable ; Pass         ; Inapplicable ; Inapplicable ; Inapplicable ; Inapplicable ; Inapplicable ; Pass      ; Inapplicable ; Inapplicable ;
; ALUop1[3]                ; Inapplicable ; Inapplicable ; Inapplicable ; Inapplicable ; Inapplicable ; Pass      ; Inapplicable ; Inapplicable ; Pass      ; Pass      ; Inapplicable ; Pass         ; Inapplicable ; Inapplicable ; Inapplicable ; Inapplicable ; Pass         ; Inapplicable ; Inapplicable ; Inapplicable ; Inapplicable ; Pass         ; Inapplicable ; Inapplicable ; Inapplicable ; Inapplicable ; Inapplicable ; Pass      ; Inapplicable ; Inapplicable ;
; ALUop1[2]                ; Inapplicable ; Inapplicable ; Inapplicable ; Inapplicable ; Inapplicable ; Pass      ; Inapplicable ; Inapplicable ; Pass      ; Pass      ; Inapplicable ; Pass         ; Inapplicable ; Inapplicable ; Inapplicable ; Inapplicable ; Pass         ; Inapplicable ; Inapplicable ; Inapplicable ; Inapplicable ; Pass         ; Inapplicable ; Inapplicable ; Inapplicable ; Inapplicable ; Inapplicable ; Pass      ; Inapplicable ; Inapplicable ;
; ALUop1[1]                ; Inapplicable ; Inapplicable ; Inapplicable ; Inapplicable ; Inapplicable ; Pass      ; Inapplicable ; Inapplicable ; Pass      ; Pass      ; Inapplicable ; Pass         ; Inapplicable ; Inapplicable ; Inapplicable ; Inapplicable ; Pass         ; Inapplicable ; Inapplicable ; Inapplicable ; Inapplicable ; Pass         ; Inapplicable ; Inapplicable ; Inapplicable ; Inapplicable ; Inapplicable ; Pass      ; Inapplicable ; Inapplicable ;
; ALUop1[0]                ; Inapplicable ; Inapplicable ; Inapplicable ; Inapplicable ; Inapplicable ; Pass      ; Inapplicable ; Inapplicable ; Pass      ; Pass      ; Inapplicable ; Pass         ; Inapplicable ; Inapplicable ; Inapplicable ; Inapplicable ; Pass         ; Inapplicable ; Inapplicable ; Inapplicable ; Inapplicable ; Pass         ; Inapplicable ; Inapplicable ; Inapplicable ; Inapplicable ; Inapplicable ; Pass      ; Inapplicable ; Inapplicable ;
; ALUop2[7]                ; Inapplicable ; Inapplicable ; Inapplicable ; Inapplicable ; Inapplicable ; Pass      ; Inapplicable ; Inapplicable ; Pass      ; Pass      ; Inapplicable ; Pass         ; Inapplicable ; Inapplicable ; Inapplicable ; Inapplicable ; Pass         ; Inapplicable ; Inapplicable ; Inapplicable ; Inapplicable ; Pass         ; Inapplicable ; Inapplicable ; Inapplicable ; Inapplicable ; Inapplicable ; Pass      ; Inapplicable ; Inapplicable ;
; ALUop2[6]                ; Inapplicable ; Inapplicable ; Inapplicable ; Inapplicable ; Inapplicable ; Pass      ; Inapplicable ; Inapplicable ; Pass      ; Pass      ; Inapplicable ; Pass         ; Inapplicable ; Inapplicable ; Inapplicable ; Inapplicable ; Pass         ; Inapplicable ; Inapplicable ; Inapplicable ; Inapplicable ; Pass         ; Inapplicable ; Inapplicable ; Inapplicable ; Inapplicable ; Inapplicable ; Pass      ; Inapplicable ; Inapplicable ;
; ALUop2[5]                ; Inapplicable ; Inapplicable ; Inapplicable ; Inapplicable ; Inapplicable ; Pass      ; Inapplicable ; Inapplicable ; Pass      ; Pass      ; Inapplicable ; Pass         ; Inapplicable ; Inapplicable ; Inapplicable ; Inapplicable ; Pass         ; Inapplicable ; Inapplicable ; Inapplicable ; Inapplicable ; Pass         ; Inapplicable ; Inapplicable ; Inapplicable ; Inapplicable ; Inapplicable ; Pass      ; Inapplicable ; Inapplicable ;
; ALUop2[4]                ; Inapplicable ; Inapplicable ; Inapplicable ; Inapplicable ; Inapplicable ; Pass      ; Inapplicable ; Inapplicable ; Pass      ; Pass      ; Inapplicable ; Pass         ; Inapplicable ; Inapplicable ; Inapplicable ; Inapplicable ; Pass         ; Inapplicable ; Inapplicable ; Inapplicable ; Inapplicable ; Pass         ; Inapplicable ; Inapplicable ; Inapplicable ; Inapplicable ; Inapplicable ; Pass      ; Inapplicable ; Inapplicable ;
; ALUop2[3]                ; Inapplicable ; Inapplicable ; Inapplicable ; Inapplicable ; Inapplicable ; Pass      ; Inapplicable ; Inapplicable ; Pass      ; Pass      ; Inapplicable ; Pass         ; Inapplicable ; Inapplicable ; Inapplicable ; Inapplicable ; Pass         ; Inapplicable ; Inapplicable ; Inapplicable ; Inapplicable ; Pass         ; Inapplicable ; Inapplicable ; Inapplicable ; Inapplicable ; Inapplicable ; Pass      ; Inapplicable ; Inapplicable ;
; ALUop2[2]                ; Inapplicable ; Inapplicable ; Inapplicable ; Inapplicable ; Inapplicable ; Pass      ; Inapplicable ; Inapplicable ; Pass      ; Pass      ; Inapplicable ; Pass         ; Inapplicable ; Inapplicable ; Inapplicable ; Inapplicable ; Pass         ; Inapplicable ; Inapplicable ; Inapplicable ; Inapplicable ; Pass         ; Inapplicable ; Inapplicable ; Inapplicable ; Inapplicable ; Inapplicable ; Pass      ; Inapplicable ; Inapplicable ;
; ALUop2[1]                ; Inapplicable ; Inapplicable ; Inapplicable ; Inapplicable ; Inapplicable ; Pass      ; Inapplicable ; Inapplicable ; Pass      ; Pass      ; Inapplicable ; Pass         ; Inapplicable ; Inapplicable ; Inapplicable ; Inapplicable ; Pass         ; Inapplicable ; Inapplicable ; Inapplicable ; Inapplicable ; Pass         ; Inapplicable ; Inapplicable ; Inapplicable ; Inapplicable ; Inapplicable ; Pass      ; Inapplicable ; Inapplicable ;
; ALUop2[0]                ; Inapplicable ; Inapplicable ; Inapplicable ; Inapplicable ; Inapplicable ; Pass      ; Inapplicable ; Inapplicable ; Pass      ; Pass      ; Inapplicable ; Pass         ; Inapplicable ; Inapplicable ; Inapplicable ; Inapplicable ; Pass         ; Inapplicable ; Inapplicable ; Inapplicable ; Inapplicable ; Pass         ; Inapplicable ; Inapplicable ; Inapplicable ; Inapplicable ; Inapplicable ; Pass      ; Inapplicable ; Inapplicable ;
; ALUResultEX[7]           ; Inapplicable ; Inapplicable ; Inapplicable ; Inapplicable ; Inapplicable ; Pass      ; Inapplicable ; Inapplicable ; Pass      ; Pass      ; Inapplicable ; Pass         ; Inapplicable ; Inapplicable ; Inapplicable ; Inapplicable ; Pass         ; Inapplicable ; Inapplicable ; Inapplicable ; Inapplicable ; Pass         ; Inapplicable ; Inapplicable ; Inapplicable ; Inapplicable ; Inapplicable ; Pass      ; Inapplicable ; Inapplicable ;
; ALUResultEX[6]           ; Inapplicable ; Inapplicable ; Inapplicable ; Inapplicable ; Inapplicable ; Pass      ; Inapplicable ; Inapplicable ; Pass      ; Pass      ; Inapplicable ; Pass         ; Inapplicable ; Inapplicable ; Inapplicable ; Inapplicable ; Pass         ; Inapplicable ; Inapplicable ; Inapplicable ; Inapplicable ; Pass         ; Inapplicable ; Inapplicable ; Inapplicable ; Inapplicable ; Inapplicable ; Pass      ; Inapplicable ; Inapplicable ;
; ALUResultEX[5]           ; Inapplicable ; Inapplicable ; Inapplicable ; Inapplicable ; Inapplicable ; Pass      ; Inapplicable ; Inapplicable ; Pass      ; Pass      ; Inapplicable ; Pass         ; Inapplicable ; Inapplicable ; Inapplicable ; Inapplicable ; Pass         ; Inapplicable ; Inapplicable ; Inapplicable ; Inapplicable ; Pass         ; Inapplicable ; Inapplicable ; Inapplicable ; Inapplicable ; Inapplicable ; Pass      ; Inapplicable ; Inapplicable ;
; ALUResultEX[4]           ; Inapplicable ; Inapplicable ; Inapplicable ; Inapplicable ; Inapplicable ; Pass      ; Inapplicable ; Inapplicable ; Pass      ; Pass      ; Inapplicable ; Pass         ; Inapplicable ; Inapplicable ; Inapplicable ; Inapplicable ; Pass         ; Inapplicable ; Inapplicable ; Inapplicable ; Inapplicable ; Pass         ; Inapplicable ; Inapplicable ; Inapplicable ; Inapplicable ; Inapplicable ; Pass      ; Inapplicable ; Inapplicable ;
; ALUResultEX[3]           ; Inapplicable ; Inapplicable ; Inapplicable ; Inapplicable ; Inapplicable ; Pass      ; Inapplicable ; Inapplicable ; Pass      ; Pass      ; Inapplicable ; Pass         ; Inapplicable ; Inapplicable ; Inapplicable ; Inapplicable ; Pass         ; Inapplicable ; Inapplicable ; Inapplicable ; Inapplicable ; Pass         ; Inapplicable ; Inapplicable ; Inapplicable ; Inapplicable ; Inapplicable ; Pass      ; Inapplicable ; Inapplicable ;
; ALUResultEX[2]           ; Inapplicable ; Inapplicable ; Inapplicable ; Inapplicable ; Inapplicable ; Pass      ; Inapplicable ; Inapplicable ; Pass      ; Pass      ; Inapplicable ; Pass         ; Inapplicable ; Inapplicable ; Inapplicable ; Inapplicable ; Pass         ; Inapplicable ; Inapplicable ; Inapplicable ; Inapplicable ; Pass         ; Inapplicable ; Inapplicable ; Inapplicable ; Inapplicable ; Inapplicable ; Pass      ; Inapplicable ; Inapplicable ;
; ALUResultEX[1]           ; Inapplicable ; Inapplicable ; Inapplicable ; Inapplicable ; Inapplicable ; Pass      ; Inapplicable ; Inapplicable ; Pass      ; Pass      ; Inapplicable ; Pass         ; Inapplicable ; Inapplicable ; Inapplicable ; Inapplicable ; Pass         ; Inapplicable ; Inapplicable ; Inapplicable ; Inapplicable ; Pass         ; Inapplicable ; Inapplicable ; Inapplicable ; Inapplicable ; Inapplicable ; Pass      ; Inapplicable ; Inapplicable ;
; ALUResultEX[0]           ; Inapplicable ; Inapplicable ; Inapplicable ; Inapplicable ; Inapplicable ; Pass      ; Inapplicable ; Inapplicable ; Pass      ; Pass      ; Inapplicable ; Pass         ; Inapplicable ; Inapplicable ; Inapplicable ; Inapplicable ; Pass         ; Inapplicable ; Inapplicable ; Inapplicable ; Inapplicable ; Pass         ; Inapplicable ; Inapplicable ; Inapplicable ; Inapplicable ; Inapplicable ; Pass      ; Inapplicable ; Inapplicable ;
; Data_from_address_MEM[7] ; Inapplicable ; Inapplicable ; Inapplicable ; Inapplicable ; Inapplicable ; Pass      ; Inapplicable ; Inapplicable ; Pass      ; Pass      ; Inapplicable ; Pass         ; Inapplicable ; Inapplicable ; Inapplicable ; Inapplicable ; Pass         ; Inapplicable ; Inapplicable ; Inapplicable ; Inapplicable ; Pass         ; Inapplicable ; Inapplicable ; Inapplicable ; Inapplicable ; Inapplicable ; Pass      ; Inapplicable ; Inapplicable ;
; Data_from_address_MEM[6] ; Inapplicable ; Inapplicable ; Inapplicable ; Inapplicable ; Inapplicable ; Pass      ; Inapplicable ; Inapplicable ; Pass      ; Pass      ; Inapplicable ; Pass         ; Inapplicable ; Inapplicable ; Inapplicable ; Inapplicable ; Pass         ; Inapplicable ; Inapplicable ; Inapplicable ; Inapplicable ; Pass         ; Inapplicable ; Inapplicable ; Inapplicable ; Inapplicable ; Inapplicable ; Pass      ; Inapplicable ; Inapplicable ;
; Data_from_address_MEM[5] ; Inapplicable ; Inapplicable ; Inapplicable ; Inapplicable ; Inapplicable ; Pass      ; Inapplicable ; Inapplicable ; Pass      ; Pass      ; Inapplicable ; Pass         ; Inapplicable ; Inapplicable ; Inapplicable ; Inapplicable ; Pass         ; Inapplicable ; Inapplicable ; Inapplicable ; Inapplicable ; Pass         ; Inapplicable ; Inapplicable ; Inapplicable ; Inapplicable ; Inapplicable ; Pass      ; Inapplicable ; Inapplicable ;
; Data_from_address_MEM[4] ; Inapplicable ; Inapplicable ; Inapplicable ; Inapplicable ; Inapplicable ; Pass      ; Inapplicable ; Inapplicable ; Pass      ; Pass      ; Inapplicable ; Pass         ; Inapplicable ; Inapplicable ; Inapplicable ; Inapplicable ; Pass         ; Inapplicable ; Inapplicable ; Inapplicable ; Inapplicable ; Pass         ; Inapplicable ; Inapplicable ; Inapplicable ; Inapplicable ; Inapplicable ; Pass      ; Inapplicable ; Inapplicable ;
; Data_from_address_MEM[3] ; Inapplicable ; Inapplicable ; Inapplicable ; Inapplicable ; Inapplicable ; Pass      ; Inapplicable ; Inapplicable ; Pass      ; Pass      ; Inapplicable ; Pass         ; Inapplicable ; Inapplicable ; Inapplicable ; Inapplicable ; Pass         ; Inapplicable ; Inapplicable ; Inapplicable ; Inapplicable ; Pass         ; Inapplicable ; Inapplicable ; Inapplicable ; Inapplicable ; Inapplicable ; Pass      ; Inapplicable ; Inapplicable ;
; Data_from_address_MEM[2] ; Inapplicable ; Inapplicable ; Inapplicable ; Inapplicable ; Inapplicable ; Pass      ; Inapplicable ; Inapplicable ; Pass      ; Pass      ; Inapplicable ; Pass         ; Inapplicable ; Inapplicable ; Inapplicable ; Inapplicable ; Pass         ; Inapplicable ; Inapplicable ; Inapplicable ; Inapplicable ; Pass         ; Inapplicable ; Inapplicable ; Inapplicable ; Inapplicable ; Inapplicable ; Pass      ; Inapplicable ; Inapplicable ;
; Data_from_address_MEM[1] ; Inapplicable ; Inapplicable ; Inapplicable ; Inapplicable ; Inapplicable ; Pass      ; Inapplicable ; Inapplicable ; Pass      ; Pass      ; Inapplicable ; Pass         ; Inapplicable ; Inapplicable ; Inapplicable ; Inapplicable ; Pass         ; Inapplicable ; Inapplicable ; Inapplicable ; Inapplicable ; Pass         ; Inapplicable ; Inapplicable ; Inapplicable ; Inapplicable ; Inapplicable ; Pass      ; Inapplicable ; Inapplicable ;
; Data_from_address_MEM[0] ; Inapplicable ; Inapplicable ; Inapplicable ; Inapplicable ; Inapplicable ; Pass      ; Inapplicable ; Inapplicable ; Pass      ; Pass      ; Inapplicable ; Pass         ; Inapplicable ; Inapplicable ; Inapplicable ; Inapplicable ; Pass         ; Inapplicable ; Inapplicable ; Inapplicable ; Inapplicable ; Pass         ; Inapplicable ; Inapplicable ; Inapplicable ; Inapplicable ; Inapplicable ; Pass      ; Inapplicable ; Inapplicable ;
; Data_goingtobe[7]        ; Inapplicable ; Inapplicable ; Inapplicable ; Inapplicable ; Inapplicable ; Pass      ; Inapplicable ; Inapplicable ; Pass      ; Pass      ; Inapplicable ; Pass         ; Inapplicable ; Inapplicable ; Inapplicable ; Inapplicable ; Pass         ; Inapplicable ; Inapplicable ; Inapplicable ; Inapplicable ; Pass         ; Inapplicable ; Inapplicable ; Inapplicable ; Inapplicable ; Inapplicable ; Pass      ; Inapplicable ; Inapplicable ;
; Data_goingtobe[6]        ; Inapplicable ; Inapplicable ; Inapplicable ; Inapplicable ; Inapplicable ; Pass      ; Inapplicable ; Inapplicable ; Pass      ; Pass      ; Inapplicable ; Pass         ; Inapplicable ; Inapplicable ; Inapplicable ; Inapplicable ; Pass         ; Inapplicable ; Inapplicable ; Inapplicable ; Inapplicable ; Pass         ; Inapplicable ; Inapplicable ; Inapplicable ; Inapplicable ; Inapplicable ; Pass      ; Inapplicable ; Inapplicable ;
; Data_goingtobe[5]        ; Inapplicable ; Inapplicable ; Inapplicable ; Inapplicable ; Inapplicable ; Pass      ; Inapplicable ; Inapplicable ; Pass      ; Pass      ; Inapplicable ; Pass         ; Inapplicable ; Inapplicable ; Inapplicable ; Inapplicable ; Pass         ; Inapplicable ; Inapplicable ; Inapplicable ; Inapplicable ; Pass         ; Inapplicable ; Inapplicable ; Inapplicable ; Inapplicable ; Inapplicable ; Pass      ; Inapplicable ; Inapplicable ;
; Data_goingtobe[4]        ; Inapplicable ; Inapplicable ; Inapplicable ; Inapplicable ; Inapplicable ; Pass      ; Inapplicable ; Inapplicable ; Pass      ; Pass      ; Inapplicable ; Pass         ; Inapplicable ; Inapplicable ; Inapplicable ; Inapplicable ; Pass         ; Inapplicable ; Inapplicable ; Inapplicable ; Inapplicable ; Pass         ; Inapplicable ; Inapplicable ; Inapplicable ; Inapplicable ; Inapplicable ; Pass      ; Inapplicable ; Inapplicable ;
; Data_goingtobe[3]        ; Inapplicable ; Inapplicable ; Inapplicable ; Inapplicable ; Inapplicable ; Pass      ; Inapplicable ; Inapplicable ; Pass      ; Pass      ; Inapplicable ; Pass         ; Inapplicable ; Inapplicable ; Inapplicable ; Inapplicable ; Pass         ; Inapplicable ; Inapplicable ; Inapplicable ; Inapplicable ; Pass         ; Inapplicable ; Inapplicable ; Inapplicable ; Inapplicable ; Inapplicable ; Pass      ; Inapplicable ; Inapplicable ;
; Data_goingtobe[2]        ; Inapplicable ; Inapplicable ; Inapplicable ; Inapplicable ; Inapplicable ; Pass      ; Inapplicable ; Inapplicable ; Pass      ; Pass      ; Inapplicable ; Pass         ; Inapplicable ; Inapplicable ; Inapplicable ; Inapplicable ; Pass         ; Inapplicable ; Inapplicable ; Inapplicable ; Inapplicable ; Pass         ; Inapplicable ; Inapplicable ; Inapplicable ; Inapplicable ; Inapplicable ; Pass      ; Inapplicable ; Inapplicable ;
; Data_goingtobe[1]        ; Inapplicable ; Inapplicable ; Inapplicable ; Inapplicable ; Inapplicable ; Pass      ; Inapplicable ; Inapplicable ; Pass      ; Pass      ; Inapplicable ; Pass         ; Inapplicable ; Inapplicable ; Inapplicable ; Inapplicable ; Pass         ; Inapplicable ; Inapplicable ; Inapplicable ; Inapplicable ; Pass         ; Inapplicable ; Inapplicable ; Inapplicable ; Inapplicable ; Inapplicable ; Pass      ; Inapplicable ; Inapplicable ;
; Data_goingtobe[0]        ; Inapplicable ; Inapplicable ; Inapplicable ; Inapplicable ; Inapplicable ; Pass      ; Inapplicable ; Inapplicable ; Pass      ; Pass      ; Inapplicable ; Pass         ; Inapplicable ; Inapplicable ; Inapplicable ; Inapplicable ; Pass         ; Inapplicable ; Inapplicable ; Inapplicable ; Inapplicable ; Pass         ; Inapplicable ; Inapplicable ; Inapplicable ; Inapplicable ; Inapplicable ; Pass      ; Inapplicable ; Inapplicable ;
; DataRS[7]                ; Inapplicable ; Inapplicable ; Inapplicable ; Inapplicable ; Inapplicable ; Pass      ; Inapplicable ; Inapplicable ; Pass      ; Pass      ; Inapplicable ; Pass         ; Inapplicable ; Inapplicable ; Inapplicable ; Inapplicable ; Pass         ; Inapplicable ; Inapplicable ; Inapplicable ; Inapplicable ; Pass         ; Inapplicable ; Inapplicable ; Inapplicable ; Inapplicable ; Inapplicable ; Pass      ; Inapplicable ; Inapplicable ;
; DataRS[6]                ; Inapplicable ; Inapplicable ; Inapplicable ; Inapplicable ; Inapplicable ; Pass      ; Inapplicable ; Inapplicable ; Pass      ; Pass      ; Inapplicable ; Pass         ; Inapplicable ; Inapplicable ; Inapplicable ; Inapplicable ; Pass         ; Inapplicable ; Inapplicable ; Inapplicable ; Inapplicable ; Pass         ; Inapplicable ; Inapplicable ; Inapplicable ; Inapplicable ; Inapplicable ; Pass      ; Inapplicable ; Inapplicable ;
; DataRS[5]                ; Inapplicable ; Inapplicable ; Inapplicable ; Inapplicable ; Inapplicable ; Pass      ; Inapplicable ; Inapplicable ; Pass      ; Pass      ; Inapplicable ; Pass         ; Inapplicable ; Inapplicable ; Inapplicable ; Inapplicable ; Pass         ; Inapplicable ; Inapplicable ; Inapplicable ; Inapplicable ; Pass         ; Inapplicable ; Inapplicable ; Inapplicable ; Inapplicable ; Inapplicable ; Pass      ; Inapplicable ; Inapplicable ;
; DataRS[4]                ; Inapplicable ; Inapplicable ; Inapplicable ; Inapplicable ; Inapplicable ; Pass      ; Inapplicable ; Inapplicable ; Pass      ; Pass      ; Inapplicable ; Pass         ; Inapplicable ; Inapplicable ; Inapplicable ; Inapplicable ; Pass         ; Inapplicable ; Inapplicable ; Inapplicable ; Inapplicable ; Pass         ; Inapplicable ; Inapplicable ; Inapplicable ; Inapplicable ; Inapplicable ; Pass      ; Inapplicable ; Inapplicable ;
; DataRS[3]                ; Inapplicable ; Inapplicable ; Inapplicable ; Inapplicable ; Inapplicable ; Pass      ; Inapplicable ; Inapplicable ; Pass      ; Pass      ; Inapplicable ; Pass         ; Inapplicable ; Inapplicable ; Inapplicable ; Inapplicable ; Pass         ; Inapplicable ; Inapplicable ; Inapplicable ; Inapplicable ; Pass         ; Inapplicable ; Inapplicable ; Inapplicable ; Inapplicable ; Inapplicable ; Pass      ; Inapplicable ; Inapplicable ;
; DataRS[2]                ; Inapplicable ; Inapplicable ; Inapplicable ; Inapplicable ; Inapplicable ; Pass      ; Inapplicable ; Inapplicable ; Pass      ; Pass      ; Inapplicable ; Pass         ; Inapplicable ; Inapplicable ; Inapplicable ; Inapplicable ; Pass         ; Inapplicable ; Inapplicable ; Inapplicable ; Inapplicable ; Pass         ; Inapplicable ; Inapplicable ; Inapplicable ; Inapplicable ; Inapplicable ; Pass      ; Inapplicable ; Inapplicable ;
; DataRS[1]                ; Inapplicable ; Inapplicable ; Inapplicable ; Inapplicable ; Inapplicable ; Pass      ; Inapplicable ; Inapplicable ; Pass      ; Pass      ; Inapplicable ; Pass         ; Inapplicable ; Inapplicable ; Inapplicable ; Inapplicable ; Pass         ; Inapplicable ; Inapplicable ; Inapplicable ; Inapplicable ; Pass         ; Inapplicable ; Inapplicable ; Inapplicable ; Inapplicable ; Inapplicable ; Pass      ; Inapplicable ; Inapplicable ;
; DataRS[0]                ; Inapplicable ; Inapplicable ; Inapplicable ; Inapplicable ; Inapplicable ; Pass      ; Inapplicable ; Inapplicable ; Pass      ; Pass      ; Inapplicable ; Pass         ; Inapplicable ; Inapplicable ; Inapplicable ; Inapplicable ; Pass         ; Inapplicable ; Inapplicable ; Inapplicable ; Inapplicable ; Pass         ; Inapplicable ; Inapplicable ; Inapplicable ; Inapplicable ; Inapplicable ; Pass      ; Inapplicable ; Inapplicable ;
; DataRT[7]                ; Inapplicable ; Inapplicable ; Inapplicable ; Inapplicable ; Inapplicable ; Pass      ; Inapplicable ; Inapplicable ; Pass      ; Pass      ; Inapplicable ; Pass         ; Inapplicable ; Inapplicable ; Inapplicable ; Inapplicable ; Pass         ; Inapplicable ; Inapplicable ; Inapplicable ; Inapplicable ; Pass         ; Inapplicable ; Inapplicable ; Inapplicable ; Inapplicable ; Inapplicable ; Pass      ; Inapplicable ; Inapplicable ;
; DataRT[6]                ; Inapplicable ; Inapplicable ; Inapplicable ; Inapplicable ; Inapplicable ; Pass      ; Inapplicable ; Inapplicable ; Pass      ; Pass      ; Inapplicable ; Pass         ; Inapplicable ; Inapplicable ; Inapplicable ; Inapplicable ; Pass         ; Inapplicable ; Inapplicable ; Inapplicable ; Inapplicable ; Pass         ; Inapplicable ; Inapplicable ; Inapplicable ; Inapplicable ; Inapplicable ; Pass      ; Inapplicable ; Inapplicable ;
; DataRT[5]                ; Inapplicable ; Inapplicable ; Inapplicable ; Inapplicable ; Inapplicable ; Pass      ; Inapplicable ; Inapplicable ; Pass      ; Pass      ; Inapplicable ; Pass         ; Inapplicable ; Inapplicable ; Inapplicable ; Inapplicable ; Pass         ; Inapplicable ; Inapplicable ; Inapplicable ; Inapplicable ; Pass         ; Inapplicable ; Inapplicable ; Inapplicable ; Inapplicable ; Inapplicable ; Pass      ; Inapplicable ; Inapplicable ;
; DataRT[4]                ; Inapplicable ; Inapplicable ; Inapplicable ; Inapplicable ; Inapplicable ; Pass      ; Inapplicable ; Inapplicable ; Pass      ; Pass      ; Inapplicable ; Pass         ; Inapplicable ; Inapplicable ; Inapplicable ; Inapplicable ; Pass         ; Inapplicable ; Inapplicable ; Inapplicable ; Inapplicable ; Pass         ; Inapplicable ; Inapplicable ; Inapplicable ; Inapplicable ; Inapplicable ; Pass      ; Inapplicable ; Inapplicable ;
; DataRT[3]                ; Inapplicable ; Inapplicable ; Inapplicable ; Inapplicable ; Inapplicable ; Pass      ; Inapplicable ; Inapplicable ; Pass      ; Pass      ; Inapplicable ; Pass         ; Inapplicable ; Inapplicable ; Inapplicable ; Inapplicable ; Pass         ; Inapplicable ; Inapplicable ; Inapplicable ; Inapplicable ; Pass         ; Inapplicable ; Inapplicable ; Inapplicable ; Inapplicable ; Inapplicable ; Pass      ; Inapplicable ; Inapplicable ;
; DataRT[2]                ; Inapplicable ; Inapplicable ; Inapplicable ; Inapplicable ; Inapplicable ; Pass      ; Inapplicable ; Inapplicable ; Pass      ; Pass      ; Inapplicable ; Pass         ; Inapplicable ; Inapplicable ; Inapplicable ; Inapplicable ; Pass         ; Inapplicable ; Inapplicable ; Inapplicable ; Inapplicable ; Pass         ; Inapplicable ; Inapplicable ; Inapplicable ; Inapplicable ; Inapplicable ; Pass      ; Inapplicable ; Inapplicable ;
; DataRT[1]                ; Inapplicable ; Inapplicable ; Inapplicable ; Inapplicable ; Inapplicable ; Pass      ; Inapplicable ; Inapplicable ; Pass      ; Pass      ; Inapplicable ; Pass         ; Inapplicable ; Inapplicable ; Inapplicable ; Inapplicable ; Pass         ; Inapplicable ; Inapplicable ; Inapplicable ; Inapplicable ; Pass         ; Inapplicable ; Inapplicable ; Inapplicable ; Inapplicable ; Inapplicable ; Pass      ; Inapplicable ; Inapplicable ;
; DataRT[0]                ; Inapplicable ; Inapplicable ; Inapplicable ; Inapplicable ; Inapplicable ; Pass      ; Inapplicable ; Inapplicable ; Pass      ; Pass      ; Inapplicable ; Pass         ; Inapplicable ; Inapplicable ; Inapplicable ; Inapplicable ; Pass         ; Inapplicable ; Inapplicable ; Inapplicable ; Inapplicable ; Pass         ; Inapplicable ; Inapplicable ; Inapplicable ; Inapplicable ; Inapplicable ; Pass      ; Inapplicable ; Inapplicable ;
; Instruction_ID[31]       ; Inapplicable ; Inapplicable ; Inapplicable ; Inapplicable ; Inapplicable ; Pass      ; Inapplicable ; Inapplicable ; Pass      ; Pass      ; Inapplicable ; Pass         ; Inapplicable ; Inapplicable ; Inapplicable ; Inapplicable ; Pass         ; Inapplicable ; Inapplicable ; Inapplicable ; Inapplicable ; Pass         ; Inapplicable ; Inapplicable ; Inapplicable ; Inapplicable ; Inapplicable ; Pass      ; Inapplicable ; Inapplicable ;
; Instruction_ID[30]       ; Inapplicable ; Inapplicable ; Inapplicable ; Inapplicable ; Inapplicable ; Pass      ; Inapplicable ; Inapplicable ; Pass      ; Pass      ; Inapplicable ; Pass         ; Inapplicable ; Inapplicable ; Inapplicable ; Inapplicable ; Pass         ; Inapplicable ; Inapplicable ; Inapplicable ; Inapplicable ; Pass         ; Inapplicable ; Inapplicable ; Inapplicable ; Inapplicable ; Inapplicable ; Pass      ; Inapplicable ; Inapplicable ;
; Instruction_ID[29]       ; Inapplicable ; Inapplicable ; Inapplicable ; Inapplicable ; Inapplicable ; Pass      ; Inapplicable ; Inapplicable ; Pass      ; Pass      ; Inapplicable ; Pass         ; Inapplicable ; Inapplicable ; Inapplicable ; Inapplicable ; Pass         ; Inapplicable ; Inapplicable ; Inapplicable ; Inapplicable ; Pass         ; Inapplicable ; Inapplicable ; Inapplicable ; Inapplicable ; Inapplicable ; Pass      ; Inapplicable ; Inapplicable ;
; Instruction_ID[28]       ; Inapplicable ; Inapplicable ; Inapplicable ; Inapplicable ; Inapplicable ; Pass      ; Inapplicable ; Inapplicable ; Pass      ; Pass      ; Inapplicable ; Pass         ; Inapplicable ; Inapplicable ; Inapplicable ; Inapplicable ; Pass         ; Inapplicable ; Inapplicable ; Inapplicable ; Inapplicable ; Pass         ; Inapplicable ; Inapplicable ; Inapplicable ; Inapplicable ; Inapplicable ; Pass      ; Inapplicable ; Inapplicable ;
; Instruction_ID[27]       ; Inapplicable ; Inapplicable ; Inapplicable ; Inapplicable ; Inapplicable ; Pass      ; Inapplicable ; Inapplicable ; Pass      ; Pass      ; Inapplicable ; Pass         ; Inapplicable ; Inapplicable ; Inapplicable ; Inapplicable ; Pass         ; Inapplicable ; Inapplicable ; Inapplicable ; Inapplicable ; Pass         ; Inapplicable ; Inapplicable ; Inapplicable ; Inapplicable ; Inapplicable ; Pass      ; Inapplicable ; Inapplicable ;
; Instruction_ID[26]       ; Inapplicable ; Inapplicable ; Inapplicable ; Inapplicable ; Inapplicable ; Pass      ; Inapplicable ; Inapplicable ; Pass      ; Pass      ; Inapplicable ; Pass         ; Inapplicable ; Inapplicable ; Inapplicable ; Inapplicable ; Pass         ; Inapplicable ; Inapplicable ; Inapplicable ; Inapplicable ; Pass         ; Inapplicable ; Inapplicable ; Inapplicable ; Inapplicable ; Inapplicable ; Pass      ; Inapplicable ; Inapplicable ;
; Instruction_ID[25]       ; Inapplicable ; Inapplicable ; Inapplicable ; Inapplicable ; Inapplicable ; Pass      ; Inapplicable ; Inapplicable ; Pass      ; Pass      ; Inapplicable ; Pass         ; Inapplicable ; Inapplicable ; Inapplicable ; Inapplicable ; Pass         ; Inapplicable ; Inapplicable ; Inapplicable ; Inapplicable ; Pass         ; Inapplicable ; Inapplicable ; Inapplicable ; Inapplicable ; Inapplicable ; Pass      ; Inapplicable ; Inapplicable ;
; Instruction_ID[24]       ; Inapplicable ; Inapplicable ; Inapplicable ; Inapplicable ; Inapplicable ; Pass      ; Inapplicable ; Inapplicable ; Pass      ; Pass      ; Inapplicable ; Pass         ; Inapplicable ; Inapplicable ; Inapplicable ; Inapplicable ; Pass         ; Inapplicable ; Inapplicable ; Inapplicable ; Inapplicable ; Pass         ; Inapplicable ; Inapplicable ; Inapplicable ; Inapplicable ; Inapplicable ; Pass      ; Inapplicable ; Inapplicable ;
; Instruction_ID[23]       ; Inapplicable ; Inapplicable ; Inapplicable ; Inapplicable ; Inapplicable ; Pass      ; Inapplicable ; Inapplicable ; Pass      ; Pass      ; Inapplicable ; Pass         ; Inapplicable ; Inapplicable ; Inapplicable ; Inapplicable ; Pass         ; Inapplicable ; Inapplicable ; Inapplicable ; Inapplicable ; Pass         ; Inapplicable ; Inapplicable ; Inapplicable ; Inapplicable ; Inapplicable ; Pass      ; Inapplicable ; Inapplicable ;
; Instruction_ID[22]       ; Inapplicable ; Inapplicable ; Inapplicable ; Inapplicable ; Inapplicable ; Pass      ; Inapplicable ; Inapplicable ; Pass      ; Pass      ; Inapplicable ; Pass         ; Inapplicable ; Inapplicable ; Inapplicable ; Inapplicable ; Pass         ; Inapplicable ; Inapplicable ; Inapplicable ; Inapplicable ; Pass         ; Inapplicable ; Inapplicable ; Inapplicable ; Inapplicable ; Inapplicable ; Pass      ; Inapplicable ; Inapplicable ;
; Instruction_ID[21]       ; Inapplicable ; Inapplicable ; Inapplicable ; Inapplicable ; Inapplicable ; Pass      ; Inapplicable ; Inapplicable ; Pass      ; Pass      ; Inapplicable ; Pass         ; Inapplicable ; Inapplicable ; Inapplicable ; Inapplicable ; Pass         ; Inapplicable ; Inapplicable ; Inapplicable ; Inapplicable ; Pass         ; Inapplicable ; Inapplicable ; Inapplicable ; Inapplicable ; Inapplicable ; Pass      ; Inapplicable ; Inapplicable ;
; Instruction_ID[20]       ; Inapplicable ; Inapplicable ; Inapplicable ; Inapplicable ; Inapplicable ; Pass      ; Inapplicable ; Inapplicable ; Pass      ; Pass      ; Inapplicable ; Pass         ; Inapplicable ; Inapplicable ; Inapplicable ; Inapplicable ; Pass         ; Inapplicable ; Inapplicable ; Inapplicable ; Inapplicable ; Pass         ; Inapplicable ; Inapplicable ; Inapplicable ; Inapplicable ; Inapplicable ; Pass      ; Inapplicable ; Inapplicable ;
; Instruction_ID[19]       ; Inapplicable ; Inapplicable ; Inapplicable ; Inapplicable ; Inapplicable ; Pass      ; Inapplicable ; Inapplicable ; Pass      ; Pass      ; Inapplicable ; Pass         ; Inapplicable ; Inapplicable ; Inapplicable ; Inapplicable ; Pass         ; Inapplicable ; Inapplicable ; Inapplicable ; Inapplicable ; Pass         ; Inapplicable ; Inapplicable ; Inapplicable ; Inapplicable ; Inapplicable ; Pass      ; Inapplicable ; Inapplicable ;
; Instruction_ID[18]       ; Inapplicable ; Inapplicable ; Inapplicable ; Inapplicable ; Inapplicable ; Pass      ; Inapplicable ; Inapplicable ; Pass      ; Pass      ; Inapplicable ; Pass         ; Inapplicable ; Inapplicable ; Inapplicable ; Inapplicable ; Pass         ; Inapplicable ; Inapplicable ; Inapplicable ; Inapplicable ; Pass         ; Inapplicable ; Inapplicable ; Inapplicable ; Inapplicable ; Inapplicable ; Pass      ; Inapplicable ; Inapplicable ;
; Instruction_ID[17]       ; Inapplicable ; Inapplicable ; Inapplicable ; Inapplicable ; Inapplicable ; Pass      ; Inapplicable ; Inapplicable ; Pass      ; Pass      ; Inapplicable ; Pass         ; Inapplicable ; Inapplicable ; Inapplicable ; Inapplicable ; Pass         ; Inapplicable ; Inapplicable ; Inapplicable ; Inapplicable ; Pass         ; Inapplicable ; Inapplicable ; Inapplicable ; Inapplicable ; Inapplicable ; Pass      ; Inapplicable ; Inapplicable ;
; Instruction_ID[16]       ; Inapplicable ; Inapplicable ; Inapplicable ; Inapplicable ; Inapplicable ; Pass      ; Inapplicable ; Inapplicable ; Pass      ; Pass      ; Inapplicable ; Pass         ; Inapplicable ; Inapplicable ; Inapplicable ; Inapplicable ; Pass         ; Inapplicable ; Inapplicable ; Inapplicable ; Inapplicable ; Pass         ; Inapplicable ; Inapplicable ; Inapplicable ; Inapplicable ; Inapplicable ; Pass      ; Inapplicable ; Inapplicable ;
; Instruction_ID[15]       ; Inapplicable ; Inapplicable ; Inapplicable ; Inapplicable ; Inapplicable ; Pass      ; Inapplicable ; Inapplicable ; Pass      ; Pass      ; Inapplicable ; Pass         ; Inapplicable ; Inapplicable ; Inapplicable ; Inapplicable ; Pass         ; Inapplicable ; Inapplicable ; Inapplicable ; Inapplicable ; Pass         ; Inapplicable ; Inapplicable ; Inapplicable ; Inapplicable ; Inapplicable ; Pass      ; Inapplicable ; Inapplicable ;
; Instruction_ID[14]       ; Inapplicable ; Inapplicable ; Inapplicable ; Inapplicable ; Inapplicable ; Pass      ; Inapplicable ; Inapplicable ; Pass      ; Pass      ; Inapplicable ; Pass         ; Inapplicable ; Inapplicable ; Inapplicable ; Inapplicable ; Pass         ; Inapplicable ; Inapplicable ; Inapplicable ; Inapplicable ; Pass         ; Inapplicable ; Inapplicable ; Inapplicable ; Inapplicable ; Inapplicable ; Pass      ; Inapplicable ; Inapplicable ;
; Instruction_ID[13]       ; Inapplicable ; Inapplicable ; Inapplicable ; Inapplicable ; Inapplicable ; Pass      ; Inapplicable ; Inapplicable ; Pass      ; Pass      ; Inapplicable ; Pass         ; Inapplicable ; Inapplicable ; Inapplicable ; Inapplicable ; Pass         ; Inapplicable ; Inapplicable ; Inapplicable ; Inapplicable ; Pass         ; Inapplicable ; Inapplicable ; Inapplicable ; Inapplicable ; Inapplicable ; Pass      ; Inapplicable ; Inapplicable ;
; Instruction_ID[12]       ; Inapplicable ; Inapplicable ; Inapplicable ; Inapplicable ; Inapplicable ; Pass      ; Inapplicable ; Inapplicable ; Pass      ; Pass      ; Inapplicable ; Pass         ; Inapplicable ; Inapplicable ; Inapplicable ; Inapplicable ; Pass         ; Inapplicable ; Inapplicable ; Inapplicable ; Inapplicable ; Pass         ; Inapplicable ; Inapplicable ; Inapplicable ; Inapplicable ; Inapplicable ; Pass      ; Inapplicable ; Inapplicable ;
; Instruction_ID[11]       ; Inapplicable ; Inapplicable ; Inapplicable ; Inapplicable ; Inapplicable ; Pass      ; Inapplicable ; Inapplicable ; Pass      ; Pass      ; Inapplicable ; Pass         ; Inapplicable ; Inapplicable ; Inapplicable ; Inapplicable ; Pass         ; Inapplicable ; Inapplicable ; Inapplicable ; Inapplicable ; Pass         ; Inapplicable ; Inapplicable ; Inapplicable ; Inapplicable ; Inapplicable ; Pass      ; Inapplicable ; Inapplicable ;
; Instruction_ID[10]       ; Inapplicable ; Inapplicable ; Inapplicable ; Inapplicable ; Inapplicable ; Pass      ; Inapplicable ; Inapplicable ; Pass      ; Pass      ; Inapplicable ; Pass         ; Inapplicable ; Inapplicable ; Inapplicable ; Inapplicable ; Pass         ; Inapplicable ; Inapplicable ; Inapplicable ; Inapplicable ; Pass         ; Inapplicable ; Inapplicable ; Inapplicable ; Inapplicable ; Inapplicable ; Pass      ; Inapplicable ; Inapplicable ;
; Instruction_ID[9]        ; Inapplicable ; Inapplicable ; Inapplicable ; Inapplicable ; Inapplicable ; Pass      ; Inapplicable ; Inapplicable ; Pass      ; Pass      ; Inapplicable ; Pass         ; Inapplicable ; Inapplicable ; Inapplicable ; Inapplicable ; Pass         ; Inapplicable ; Inapplicable ; Inapplicable ; Inapplicable ; Pass         ; Inapplicable ; Inapplicable ; Inapplicable ; Inapplicable ; Inapplicable ; Pass      ; Inapplicable ; Inapplicable ;
; Instruction_ID[8]        ; Inapplicable ; Inapplicable ; Inapplicable ; Inapplicable ; Inapplicable ; Pass      ; Inapplicable ; Inapplicable ; Pass      ; Pass      ; Inapplicable ; Pass         ; Inapplicable ; Inapplicable ; Inapplicable ; Inapplicable ; Pass         ; Inapplicable ; Inapplicable ; Inapplicable ; Inapplicable ; Pass         ; Inapplicable ; Inapplicable ; Inapplicable ; Inapplicable ; Inapplicable ; Pass      ; Inapplicable ; Inapplicable ;
; Instruction_ID[7]        ; Inapplicable ; Inapplicable ; Inapplicable ; Inapplicable ; Inapplicable ; Pass      ; Inapplicable ; Inapplicable ; Pass      ; Pass      ; Inapplicable ; Pass         ; Inapplicable ; Inapplicable ; Inapplicable ; Inapplicable ; Pass         ; Inapplicable ; Inapplicable ; Inapplicable ; Inapplicable ; Pass         ; Inapplicable ; Inapplicable ; Inapplicable ; Inapplicable ; Inapplicable ; Pass      ; Inapplicable ; Inapplicable ;
; Instruction_ID[6]        ; Inapplicable ; Inapplicable ; Inapplicable ; Inapplicable ; Inapplicable ; Pass      ; Inapplicable ; Inapplicable ; Pass      ; Pass      ; Inapplicable ; Pass         ; Inapplicable ; Inapplicable ; Inapplicable ; Inapplicable ; Pass         ; Inapplicable ; Inapplicable ; Inapplicable ; Inapplicable ; Pass         ; Inapplicable ; Inapplicable ; Inapplicable ; Inapplicable ; Inapplicable ; Pass      ; Inapplicable ; Inapplicable ;
; Instruction_ID[5]        ; Inapplicable ; Inapplicable ; Inapplicable ; Inapplicable ; Inapplicable ; Pass      ; Inapplicable ; Inapplicable ; Pass      ; Pass      ; Inapplicable ; Pass         ; Inapplicable ; Inapplicable ; Inapplicable ; Inapplicable ; Pass         ; Inapplicable ; Inapplicable ; Inapplicable ; Inapplicable ; Pass         ; Inapplicable ; Inapplicable ; Inapplicable ; Inapplicable ; Inapplicable ; Pass      ; Inapplicable ; Inapplicable ;
; Instruction_ID[4]        ; Inapplicable ; Inapplicable ; Inapplicable ; Inapplicable ; Inapplicable ; Pass      ; Inapplicable ; Inapplicable ; Pass      ; Pass      ; Inapplicable ; Pass         ; Inapplicable ; Inapplicable ; Inapplicable ; Inapplicable ; Pass         ; Inapplicable ; Inapplicable ; Inapplicable ; Inapplicable ; Pass         ; Inapplicable ; Inapplicable ; Inapplicable ; Inapplicable ; Inapplicable ; Pass      ; Inapplicable ; Inapplicable ;
; Instruction_ID[3]        ; Inapplicable ; Inapplicable ; Inapplicable ; Inapplicable ; Inapplicable ; Pass      ; Inapplicable ; Inapplicable ; Pass      ; Pass      ; Inapplicable ; Pass         ; Inapplicable ; Inapplicable ; Inapplicable ; Inapplicable ; Pass         ; Inapplicable ; Inapplicable ; Inapplicable ; Inapplicable ; Pass         ; Inapplicable ; Inapplicable ; Inapplicable ; Inapplicable ; Inapplicable ; Pass      ; Inapplicable ; Inapplicable ;
; Instruction_ID[2]        ; Inapplicable ; Inapplicable ; Inapplicable ; Inapplicable ; Inapplicable ; Pass      ; Inapplicable ; Inapplicable ; Pass      ; Pass      ; Inapplicable ; Pass         ; Inapplicable ; Inapplicable ; Inapplicable ; Inapplicable ; Pass         ; Inapplicable ; Inapplicable ; Inapplicable ; Inapplicable ; Pass         ; Inapplicable ; Inapplicable ; Inapplicable ; Inapplicable ; Inapplicable ; Pass      ; Inapplicable ; Inapplicable ;
; Instruction_ID[1]        ; Inapplicable ; Inapplicable ; Inapplicable ; Inapplicable ; Inapplicable ; Pass      ; Inapplicable ; Inapplicable ; Pass      ; Pass      ; Inapplicable ; Pass         ; Inapplicable ; Inapplicable ; Inapplicable ; Inapplicable ; Pass         ; Inapplicable ; Inapplicable ; Inapplicable ; Inapplicable ; Pass         ; Inapplicable ; Inapplicable ; Inapplicable ; Inapplicable ; Inapplicable ; Pass      ; Inapplicable ; Inapplicable ;
; Instruction_ID[0]        ; Inapplicable ; Inapplicable ; Inapplicable ; Inapplicable ; Inapplicable ; Pass      ; Inapplicable ; Inapplicable ; Pass      ; Pass      ; Inapplicable ; Pass         ; Inapplicable ; Inapplicable ; Inapplicable ; Inapplicable ; Pass         ; Inapplicable ; Inapplicable ; Inapplicable ; Inapplicable ; Pass         ; Inapplicable ; Inapplicable ; Inapplicable ; Inapplicable ; Inapplicable ; Pass      ; Inapplicable ; Inapplicable ;
; Instruction_WB[31]       ; Inapplicable ; Inapplicable ; Inapplicable ; Inapplicable ; Inapplicable ; Pass      ; Inapplicable ; Inapplicable ; Pass      ; Pass      ; Inapplicable ; Pass         ; Inapplicable ; Inapplicable ; Inapplicable ; Inapplicable ; Pass         ; Inapplicable ; Inapplicable ; Inapplicable ; Inapplicable ; Pass         ; Inapplicable ; Inapplicable ; Inapplicable ; Inapplicable ; Inapplicable ; Pass      ; Inapplicable ; Inapplicable ;
; Instruction_WB[30]       ; Inapplicable ; Inapplicable ; Inapplicable ; Inapplicable ; Inapplicable ; Pass      ; Inapplicable ; Inapplicable ; Pass      ; Pass      ; Inapplicable ; Pass         ; Inapplicable ; Inapplicable ; Inapplicable ; Inapplicable ; Pass         ; Inapplicable ; Inapplicable ; Inapplicable ; Inapplicable ; Pass         ; Inapplicable ; Inapplicable ; Inapplicable ; Inapplicable ; Inapplicable ; Pass      ; Inapplicable ; Inapplicable ;
; Instruction_WB[29]       ; Inapplicable ; Inapplicable ; Inapplicable ; Inapplicable ; Inapplicable ; Pass      ; Inapplicable ; Inapplicable ; Pass      ; Pass      ; Inapplicable ; Pass         ; Inapplicable ; Inapplicable ; Inapplicable ; Inapplicable ; Pass         ; Inapplicable ; Inapplicable ; Inapplicable ; Inapplicable ; Pass         ; Inapplicable ; Inapplicable ; Inapplicable ; Inapplicable ; Inapplicable ; Pass      ; Inapplicable ; Inapplicable ;
; Instruction_WB[28]       ; Inapplicable ; Inapplicable ; Inapplicable ; Inapplicable ; Inapplicable ; Pass      ; Inapplicable ; Inapplicable ; Pass      ; Pass      ; Inapplicable ; Pass         ; Inapplicable ; Inapplicable ; Inapplicable ; Inapplicable ; Pass         ; Inapplicable ; Inapplicable ; Inapplicable ; Inapplicable ; Pass         ; Inapplicable ; Inapplicable ; Inapplicable ; Inapplicable ; Inapplicable ; Pass      ; Inapplicable ; Inapplicable ;
; Instruction_WB[27]       ; Inapplicable ; Inapplicable ; Inapplicable ; Inapplicable ; Inapplicable ; Pass      ; Inapplicable ; Inapplicable ; Pass      ; Pass      ; Inapplicable ; Pass         ; Inapplicable ; Inapplicable ; Inapplicable ; Inapplicable ; Pass         ; Inapplicable ; Inapplicable ; Inapplicable ; Inapplicable ; Pass         ; Inapplicable ; Inapplicable ; Inapplicable ; Inapplicable ; Inapplicable ; Pass      ; Inapplicable ; Inapplicable ;
; Instruction_WB[26]       ; Inapplicable ; Inapplicable ; Inapplicable ; Inapplicable ; Inapplicable ; Pass      ; Inapplicable ; Inapplicable ; Pass      ; Pass      ; Inapplicable ; Pass         ; Inapplicable ; Inapplicable ; Inapplicable ; Inapplicable ; Pass         ; Inapplicable ; Inapplicable ; Inapplicable ; Inapplicable ; Pass         ; Inapplicable ; Inapplicable ; Inapplicable ; Inapplicable ; Inapplicable ; Pass      ; Inapplicable ; Inapplicable ;
; Instruction_WB[25]       ; Inapplicable ; Inapplicable ; Inapplicable ; Inapplicable ; Inapplicable ; Pass      ; Inapplicable ; Inapplicable ; Pass      ; Pass      ; Inapplicable ; Pass         ; Inapplicable ; Inapplicable ; Inapplicable ; Inapplicable ; Pass         ; Inapplicable ; Inapplicable ; Inapplicable ; Inapplicable ; Pass         ; Inapplicable ; Inapplicable ; Inapplicable ; Inapplicable ; Inapplicable ; Pass      ; Inapplicable ; Inapplicable ;
; Instruction_WB[24]       ; Inapplicable ; Inapplicable ; Inapplicable ; Inapplicable ; Inapplicable ; Pass      ; Inapplicable ; Inapplicable ; Pass      ; Pass      ; Inapplicable ; Pass         ; Inapplicable ; Inapplicable ; Inapplicable ; Inapplicable ; Pass         ; Inapplicable ; Inapplicable ; Inapplicable ; Inapplicable ; Pass         ; Inapplicable ; Inapplicable ; Inapplicable ; Inapplicable ; Inapplicable ; Pass      ; Inapplicable ; Inapplicable ;
; Instruction_WB[23]       ; Inapplicable ; Inapplicable ; Inapplicable ; Inapplicable ; Inapplicable ; Pass      ; Inapplicable ; Inapplicable ; Pass      ; Pass      ; Inapplicable ; Pass         ; Inapplicable ; Inapplicable ; Inapplicable ; Inapplicable ; Pass         ; Inapplicable ; Inapplicable ; Inapplicable ; Inapplicable ; Pass         ; Inapplicable ; Inapplicable ; Inapplicable ; Inapplicable ; Inapplicable ; Pass      ; Inapplicable ; Inapplicable ;
; Instruction_WB[22]       ; Inapplicable ; Inapplicable ; Inapplicable ; Inapplicable ; Inapplicable ; Pass      ; Inapplicable ; Inapplicable ; Pass      ; Pass      ; Inapplicable ; Pass         ; Inapplicable ; Inapplicable ; Inapplicable ; Inapplicable ; Pass         ; Inapplicable ; Inapplicable ; Inapplicable ; Inapplicable ; Pass         ; Inapplicable ; Inapplicable ; Inapplicable ; Inapplicable ; Inapplicable ; Pass      ; Inapplicable ; Inapplicable ;
; Instruction_WB[21]       ; Inapplicable ; Inapplicable ; Inapplicable ; Inapplicable ; Inapplicable ; Pass      ; Inapplicable ; Inapplicable ; Pass      ; Pass      ; Inapplicable ; Pass         ; Inapplicable ; Inapplicable ; Inapplicable ; Inapplicable ; Pass         ; Inapplicable ; Inapplicable ; Inapplicable ; Inapplicable ; Pass         ; Inapplicable ; Inapplicable ; Inapplicable ; Inapplicable ; Inapplicable ; Pass      ; Inapplicable ; Inapplicable ;
; Instruction_WB[20]       ; Inapplicable ; Inapplicable ; Inapplicable ; Inapplicable ; Inapplicable ; Pass      ; Inapplicable ; Inapplicable ; Pass      ; Pass      ; Inapplicable ; Pass         ; Inapplicable ; Inapplicable ; Inapplicable ; Inapplicable ; Pass         ; Inapplicable ; Inapplicable ; Inapplicable ; Inapplicable ; Pass         ; Inapplicable ; Inapplicable ; Inapplicable ; Inapplicable ; Inapplicable ; Pass      ; Inapplicable ; Inapplicable ;
; Instruction_WB[19]       ; Inapplicable ; Inapplicable ; Inapplicable ; Inapplicable ; Inapplicable ; Pass      ; Inapplicable ; Inapplicable ; Pass      ; Pass      ; Inapplicable ; Pass         ; Inapplicable ; Inapplicable ; Inapplicable ; Inapplicable ; Pass         ; Inapplicable ; Inapplicable ; Inapplicable ; Inapplicable ; Pass         ; Inapplicable ; Inapplicable ; Inapplicable ; Inapplicable ; Inapplicable ; Pass      ; Inapplicable ; Inapplicable ;
; Instruction_WB[18]       ; Inapplicable ; Inapplicable ; Inapplicable ; Inapplicable ; Inapplicable ; Pass      ; Inapplicable ; Inapplicable ; Pass      ; Pass      ; Inapplicable ; Pass         ; Inapplicable ; Inapplicable ; Inapplicable ; Inapplicable ; Pass         ; Inapplicable ; Inapplicable ; Inapplicable ; Inapplicable ; Pass         ; Inapplicable ; Inapplicable ; Inapplicable ; Inapplicable ; Inapplicable ; Pass      ; Inapplicable ; Inapplicable ;
; Instruction_WB[17]       ; Inapplicable ; Inapplicable ; Inapplicable ; Inapplicable ; Inapplicable ; Pass      ; Inapplicable ; Inapplicable ; Pass      ; Pass      ; Inapplicable ; Pass         ; Inapplicable ; Inapplicable ; Inapplicable ; Inapplicable ; Pass         ; Inapplicable ; Inapplicable ; Inapplicable ; Inapplicable ; Pass         ; Inapplicable ; Inapplicable ; Inapplicable ; Inapplicable ; Inapplicable ; Pass      ; Inapplicable ; Inapplicable ;
; Instruction_WB[16]       ; Inapplicable ; Inapplicable ; Inapplicable ; Inapplicable ; Inapplicable ; Pass      ; Inapplicable ; Inapplicable ; Pass      ; Pass      ; Inapplicable ; Pass         ; Inapplicable ; Inapplicable ; Inapplicable ; Inapplicable ; Pass         ; Inapplicable ; Inapplicable ; Inapplicable ; Inapplicable ; Pass         ; Inapplicable ; Inapplicable ; Inapplicable ; Inapplicable ; Inapplicable ; Pass      ; Inapplicable ; Inapplicable ;
; Instruction_WB[15]       ; Inapplicable ; Inapplicable ; Inapplicable ; Inapplicable ; Inapplicable ; Pass      ; Inapplicable ; Inapplicable ; Pass      ; Pass      ; Inapplicable ; Pass         ; Inapplicable ; Inapplicable ; Inapplicable ; Inapplicable ; Pass         ; Inapplicable ; Inapplicable ; Inapplicable ; Inapplicable ; Pass         ; Inapplicable ; Inapplicable ; Inapplicable ; Inapplicable ; Inapplicable ; Pass      ; Inapplicable ; Inapplicable ;
; Instruction_WB[14]       ; Inapplicable ; Inapplicable ; Inapplicable ; Inapplicable ; Inapplicable ; Pass      ; Inapplicable ; Inapplicable ; Pass      ; Pass      ; Inapplicable ; Pass         ; Inapplicable ; Inapplicable ; Inapplicable ; Inapplicable ; Pass         ; Inapplicable ; Inapplicable ; Inapplicable ; Inapplicable ; Pass         ; Inapplicable ; Inapplicable ; Inapplicable ; Inapplicable ; Inapplicable ; Pass      ; Inapplicable ; Inapplicable ;
; Instruction_WB[13]       ; Inapplicable ; Inapplicable ; Inapplicable ; Inapplicable ; Inapplicable ; Pass      ; Inapplicable ; Inapplicable ; Pass      ; Pass      ; Inapplicable ; Pass         ; Inapplicable ; Inapplicable ; Inapplicable ; Inapplicable ; Pass         ; Inapplicable ; Inapplicable ; Inapplicable ; Inapplicable ; Pass         ; Inapplicable ; Inapplicable ; Inapplicable ; Inapplicable ; Inapplicable ; Pass      ; Inapplicable ; Inapplicable ;
; Instruction_WB[12]       ; Inapplicable ; Inapplicable ; Inapplicable ; Inapplicable ; Inapplicable ; Pass      ; Inapplicable ; Inapplicable ; Pass      ; Pass      ; Inapplicable ; Pass         ; Inapplicable ; Inapplicable ; Inapplicable ; Inapplicable ; Pass         ; Inapplicable ; Inapplicable ; Inapplicable ; Inapplicable ; Pass         ; Inapplicable ; Inapplicable ; Inapplicable ; Inapplicable ; Inapplicable ; Pass      ; Inapplicable ; Inapplicable ;
; Instruction_WB[11]       ; Inapplicable ; Inapplicable ; Inapplicable ; Inapplicable ; Inapplicable ; Pass      ; Inapplicable ; Inapplicable ; Pass      ; Pass      ; Inapplicable ; Pass         ; Inapplicable ; Inapplicable ; Inapplicable ; Inapplicable ; Pass         ; Inapplicable ; Inapplicable ; Inapplicable ; Inapplicable ; Pass         ; Inapplicable ; Inapplicable ; Inapplicable ; Inapplicable ; Inapplicable ; Pass      ; Inapplicable ; Inapplicable ;
; Instruction_WB[10]       ; Inapplicable ; Inapplicable ; Inapplicable ; Inapplicable ; Inapplicable ; Pass      ; Inapplicable ; Inapplicable ; Pass      ; Pass      ; Inapplicable ; Pass         ; Inapplicable ; Inapplicable ; Inapplicable ; Inapplicable ; Pass         ; Inapplicable ; Inapplicable ; Inapplicable ; Inapplicable ; Pass         ; Inapplicable ; Inapplicable ; Inapplicable ; Inapplicable ; Inapplicable ; Pass      ; Inapplicable ; Inapplicable ;
; Instruction_WB[9]        ; Inapplicable ; Inapplicable ; Inapplicable ; Inapplicable ; Inapplicable ; Pass      ; Inapplicable ; Inapplicable ; Pass      ; Pass      ; Inapplicable ; Pass         ; Inapplicable ; Inapplicable ; Inapplicable ; Inapplicable ; Pass         ; Inapplicable ; Inapplicable ; Inapplicable ; Inapplicable ; Pass         ; Inapplicable ; Inapplicable ; Inapplicable ; Inapplicable ; Inapplicable ; Pass      ; Inapplicable ; Inapplicable ;
; Instruction_WB[8]        ; Inapplicable ; Inapplicable ; Inapplicable ; Inapplicable ; Inapplicable ; Pass      ; Inapplicable ; Inapplicable ; Pass      ; Pass      ; Inapplicable ; Pass         ; Inapplicable ; Inapplicable ; Inapplicable ; Inapplicable ; Pass         ; Inapplicable ; Inapplicable ; Inapplicable ; Inapplicable ; Pass         ; Inapplicable ; Inapplicable ; Inapplicable ; Inapplicable ; Inapplicable ; Pass      ; Inapplicable ; Inapplicable ;
; Instruction_WB[7]        ; Inapplicable ; Inapplicable ; Inapplicable ; Inapplicable ; Inapplicable ; Pass      ; Inapplicable ; Inapplicable ; Pass      ; Pass      ; Inapplicable ; Pass         ; Inapplicable ; Inapplicable ; Inapplicable ; Inapplicable ; Pass         ; Inapplicable ; Inapplicable ; Inapplicable ; Inapplicable ; Pass         ; Inapplicable ; Inapplicable ; Inapplicable ; Inapplicable ; Inapplicable ; Pass      ; Inapplicable ; Inapplicable ;
; Instruction_WB[6]        ; Inapplicable ; Inapplicable ; Inapplicable ; Inapplicable ; Inapplicable ; Pass      ; Inapplicable ; Inapplicable ; Pass      ; Pass      ; Inapplicable ; Pass         ; Inapplicable ; Inapplicable ; Inapplicable ; Inapplicable ; Pass         ; Inapplicable ; Inapplicable ; Inapplicable ; Inapplicable ; Pass         ; Inapplicable ; Inapplicable ; Inapplicable ; Inapplicable ; Inapplicable ; Pass      ; Inapplicable ; Inapplicable ;
; Instruction_WB[5]        ; Inapplicable ; Inapplicable ; Inapplicable ; Inapplicable ; Inapplicable ; Pass      ; Inapplicable ; Inapplicable ; Pass      ; Pass      ; Inapplicable ; Pass         ; Inapplicable ; Inapplicable ; Inapplicable ; Inapplicable ; Pass         ; Inapplicable ; Inapplicable ; Inapplicable ; Inapplicable ; Pass         ; Inapplicable ; Inapplicable ; Inapplicable ; Inapplicable ; Inapplicable ; Pass      ; Inapplicable ; Inapplicable ;
; Instruction_WB[4]        ; Inapplicable ; Inapplicable ; Inapplicable ; Inapplicable ; Inapplicable ; Pass      ; Inapplicable ; Inapplicable ; Pass      ; Pass      ; Inapplicable ; Pass         ; Inapplicable ; Inapplicable ; Inapplicable ; Inapplicable ; Pass         ; Inapplicable ; Inapplicable ; Inapplicable ; Inapplicable ; Pass         ; Inapplicable ; Inapplicable ; Inapplicable ; Inapplicable ; Inapplicable ; Pass      ; Inapplicable ; Inapplicable ;
; Instruction_WB[3]        ; Inapplicable ; Inapplicable ; Inapplicable ; Inapplicable ; Inapplicable ; Pass      ; Inapplicable ; Inapplicable ; Pass      ; Pass      ; Inapplicable ; Pass         ; Inapplicable ; Inapplicable ; Inapplicable ; Inapplicable ; Pass         ; Inapplicable ; Inapplicable ; Inapplicable ; Inapplicable ; Pass         ; Inapplicable ; Inapplicable ; Inapplicable ; Inapplicable ; Inapplicable ; Pass      ; Inapplicable ; Inapplicable ;
; Instruction_WB[2]        ; Inapplicable ; Inapplicable ; Inapplicable ; Inapplicable ; Inapplicable ; Pass      ; Inapplicable ; Inapplicable ; Pass      ; Pass      ; Inapplicable ; Pass         ; Inapplicable ; Inapplicable ; Inapplicable ; Inapplicable ; Pass         ; Inapplicable ; Inapplicable ; Inapplicable ; Inapplicable ; Pass         ; Inapplicable ; Inapplicable ; Inapplicable ; Inapplicable ; Inapplicable ; Pass      ; Inapplicable ; Inapplicable ;
; Instruction_WB[1]        ; Inapplicable ; Inapplicable ; Inapplicable ; Inapplicable ; Inapplicable ; Pass      ; Inapplicable ; Inapplicable ; Pass      ; Pass      ; Inapplicable ; Pass         ; Inapplicable ; Inapplicable ; Inapplicable ; Inapplicable ; Pass         ; Inapplicable ; Inapplicable ; Inapplicable ; Inapplicable ; Pass         ; Inapplicable ; Inapplicable ; Inapplicable ; Inapplicable ; Inapplicable ; Pass      ; Inapplicable ; Inapplicable ;
; Instruction_WB[0]        ; Inapplicable ; Inapplicable ; Inapplicable ; Inapplicable ; Inapplicable ; Pass      ; Inapplicable ; Inapplicable ; Pass      ; Pass      ; Inapplicable ; Pass         ; Inapplicable ; Inapplicable ; Inapplicable ; Inapplicable ; Pass         ; Inapplicable ; Inapplicable ; Inapplicable ; Inapplicable ; Pass         ; Inapplicable ; Inapplicable ; Inapplicable ; Inapplicable ; Inapplicable ; Pass      ; Inapplicable ; Inapplicable ;
; rsIF[4]                  ; Inapplicable ; Inapplicable ; Inapplicable ; Inapplicable ; Inapplicable ; Pass      ; Inapplicable ; Inapplicable ; Pass      ; Pass      ; Inapplicable ; Pass         ; Inapplicable ; Inapplicable ; Inapplicable ; Inapplicable ; Pass         ; Inapplicable ; Inapplicable ; Inapplicable ; Inapplicable ; Pass         ; Inapplicable ; Inapplicable ; Inapplicable ; Inapplicable ; Inapplicable ; Pass      ; Inapplicable ; Inapplicable ;
; rsIF[3]                  ; Inapplicable ; Inapplicable ; Inapplicable ; Inapplicable ; Inapplicable ; Pass      ; Inapplicable ; Inapplicable ; Pass      ; Pass      ; Inapplicable ; Pass         ; Inapplicable ; Inapplicable ; Inapplicable ; Inapplicable ; Pass         ; Inapplicable ; Inapplicable ; Inapplicable ; Inapplicable ; Pass         ; Inapplicable ; Inapplicable ; Inapplicable ; Inapplicable ; Inapplicable ; Pass      ; Inapplicable ; Inapplicable ;
; rsIF[2]                  ; Inapplicable ; Inapplicable ; Inapplicable ; Inapplicable ; Inapplicable ; Pass      ; Inapplicable ; Inapplicable ; Pass      ; Pass      ; Inapplicable ; Pass         ; Inapplicable ; Inapplicable ; Inapplicable ; Inapplicable ; Pass         ; Inapplicable ; Inapplicable ; Inapplicable ; Inapplicable ; Pass         ; Inapplicable ; Inapplicable ; Inapplicable ; Inapplicable ; Inapplicable ; Pass      ; Inapplicable ; Inapplicable ;
; rsIF[1]                  ; Inapplicable ; Inapplicable ; Inapplicable ; Inapplicable ; Inapplicable ; Pass      ; Inapplicable ; Inapplicable ; Pass      ; Pass      ; Inapplicable ; Pass         ; Inapplicable ; Inapplicable ; Inapplicable ; Inapplicable ; Pass         ; Inapplicable ; Inapplicable ; Inapplicable ; Inapplicable ; Pass         ; Inapplicable ; Inapplicable ; Inapplicable ; Inapplicable ; Inapplicable ; Pass      ; Inapplicable ; Inapplicable ;
; rsIF[0]                  ; Inapplicable ; Inapplicable ; Inapplicable ; Inapplicable ; Inapplicable ; Pass      ; Inapplicable ; Inapplicable ; Pass      ; Pass      ; Inapplicable ; Pass         ; Inapplicable ; Inapplicable ; Inapplicable ; Inapplicable ; Pass         ; Inapplicable ; Inapplicable ; Inapplicable ; Inapplicable ; Pass         ; Inapplicable ; Inapplicable ; Inapplicable ; Inapplicable ; Inapplicable ; Pass      ; Inapplicable ; Inapplicable ;
; rtIF[4]                  ; Inapplicable ; Inapplicable ; Inapplicable ; Inapplicable ; Inapplicable ; Pass      ; Inapplicable ; Inapplicable ; Pass      ; Pass      ; Inapplicable ; Pass         ; Inapplicable ; Inapplicable ; Inapplicable ; Inapplicable ; Pass         ; Inapplicable ; Inapplicable ; Inapplicable ; Inapplicable ; Pass         ; Inapplicable ; Inapplicable ; Inapplicable ; Inapplicable ; Inapplicable ; Pass      ; Inapplicable ; Inapplicable ;
; rtIF[3]                  ; Inapplicable ; Inapplicable ; Inapplicable ; Inapplicable ; Inapplicable ; Pass      ; Inapplicable ; Inapplicable ; Pass      ; Pass      ; Inapplicable ; Pass         ; Inapplicable ; Inapplicable ; Inapplicable ; Inapplicable ; Pass         ; Inapplicable ; Inapplicable ; Inapplicable ; Inapplicable ; Pass         ; Inapplicable ; Inapplicable ; Inapplicable ; Inapplicable ; Inapplicable ; Pass      ; Inapplicable ; Inapplicable ;
; rtIF[2]                  ; Inapplicable ; Inapplicable ; Inapplicable ; Inapplicable ; Inapplicable ; Pass      ; Inapplicable ; Inapplicable ; Pass      ; Pass      ; Inapplicable ; Pass         ; Inapplicable ; Inapplicable ; Inapplicable ; Inapplicable ; Pass         ; Inapplicable ; Inapplicable ; Inapplicable ; Inapplicable ; Pass         ; Inapplicable ; Inapplicable ; Inapplicable ; Inapplicable ; Inapplicable ; Pass      ; Inapplicable ; Inapplicable ;
; rtIF[1]                  ; Inapplicable ; Inapplicable ; Inapplicable ; Inapplicable ; Inapplicable ; Pass      ; Inapplicable ; Inapplicable ; Pass      ; Pass      ; Inapplicable ; Pass         ; Inapplicable ; Inapplicable ; Inapplicable ; Inapplicable ; Pass         ; Inapplicable ; Inapplicable ; Inapplicable ; Inapplicable ; Pass         ; Inapplicable ; Inapplicable ; Inapplicable ; Inapplicable ; Inapplicable ; Pass      ; Inapplicable ; Inapplicable ;
; rtIF[0]                  ; Inapplicable ; Inapplicable ; Inapplicable ; Inapplicable ; Inapplicable ; Pass      ; Inapplicable ; Inapplicable ; Pass      ; Pass      ; Inapplicable ; Pass         ; Inapplicable ; Inapplicable ; Inapplicable ; Inapplicable ; Pass         ; Inapplicable ; Inapplicable ; Inapplicable ; Inapplicable ; Pass         ; Inapplicable ; Inapplicable ; Inapplicable ; Inapplicable ; Inapplicable ; Pass      ; Inapplicable ; Inapplicable ;
; GClock                   ; Inapplicable ; Inapplicable ; Inapplicable ; Inapplicable ; Inapplicable ; Pass      ; Inapplicable ; Inapplicable ; Pass      ; Pass      ; Inapplicable ; Inapplicable ; Inapplicable ; Inapplicable ; Pass         ; Inapplicable ; Inapplicable ; Pass         ; Inapplicable ; Inapplicable ; Inapplicable ; Inapplicable ; Inapplicable ; Inapplicable ; Inapplicable ; Inapplicable ; Inapplicable ; Pass      ; Inapplicable ; Inapplicable ;
; RAM_Clock                ; Inapplicable ; Inapplicable ; Inapplicable ; Inapplicable ; Inapplicable ; Pass      ; Inapplicable ; Inapplicable ; Pass      ; Pass      ; Inapplicable ; Inapplicable ; Inapplicable ; Inapplicable ; Pass         ; Inapplicable ; Inapplicable ; Pass         ; Inapplicable ; Inapplicable ; Inapplicable ; Inapplicable ; Inapplicable ; Inapplicable ; Inapplicable ; Inapplicable ; Inapplicable ; Pass      ; Inapplicable ; Inapplicable ;
; GReset                   ; Inapplicable ; Inapplicable ; Inapplicable ; Inapplicable ; Inapplicable ; Pass      ; Inapplicable ; Inapplicable ; Pass      ; Pass      ; Inapplicable ; Inapplicable ; Inapplicable ; Inapplicable ; Pass         ; Inapplicable ; Inapplicable ; Pass         ; Inapplicable ; Inapplicable ; Inapplicable ; Inapplicable ; Inapplicable ; Inapplicable ; Inapplicable ; Inapplicable ; Inapplicable ; Pass      ; Inapplicable ; Inapplicable ;
+--------------------------+--------------+--------------+--------------+--------------+--------------+-----------+--------------+--------------+-----------+-----------+--------------+--------------+--------------+--------------+--------------+--------------+--------------+--------------+--------------+--------------+--------------+--------------+--------------+--------------+--------------+--------------+--------------+-----------+--------------+--------------+


+---------------------------------------------------------------------------------------------+
; Fitter Device Options                                                                       ;
+------------------------------------------------------------------+--------------------------+
; Option                                                           ; Setting                  ;
+------------------------------------------------------------------+--------------------------+
; Enable user-supplied start-up clock (CLKUSR)                     ; Off                      ;
; Enable device-wide reset (DEV_CLRn)                              ; Off                      ;
; Enable device-wide output enable (DEV_OE)                        ; Off                      ;
; Enable INIT_DONE output                                          ; Off                      ;
; Configuration scheme                                             ; Active Serial            ;
; Error detection CRC                                              ; Off                      ;
; Enable open drain on CRC_ERROR pin                               ; Off                      ;
; Enable input tri-state on active configuration pins in user mode ; Off                      ;
; Configuration Voltage Level                                      ; Auto                     ;
; Force Configuration Voltage Level                                ; Off                      ;
; nCEO                                                             ; As output driving ground ;
; Data[0]                                                          ; As input tri-stated      ;
; Data[1]/ASDO                                                     ; As input tri-stated      ;
; Data[7..2]                                                       ; Unreserved               ;
; FLASH_nCE/nCSO                                                   ; As input tri-stated      ;
; Other Active Parallel pins                                       ; Unreserved               ;
; DCLK                                                             ; As output driving ground ;
; Base pin-out file on sameframe device                            ; Off                      ;
+------------------------------------------------------------------+--------------------------+


+------------------------------------+
; Operating Settings and Conditions  ;
+---------------------------+--------+
; Setting                   ; Value  ;
+---------------------------+--------+
; Nominal Core Voltage      ; 1.20 V ;
; Low Junction Temperature  ; 0 °C   ;
; High Junction Temperature ; 85 °C  ;
+---------------------------+--------+


+---------------------------------------------------------------+
; Estimated Delay Added for Hold Timing Summary                 ;
+-----------------+-------------------------+-------------------+
; Source Clock(s) ; Destination Clock(s)    ; Delay Added in ns ;
+-----------------+-------------------------+-------------------+
; GClock          ; GClock,I/O              ; 34.8              ;
; GClock          ; MEMWB:inst32|o_RegWrite ; 24.2              ;
; GClock          ; RAM_Clock               ; 2.0               ;
+-----------------+-------------------------+-------------------+
Note: For more information on problematic transfers, consider running the Fitter again with the Optimize hold timing option (Settings Menu) turned off.
This will disable optimization of problematic paths and expose them for further analysis using the TimeQuest Timing Analyzer.


+-----------------------------------------------------------------------------------------------------------------+
; Estimated Delay Added for Hold Timing Details                                                                   ;
+---------------------------------------------------------------+-----------------------------+-------------------+
; Source Register                                               ; Destination Register        ; Delay Added in ns ;
+---------------------------------------------------------------+-----------------------------+-------------------+
; IDEX:inst26|o_instruction[22]                                 ; ALUResultEX[6]              ; 2.099             ;
; IDEX:inst26|o_instruction[21]                                 ; ALUResultEX[6]              ; 2.099             ;
; IDEX:inst26|o_instruction[24]                                 ; ALUResultEX[6]              ; 2.099             ;
; IDEX:inst26|o_instruction[23]                                 ; ALUResultEX[6]              ; 2.099             ;
; MEMWB:inst32|o_destreg[3]                                     ; ALUResultEX[6]              ; 2.099             ;
; IDEX:inst26|o_instruction[25]                                 ; ALUResultEX[6]              ; 2.099             ;
; MEMWB:inst32|o_destreg[4]                                     ; ALUResultEX[6]              ; 2.099             ;
; MEMWB:inst32|o_destreg[2]                                     ; ALUResultEX[6]              ; 2.099             ;
; MEMWB:inst32|o_destreg[1]                                     ; ALUResultEX[6]              ; 2.099             ;
; MEMWB:inst32|o_destreg[0]                                     ; ALUResultEX[6]              ; 2.099             ;
; MEMWB:inst32|o_RegWrite                                       ; ALUResultEX[6]              ; 2.099             ;
; MEMWB:inst32|o_memout[0]                                      ; ALUResultEX[0]              ; 1.754             ;
; IDEX:inst26|o_a[0]                                            ; ALUResultEX[0]              ; 1.721             ;
; EXMEM:inst30|o_aluresult[0]                                   ; ALUResultEX[0]              ; 1.721             ;
; MEMWB:inst32|o_aluresult[0]                                   ; ALUResultEX[0]              ; 1.721             ;
; EXMEM:inst30|o_destreg[3]                                     ; ALUResultEX[0]              ; 1.721             ;
; EXMEM:inst30|o_destreg[4]                                     ; ALUResultEX[0]              ; 1.721             ;
; MEMWB:inst32|o_MemtoReg                                       ; ALUResultEX[0]              ; 1.721             ;
; EXMEM:inst30|o_destreg[2]                                     ; ALUResultEX[0]              ; 1.721             ;
; EXMEM:inst30|o_destreg[1]                                     ; ALUResultEX[0]              ; 1.721             ;
; EXMEM:inst30|o_destreg[0]                                     ; ALUResultEX[0]              ; 1.721             ;
; EXMEM:inst30|o_RegWrite                                       ; ALUResultEX[0]              ; 1.721             ;
; MEMWB:inst32|o_memout[6]                                      ; ALUResultEX[6]              ; 1.642             ;
; IDEX:inst26|o_instruction[20]                                 ; ALUResultEX[6]              ; 1.624             ;
; IDEX:inst26|o_ALUSrc                                          ; ALUResultEX[6]              ; 1.594             ;
; IDEX:inst26|o_instruction[19]                                 ; ALUResultEX[6]              ; 1.594             ;
; IDEX:inst26|o_instruction[18]                                 ; ALUResultEX[6]              ; 1.594             ;
; IDEX:inst26|o_instruction[17]                                 ; ALUResultEX[6]              ; 1.594             ;
; IDEX:inst26|o_instruction[16]                                 ; ALUResultEX[6]              ; 1.594             ;
; MEMWB:inst32|o_aluresult[6]                                   ; ALUResultEX[6]              ; 1.550             ;
; EXMEM:inst30|o_aluresult[6]                                   ; ALUResultEX[6]              ; 1.550             ;
; IDEX:inst26|o_b[0]                                            ; ALUResultEX[0]              ; 1.462             ;
; IDEX:inst26|o_instruction[0]                                  ; ALUResultEX[0]              ; 1.462             ;
; MEMWB:inst32|o_memout[5]                                      ; ALUResultEX[5]              ; 1.416             ;
; MEMWB:inst32|o_aluresult[5]                                   ; ALUResultEX[5]              ; 1.321             ;
; EXMEM:inst30|o_aluresult[5]                                   ; ALUResultEX[5]              ; 1.321             ;
; MEMWB:inst32|o_memout[7]                                      ; ALUResultEX[7]              ; 1.264             ;
; MEMWB:inst32|o_memout[4]                                      ; EXMEM:inst30|o_aluresult[4] ; 1.262             ;
; EXMEM:inst30|o_aluresult[7]                                   ; ALUResultEX[7]              ; 1.240             ;
; MEMWB:inst32|o_aluresult[7]                                   ; ALUResultEX[7]              ; 1.240             ;
; MEMWB:inst32|o_memout[3]                                      ; EXMEM:inst30|o_aluresult[3] ; 1.191             ;
; MEMWB:inst32|o_memout[1]                                      ; EXMEM:inst30|o_aluresult[1] ; 1.169             ;
; MEMWB:inst32|o_aluresult[3]                                   ; EXMEM:inst30|o_aluresult[3] ; 1.160             ;
; EXMEM:inst30|o_aluresult[3]                                   ; EXMEM:inst30|o_aluresult[3] ; 1.160             ;
; MEMWB:inst32|o_aluresult[4]                                   ; EXMEM:inst30|o_aluresult[4] ; 1.152             ;
; EXMEM:inst30|o_aluresult[4]                                   ; EXMEM:inst30|o_aluresult[4] ; 1.152             ;
; EXMEM:inst30|o_aluresult[1]                                   ; EXMEM:inst30|o_aluresult[1] ; 1.066             ;
; MEMWB:inst32|o_aluresult[1]                                   ; EXMEM:inst30|o_aluresult[1] ; 1.066             ;
; IDEX:inst26|o_a[1]                                            ; EXMEM:inst30|o_aluresult[1] ; 1.066             ;
; IDEX:inst26|o_b[1]                                            ; EXMEM:inst30|o_aluresult[1] ; 1.018             ;
; IDEX:inst26|o_instruction[1]                                  ; EXMEM:inst30|o_aluresult[1] ; 1.018             ;
; IDEX:inst26|o_a[6]                                            ; ALUResultEX[6]              ; 1.015             ;
; IDEX:inst26|o_a[3]                                            ; EXMEM:inst30|o_aluresult[3] ; 0.952             ;
; IDEX:inst26|o_a[4]                                            ; EXMEM:inst30|o_aluresult[4] ; 0.922             ;
; IDEX:inst26|o_instruction[5]                                  ; ALUResultEX[5]              ; 0.919             ;
; IDEX:inst26|o_b[5]                                            ; ALUResultEX[5]              ; 0.919             ;
; IDEX:inst26|o_b[6]                                            ; ALUResultEX[6]              ; 0.917             ;
; IDEX:inst26|o_a[5]                                            ; ALUResultEX[5]              ; 0.910             ;
; IDEX:inst26|o_b[3]                                            ; EXMEM:inst30|o_aluresult[3] ; 0.869             ;
; IDEX:inst26|o_instruction[3]                                  ; EXMEM:inst30|o_aluresult[3] ; 0.869             ;
; IDEX:inst26|o_b[4]                                            ; EXMEM:inst30|o_aluresult[4] ; 0.844             ;
; IDEX:inst26|o_instruction[6]                                  ; ALUResultEX[6]              ; 0.824             ;
; IDEX:inst26|o_instruction[4]                                  ; EXMEM:inst30|o_aluresult[4] ; 0.794             ;
; IDEX:inst26|o_instruction[7]                                  ; ALUResultEX[7]              ; 0.777             ;
; IDEX:inst26|o_b[7]                                            ; ALUResultEX[7]              ; 0.777             ;
; IDEX:inst26|o_ALUOp[0]                                        ; EXMEM:inst30|o_aluresult[1] ; 0.720             ;
; IDEX:inst26|o_ALUOp[1]                                        ; EXMEM:inst30|o_aluresult[1] ; 0.720             ;
; IDEX:inst26|o_b[2]                                            ; EXMEM:inst30|o_aluresult[2] ; 0.694             ;
; MEMWB:inst32|o_memout[2]                                      ; EXMEM:inst30|o_aluresult[2] ; 0.694             ;
; MEMWB:inst32|o_aluresult[2]                                   ; EXMEM:inst30|o_aluresult[2] ; 0.694             ;
; EXMEM:inst30|o_aluresult[2]                                   ; EXMEM:inst30|o_aluresult[2] ; 0.694             ;
; IDEX:inst26|o_instruction[2]                                  ; EXMEM:inst30|o_aluresult[2] ; 0.694             ;
; IDEX:inst26|o_a[2]                                            ; EXMEM:inst30|o_aluresult[2] ; 0.668             ;
; IDEX:inst26|o_a[7]                                            ; ALUResultEX[7]              ; 0.649             ;
; eightBitRegisterInc:inst36|enARdFF_2:\GEN_BITS:5:BIT_FF|int_q ; Instruction_IF[30]          ; 0.321             ;
; eightBitRegisterInc:inst36|enARdFF_2:\GEN_BITS:6:BIT_FF|int_q ; Instruction_IF[18]          ; 0.321             ;
; eightBitRegisterInc:inst36|enARdFF_2:\GEN_BITS:7:BIT_FF|int_q ; Instruction_IF[31]          ; 0.321             ;
; eightBitRegisterInc:inst36|enARdFF_2:\GEN_BITS:2:BIT_FF|int_q ; Instruction_IF[1]           ; 0.061             ;
; eightBitRegisterInc:inst36|enARdFF_2:\GEN_BITS:3:BIT_FF|int_q ; Instruction_IF[2]           ; 0.061             ;
; eightBitRegisterInc:inst36|enARdFF_2:\GEN_BITS:4:BIT_FF|int_q ; Instruction_IF[3]           ; 0.061             ;
; eightBitRegisterInc:inst36|enARdFF_2:\GEN_BITS:0:BIT_FF|int_q ; Instruction_IF[0]           ; 0.055             ;
+---------------------------------------------------------------+-----------------------------+-------------------+
Note: This table only shows the top 81 path(s) that have the largest delay added for hold.


+-----------------+
; Fitter Messages ;
+-----------------+
Warning (20028): Parallel compilation is not licensed and has been disabled
Info (119006): Selected device EP4CE115F29C7 for design "Lab2"
Info (21077): Core supply voltage is 1.2V
Info (21077): Low junction temperature is 0 degrees C
Info (21077): High junction temperature is 85 degrees C
Info (171003): Fitter is performing an Auto Fit compilation, which may decrease Fitter effort to reduce compilation time
Warning (292013): Feature LogicLock is only available with a valid subscription license. You can purchase a software subscription to gain full access to this feature.
Info (176444): Device migration not selected. If you intend to use device migration later, you may need to change the pin assignments as they may be incompatible with other devices
    Info (176445): Device EP4CE40F29C7 is compatible
    Info (176445): Device EP4CE40F29I7 is compatible
    Info (176445): Device EP4CE30F29C7 is compatible
    Info (176445): Device EP4CE30F29I7 is compatible
    Info (176445): Device EP4CE55F29C7 is compatible
    Info (176445): Device EP4CE55F29I7 is compatible
    Info (176445): Device EP4CE75F29C7 is compatible
    Info (176445): Device EP4CE75F29I7 is compatible
    Info (176445): Device EP4CE115F29I7 is compatible
Info (169124): Fitter converted 5 user pins into dedicated programming pins
    Info (169125): Pin ~ALTERA_ASDO_DATA1~ is reserved at location F4
    Info (169125): Pin ~ALTERA_FLASH_nCE_nCSO~ is reserved at location E2
    Info (169125): Pin ~ALTERA_DCLK~ is reserved at location P3
    Info (169125): Pin ~ALTERA_DATA0~ is reserved at location N7
    Info (169125): Pin ~ALTERA_nCEO~ is reserved at location P28
Warning (15714): Some pins have incomplete I/O assignments. Refer to the I/O Assignment Warnings report for details
Info (176045): Design uses memory blocks. Violating setup or hold times of memory block address registers for either read or write operations could cause memory contents to be corrupted. Make sure that all memory block address registers meet the setup and hold time requirements.
Critical Warning (169085): No exact pin location assignment(s) for 248 pins of 248 total pins
    Info (169086): Pin Address_to_w_r_MEM[7] not assigned to an exact location on the device
    Info (169086): Pin Address_to_w_r_MEM[6] not assigned to an exact location on the device
    Info (169086): Pin Address_to_w_r_MEM[5] not assigned to an exact location on the device
    Info (169086): Pin Address_to_w_r_MEM[4] not assigned to an exact location on the device
    Info (169086): Pin Address_to_w_r_MEM[3] not assigned to an exact location on the device
    Info (169086): Pin Address_to_w_r_MEM[2] not assigned to an exact location on the device
    Info (169086): Pin Address_to_w_r_MEM[1] not assigned to an exact location on the device
    Info (169086): Pin Address_to_w_r_MEM[0] not assigned to an exact location on the device
    Info (169086): Pin Instruction_MEM[31] not assigned to an exact location on the device
    Info (169086): Pin Instruction_MEM[30] not assigned to an exact location on the device
    Info (169086): Pin Instruction_MEM[29] not assigned to an exact location on the device
    Info (169086): Pin Instruction_MEM[28] not assigned to an exact location on the device
    Info (169086): Pin Instruction_MEM[27] not assigned to an exact location on the device
    Info (169086): Pin Instruction_MEM[26] not assigned to an exact location on the device
    Info (169086): Pin Instruction_MEM[25] not assigned to an exact location on the device
    Info (169086): Pin Instruction_MEM[24] not assigned to an exact location on the device
    Info (169086): Pin Instruction_MEM[23] not assigned to an exact location on the device
    Info (169086): Pin Instruction_MEM[22] not assigned to an exact location on the device
    Info (169086): Pin Instruction_MEM[21] not assigned to an exact location on the device
    Info (169086): Pin Instruction_MEM[20] not assigned to an exact location on the device
    Info (169086): Pin Instruction_MEM[19] not assigned to an exact location on the device
    Info (169086): Pin Instruction_MEM[18] not assigned to an exact location on the device
    Info (169086): Pin Instruction_MEM[17] not assigned to an exact location on the device
    Info (169086): Pin Instruction_MEM[16] not assigned to an exact location on the device
    Info (169086): Pin Instruction_MEM[15] not assigned to an exact location on the device
    Info (169086): Pin Instruction_MEM[14] not assigned to an exact location on the device
    Info (169086): Pin Instruction_MEM[13] not assigned to an exact location on the device
    Info (169086): Pin Instruction_MEM[12] not assigned to an exact location on the device
    Info (169086): Pin Instruction_MEM[11] not assigned to an exact location on the device
    Info (169086): Pin Instruction_MEM[10] not assigned to an exact location on the device
    Info (169086): Pin Instruction_MEM[9] not assigned to an exact location on the device
    Info (169086): Pin Instruction_MEM[8] not assigned to an exact location on the device
    Info (169086): Pin Instruction_MEM[7] not assigned to an exact location on the device
    Info (169086): Pin Instruction_MEM[6] not assigned to an exact location on the device
    Info (169086): Pin Instruction_MEM[5] not assigned to an exact location on the device
    Info (169086): Pin Instruction_MEM[4] not assigned to an exact location on the device
    Info (169086): Pin Instruction_MEM[3] not assigned to an exact location on the device
    Info (169086): Pin Instruction_MEM[2] not assigned to an exact location on the device
    Info (169086): Pin Instruction_MEM[1] not assigned to an exact location on the device
    Info (169086): Pin Instruction_MEM[0] not assigned to an exact location on the device
    Info (169086): Pin Instruction_IF[31] not assigned to an exact location on the device
    Info (169086): Pin Instruction_IF[30] not assigned to an exact location on the device
    Info (169086): Pin Instruction_IF[29] not assigned to an exact location on the device
    Info (169086): Pin Instruction_IF[28] not assigned to an exact location on the device
    Info (169086): Pin Instruction_IF[27] not assigned to an exact location on the device
    Info (169086): Pin Instruction_IF[26] not assigned to an exact location on the device
    Info (169086): Pin Instruction_IF[25] not assigned to an exact location on the device
    Info (169086): Pin Instruction_IF[24] not assigned to an exact location on the device
    Info (169086): Pin Instruction_IF[23] not assigned to an exact location on the device
    Info (169086): Pin Instruction_IF[22] not assigned to an exact location on the device
    Info (169086): Pin Instruction_IF[21] not assigned to an exact location on the device
    Info (169086): Pin Instruction_IF[20] not assigned to an exact location on the device
    Info (169086): Pin Instruction_IF[19] not assigned to an exact location on the device
    Info (169086): Pin Instruction_IF[18] not assigned to an exact location on the device
    Info (169086): Pin Instruction_IF[17] not assigned to an exact location on the device
    Info (169086): Pin Instruction_IF[16] not assigned to an exact location on the device
    Info (169086): Pin Instruction_IF[15] not assigned to an exact location on the device
    Info (169086): Pin Instruction_IF[14] not assigned to an exact location on the device
    Info (169086): Pin Instruction_IF[13] not assigned to an exact location on the device
    Info (169086): Pin Instruction_IF[12] not assigned to an exact location on the device
    Info (169086): Pin Instruction_IF[11] not assigned to an exact location on the device
    Info (169086): Pin Instruction_IF[10] not assigned to an exact location on the device
    Info (169086): Pin Instruction_IF[9] not assigned to an exact location on the device
    Info (169086): Pin Instruction_IF[8] not assigned to an exact location on the device
    Info (169086): Pin Instruction_IF[7] not assigned to an exact location on the device
    Info (169086): Pin Instruction_IF[6] not assigned to an exact location on the device
    Info (169086): Pin Instruction_IF[5] not assigned to an exact location on the device
    Info (169086): Pin Instruction_IF[4] not assigned to an exact location on the device
    Info (169086): Pin Instruction_IF[3] not assigned to an exact location on the device
    Info (169086): Pin Instruction_IF[2] not assigned to an exact location on the device
    Info (169086): Pin Instruction_IF[1] not assigned to an exact location on the device
    Info (169086): Pin Instruction_IF[0] not assigned to an exact location on the device
    Info (169086): Pin PCValue[7] not assigned to an exact location on the device
    Info (169086): Pin PCValue[6] not assigned to an exact location on the device
    Info (169086): Pin PCValue[5] not assigned to an exact location on the device
    Info (169086): Pin PCValue[4] not assigned to an exact location on the device
    Info (169086): Pin PCValue[3] not assigned to an exact location on the device
    Info (169086): Pin PCValue[2] not assigned to an exact location on the device
    Info (169086): Pin PCValue[1] not assigned to an exact location on the device
    Info (169086): Pin PCValue[0] not assigned to an exact location on the device
    Info (169086): Pin Instruction_EX[31] not assigned to an exact location on the device
    Info (169086): Pin Instruction_EX[30] not assigned to an exact location on the device
    Info (169086): Pin Instruction_EX[29] not assigned to an exact location on the device
    Info (169086): Pin Instruction_EX[28] not assigned to an exact location on the device
    Info (169086): Pin Instruction_EX[27] not assigned to an exact location on the device
    Info (169086): Pin Instruction_EX[26] not assigned to an exact location on the device
    Info (169086): Pin Instruction_EX[25] not assigned to an exact location on the device
    Info (169086): Pin Instruction_EX[24] not assigned to an exact location on the device
    Info (169086): Pin Instruction_EX[23] not assigned to an exact location on the device
    Info (169086): Pin Instruction_EX[22] not assigned to an exact location on the device
    Info (169086): Pin Instruction_EX[21] not assigned to an exact location on the device
    Info (169086): Pin Instruction_EX[20] not assigned to an exact location on the device
    Info (169086): Pin Instruction_EX[19] not assigned to an exact location on the device
    Info (169086): Pin Instruction_EX[18] not assigned to an exact location on the device
    Info (169086): Pin Instruction_EX[17] not assigned to an exact location on the device
    Info (169086): Pin Instruction_EX[16] not assigned to an exact location on the device
    Info (169086): Pin Instruction_EX[15] not assigned to an exact location on the device
    Info (169086): Pin Instruction_EX[14] not assigned to an exact location on the device
    Info (169086): Pin Instruction_EX[13] not assigned to an exact location on the device
    Info (169086): Pin Instruction_EX[12] not assigned to an exact location on the device
    Info (169086): Pin Instruction_EX[11] not assigned to an exact location on the device
    Info (169086): Pin Instruction_EX[10] not assigned to an exact location on the device
    Info (169086): Pin Instruction_EX[9] not assigned to an exact location on the device
    Info (169086): Pin Instruction_EX[8] not assigned to an exact location on the device
    Info (169086): Pin Instruction_EX[7] not assigned to an exact location on the device
    Info (169086): Pin Instruction_EX[6] not assigned to an exact location on the device
    Info (169086): Pin Instruction_EX[5] not assigned to an exact location on the device
    Info (169086): Pin Instruction_EX[4] not assigned to an exact location on the device
    Info (169086): Pin Instruction_EX[3] not assigned to an exact location on the device
    Info (169086): Pin Instruction_EX[2] not assigned to an exact location on the device
    Info (169086): Pin Instruction_EX[1] not assigned to an exact location on the device
    Info (169086): Pin Instruction_EX[0] not assigned to an exact location on the device
    Info (169086): Pin ALU_Control[2] not assigned to an exact location on the device
    Info (169086): Pin ALU_Control[1] not assigned to an exact location on the device
    Info (169086): Pin ALU_Control[0] not assigned to an exact location on the device
    Info (169086): Pin ALUop1[7] not assigned to an exact location on the device
    Info (169086): Pin ALUop1[6] not assigned to an exact location on the device
    Info (169086): Pin ALUop1[5] not assigned to an exact location on the device
    Info (169086): Pin ALUop1[4] not assigned to an exact location on the device
    Info (169086): Pin ALUop1[3] not assigned to an exact location on the device
    Info (169086): Pin ALUop1[2] not assigned to an exact location on the device
    Info (169086): Pin ALUop1[1] not assigned to an exact location on the device
    Info (169086): Pin ALUop1[0] not assigned to an exact location on the device
    Info (169086): Pin ALUop2[7] not assigned to an exact location on the device
    Info (169086): Pin ALUop2[6] not assigned to an exact location on the device
    Info (169086): Pin ALUop2[5] not assigned to an exact location on the device
    Info (169086): Pin ALUop2[4] not assigned to an exact location on the device
    Info (169086): Pin ALUop2[3] not assigned to an exact location on the device
    Info (169086): Pin ALUop2[2] not assigned to an exact location on the device
    Info (169086): Pin ALUop2[1] not assigned to an exact location on the device
    Info (169086): Pin ALUop2[0] not assigned to an exact location on the device
    Info (169086): Pin ALUResultEX[7] not assigned to an exact location on the device
    Info (169086): Pin ALUResultEX[6] not assigned to an exact location on the device
    Info (169086): Pin ALUResultEX[5] not assigned to an exact location on the device
    Info (169086): Pin ALUResultEX[4] not assigned to an exact location on the device
    Info (169086): Pin ALUResultEX[3] not assigned to an exact location on the device
    Info (169086): Pin ALUResultEX[2] not assigned to an exact location on the device
    Info (169086): Pin ALUResultEX[1] not assigned to an exact location on the device
    Info (169086): Pin ALUResultEX[0] not assigned to an exact location on the device
    Info (169086): Pin Data_from_address_MEM[7] not assigned to an exact location on the device
    Info (169086): Pin Data_from_address_MEM[6] not assigned to an exact location on the device
    Info (169086): Pin Data_from_address_MEM[5] not assigned to an exact location on the device
    Info (169086): Pin Data_from_address_MEM[4] not assigned to an exact location on the device
    Info (169086): Pin Data_from_address_MEM[3] not assigned to an exact location on the device
    Info (169086): Pin Data_from_address_MEM[2] not assigned to an exact location on the device
    Info (169086): Pin Data_from_address_MEM[1] not assigned to an exact location on the device
    Info (169086): Pin Data_from_address_MEM[0] not assigned to an exact location on the device
    Info (169086): Pin Data_goingtobe[7] not assigned to an exact location on the device
    Info (169086): Pin Data_goingtobe[6] not assigned to an exact location on the device
    Info (169086): Pin Data_goingtobe[5] not assigned to an exact location on the device
    Info (169086): Pin Data_goingtobe[4] not assigned to an exact location on the device
    Info (169086): Pin Data_goingtobe[3] not assigned to an exact location on the device
    Info (169086): Pin Data_goingtobe[2] not assigned to an exact location on the device
    Info (169086): Pin Data_goingtobe[1] not assigned to an exact location on the device
    Info (169086): Pin Data_goingtobe[0] not assigned to an exact location on the device
    Info (169086): Pin DataRS[7] not assigned to an exact location on the device
    Info (169086): Pin DataRS[6] not assigned to an exact location on the device
    Info (169086): Pin DataRS[5] not assigned to an exact location on the device
    Info (169086): Pin DataRS[4] not assigned to an exact location on the device
    Info (169086): Pin DataRS[3] not assigned to an exact location on the device
    Info (169086): Pin DataRS[2] not assigned to an exact location on the device
    Info (169086): Pin DataRS[1] not assigned to an exact location on the device
    Info (169086): Pin DataRS[0] not assigned to an exact location on the device
    Info (169086): Pin DataRT[7] not assigned to an exact location on the device
    Info (169086): Pin DataRT[6] not assigned to an exact location on the device
    Info (169086): Pin DataRT[5] not assigned to an exact location on the device
    Info (169086): Pin DataRT[4] not assigned to an exact location on the device
    Info (169086): Pin DataRT[3] not assigned to an exact location on the device
    Info (169086): Pin DataRT[2] not assigned to an exact location on the device
    Info (169086): Pin DataRT[1] not assigned to an exact location on the device
    Info (169086): Pin DataRT[0] not assigned to an exact location on the device
    Info (169086): Pin Instruction_ID[31] not assigned to an exact location on the device
    Info (169086): Pin Instruction_ID[30] not assigned to an exact location on the device
    Info (169086): Pin Instruction_ID[29] not assigned to an exact location on the device
    Info (169086): Pin Instruction_ID[28] not assigned to an exact location on the device
    Info (169086): Pin Instruction_ID[27] not assigned to an exact location on the device
    Info (169086): Pin Instruction_ID[26] not assigned to an exact location on the device
    Info (169086): Pin Instruction_ID[25] not assigned to an exact location on the device
    Info (169086): Pin Instruction_ID[24] not assigned to an exact location on the device
    Info (169086): Pin Instruction_ID[23] not assigned to an exact location on the device
    Info (169086): Pin Instruction_ID[22] not assigned to an exact location on the device
    Info (169086): Pin Instruction_ID[21] not assigned to an exact location on the device
    Info (169086): Pin Instruction_ID[20] not assigned to an exact location on the device
    Info (169086): Pin Instruction_ID[19] not assigned to an exact location on the device
    Info (169086): Pin Instruction_ID[18] not assigned to an exact location on the device
    Info (169086): Pin Instruction_ID[17] not assigned to an exact location on the device
    Info (169086): Pin Instruction_ID[16] not assigned to an exact location on the device
    Info (169086): Pin Instruction_ID[15] not assigned to an exact location on the device
    Info (169086): Pin Instruction_ID[14] not assigned to an exact location on the device
    Info (169086): Pin Instruction_ID[13] not assigned to an exact location on the device
    Info (169086): Pin Instruction_ID[12] not assigned to an exact location on the device
    Info (169086): Pin Instruction_ID[11] not assigned to an exact location on the device
    Info (169086): Pin Instruction_ID[10] not assigned to an exact location on the device
    Info (169086): Pin Instruction_ID[9] not assigned to an exact location on the device
    Info (169086): Pin Instruction_ID[8] not assigned to an exact location on the device
    Info (169086): Pin Instruction_ID[7] not assigned to an exact location on the device
    Info (169086): Pin Instruction_ID[6] not assigned to an exact location on the device
    Info (169086): Pin Instruction_ID[5] not assigned to an exact location on the device
    Info (169086): Pin Instruction_ID[4] not assigned to an exact location on the device
    Info (169086): Pin Instruction_ID[3] not assigned to an exact location on the device
    Info (169086): Pin Instruction_ID[2] not assigned to an exact location on the device
    Info (169086): Pin Instruction_ID[1] not assigned to an exact location on the device
    Info (169086): Pin Instruction_ID[0] not assigned to an exact location on the device
    Info (169086): Pin Instruction_WB[31] not assigned to an exact location on the device
    Info (169086): Pin Instruction_WB[30] not assigned to an exact location on the device
    Info (169086): Pin Instruction_WB[29] not assigned to an exact location on the device
    Info (169086): Pin Instruction_WB[28] not assigned to an exact location on the device
    Info (169086): Pin Instruction_WB[27] not assigned to an exact location on the device
    Info (169086): Pin Instruction_WB[26] not assigned to an exact location on the device
    Info (169086): Pin Instruction_WB[25] not assigned to an exact location on the device
    Info (169086): Pin Instruction_WB[24] not assigned to an exact location on the device
    Info (169086): Pin Instruction_WB[23] not assigned to an exact location on the device
    Info (169086): Pin Instruction_WB[22] not assigned to an exact location on the device
    Info (169086): Pin Instruction_WB[21] not assigned to an exact location on the device
    Info (169086): Pin Instruction_WB[20] not assigned to an exact location on the device
    Info (169086): Pin Instruction_WB[19] not assigned to an exact location on the device
    Info (169086): Pin Instruction_WB[18] not assigned to an exact location on the device
    Info (169086): Pin Instruction_WB[17] not assigned to an exact location on the device
    Info (169086): Pin Instruction_WB[16] not assigned to an exact location on the device
    Info (169086): Pin Instruction_WB[15] not assigned to an exact location on the device
    Info (169086): Pin Instruction_WB[14] not assigned to an exact location on the device
    Info (169086): Pin Instruction_WB[13] not assigned to an exact location on the device
    Info (169086): Pin Instruction_WB[12] not assigned to an exact location on the device
    Info (169086): Pin Instruction_WB[11] not assigned to an exact location on the device
    Info (169086): Pin Instruction_WB[10] not assigned to an exact location on the device
    Info (169086): Pin Instruction_WB[9] not assigned to an exact location on the device
    Info (169086): Pin Instruction_WB[8] not assigned to an exact location on the device
    Info (169086): Pin Instruction_WB[7] not assigned to an exact location on the device
    Info (169086): Pin Instruction_WB[6] not assigned to an exact location on the device
    Info (169086): Pin Instruction_WB[5] not assigned to an exact location on the device
    Info (169086): Pin Instruction_WB[4] not assigned to an exact location on the device
    Info (169086): Pin Instruction_WB[3] not assigned to an exact location on the device
    Info (169086): Pin Instruction_WB[2] not assigned to an exact location on the device
    Info (169086): Pin Instruction_WB[1] not assigned to an exact location on the device
    Info (169086): Pin Instruction_WB[0] not assigned to an exact location on the device
    Info (169086): Pin rsIF[4] not assigned to an exact location on the device
    Info (169086): Pin rsIF[3] not assigned to an exact location on the device
    Info (169086): Pin rsIF[2] not assigned to an exact location on the device
    Info (169086): Pin rsIF[1] not assigned to an exact location on the device
    Info (169086): Pin rsIF[0] not assigned to an exact location on the device
    Info (169086): Pin rtIF[4] not assigned to an exact location on the device
    Info (169086): Pin rtIF[3] not assigned to an exact location on the device
    Info (169086): Pin rtIF[2] not assigned to an exact location on the device
    Info (169086): Pin rtIF[1] not assigned to an exact location on the device
    Info (169086): Pin rtIF[0] not assigned to an exact location on the device
    Info (169086): Pin GClock not assigned to an exact location on the device
    Info (169086): Pin RAM_Clock not assigned to an exact location on the device
    Info (169086): Pin GReset not assigned to an exact location on the device
Warning (335093): TimeQuest Timing Analyzer is analyzing 64 combinational loops as latches.
Critical Warning (332012): Synopsys Design Constraints File file not found: 'Lab2.sdc'. A Synopsys Design Constraints File is required by the TimeQuest Timing Analyzer to get proper timing constraints. Without it, the Compiler will not properly optimize the design.
Info (332144): No user constrained base clocks found in the design
Info (332143): No user constrained clock uncertainty found in the design. Calling "derive_clock_uncertainty"
Info (332123): Deriving Clock Uncertainty. Please refer to report_sdc in TimeQuest to see clock uncertainties.
Info (332130): Timing requirements not specified -- quality metrics such as performance may be sacrificed to reduce compilation time.
Info (176353): Automatically promoted node GClock~input (placed in PIN J1 (CLK1, DIFFCLK_0n))
    Info (176355): Automatically promoted destinations to use location or clock signal Global Clock CLKCTRL_G2
    Info (176356): Following destination nodes may be non-global or may not use global or regional clocks
        Info (176357): Destination node MEMWB:inst32|o_destreg[0]
        Info (176357): Destination node MEMWB:inst32|o_destreg[1]
        Info (176357): Destination node MEMWB:inst32|o_destreg[2]
Info (176353): Automatically promoted node RAM_Clock~input (placed in PIN Y2 (CLK2, DIFFCLK_1p))
    Info (176355): Automatically promoted destinations to use location or clock signal Global Clock CLKCTRL_G4
Info (176353): Automatically promoted node registerFile:inst11|decoder3to8:decoder|Equal0~0 
    Info (176355): Automatically promoted destinations to use location or clock signal Global Clock
Info (176353): Automatically promoted node registerFile:inst11|decoder3to8:decoder|Equal0~1 
    Info (176355): Automatically promoted destinations to use location or clock signal Global Clock
Info (176353): Automatically promoted node registerFile:inst11|decoder3to8:decoder|Equal0~2 
    Info (176355): Automatically promoted destinations to use location or clock signal Global Clock
Info (176353): Automatically promoted node registerFile:inst11|decoder3to8:decoder|Equal0~3 
    Info (176355): Automatically promoted destinations to use location or clock signal Global Clock
Info (176353): Automatically promoted node registerFile:inst11|decoder3to8:decoder|Equal0~4 
    Info (176355): Automatically promoted destinations to use location or clock signal Global Clock
Info (176353): Automatically promoted node registerFile:inst11|decoder3to8:decoder|Equal0~5 
    Info (176355): Automatically promoted destinations to use location or clock signal Global Clock
Info (176353): Automatically promoted node registerFile:inst11|decoder3to8:decoder|Equal0~6 
    Info (176355): Automatically promoted destinations to use location or clock signal Global Clock
Info (176353): Automatically promoted node registerFile:inst11|decoder3to8:decoder|Equal0~7 
    Info (176355): Automatically promoted destinations to use location or clock signal Global Clock
Info (176353): Automatically promoted node GReset~input (placed in PIN AH14 (CLK14, DIFFCLK_6n))
    Info (176355): Automatically promoted destinations to use location or clock signal Global Clock CLKCTRL_G19
    Info (176356): Following destination nodes may be non-global or may not use global or regional clocks
        Info (176357): Destination node registerFile:inst11|asyncEightBitRegister:\gen_registers:5:register_inst|d_latch:latch7|q_internal~0
        Info (176357): Destination node registerFile:inst11|asyncEightBitRegister:\gen_registers:3:register_inst|d_latch:latch7|q_internal~0
        Info (176357): Destination node registerFile:inst11|asyncEightBitRegister:\gen_registers:1:register_inst|d_latch:latch7|q_internal~0
        Info (176357): Destination node registerFile:inst11|asyncEightBitRegister:\gen_registers:7:register_inst|d_latch:latch7|q_internal~0
        Info (176357): Destination node registerFile:inst11|asyncEightBitRegister:\gen_registers:4:register_inst|d_latch:latch7|q_internal~0
        Info (176357): Destination node registerFile:inst11|asyncEightBitRegister:\gen_registers:2:register_inst|d_latch:latch7|q_internal~0
        Info (176357): Destination node registerFile:inst11|asyncEightBitRegister:\gen_registers:0:register_inst|d_latch:latch7|q_internal~0
        Info (176357): Destination node registerFile:inst11|asyncEightBitRegister:\gen_registers:6:register_inst|d_latch:latch7|q_internal~0
        Info (176357): Destination node registerFile:inst11|asyncEightBitRegister:\gen_registers:5:register_inst|d_latch:latch6|q_internal~0
        Info (176357): Destination node registerFile:inst11|asyncEightBitRegister:\gen_registers:6:register_inst|d_latch:latch6|q_internal~0
        Info (176358): Non-global destination nodes limited to 10 nodes
Info (176233): Starting register packing
Info (176235): Finished register packing
    Extra Info (176219): No registers were packed into other blocks
Info (176214): Statistics of I/O pins that need to be placed that use the same VCCIO and VREF, before I/O pin placement
    Info (176211): Number of I/O pins in group: 245 (unused VREF, 2.5V VCCIO, 0 input, 245 output, 0 bidirectional)
        Info (176212): I/O standards used: 2.5 V.
Info (176215): I/O bank details before I/O pin placement
    Info (176214): Statistics of I/O banks
        Info (176213): I/O bank number 1 does not use VREF pins and has undetermined VCCIO pins. 5 total pin(s) used --  51 pins available
        Info (176213): I/O bank number 2 does not use VREF pins and has undetermined VCCIO pins. 1 total pin(s) used --  62 pins available
        Info (176213): I/O bank number 3 does not use VREF pins and has undetermined VCCIO pins. 1 total pin(s) used --  72 pins available
        Info (176213): I/O bank number 4 does not use VREF pins and has undetermined VCCIO pins. 0 total pin(s) used --  71 pins available
        Info (176213): I/O bank number 5 does not use VREF pins and has undetermined VCCIO pins. 0 total pin(s) used --  65 pins available
        Info (176213): I/O bank number 6 does not use VREF pins and has undetermined VCCIO pins. 1 total pin(s) used --  57 pins available
        Info (176213): I/O bank number 7 does not use VREF pins and has undetermined VCCIO pins. 0 total pin(s) used --  72 pins available
        Info (176213): I/O bank number 8 does not use VREF pins and has undetermined VCCIO pins. 0 total pin(s) used --  71 pins available
Info (171121): Fitter preparation operations ending: elapsed time is 00:00:04
Info (170189): Fitter placement preparation operations beginning
Info (170190): Fitter placement preparation operations ending: elapsed time is 00:00:00
Info (170191): Fitter placement operations beginning
Info (170137): Fitter placement was successful
Info (170192): Fitter placement operations ending: elapsed time is 00:00:09
Info (170193): Fitter routing operations beginning
Info (170195): Router estimated average interconnect usage is 0% of the available device resources
    Info (170196): Router estimated peak interconnect usage is 5% of the available device resources in the region that extends from location X69_Y24 to location X80_Y36
Info (170194): Fitter routing operations ending: elapsed time is 00:00:05
Info (170199): The Fitter performed an Auto Fit compilation.  Optimizations were skipped to reduce compilation time.
    Info (170201): Optimizations that may affect the design's routability were skipped
Info (11888): Total time spent on timing analysis during the Fitter is 0.75 seconds.
Info (334003): Started post-fitting delay annotation
Info (334004): Delay annotation completed successfully
Info (334003): Started post-fitting delay annotation
Info (334004): Delay annotation completed successfully
Info (11218): Fitter post-fit operations ending: elapsed time is 00:00:02
Info (144001): Generated suppressed messages file C:/Users/jadme/Downloads/MIPS_processor-3d6027f261c21a0ff73975456114cfafef89e094/MIPS_processor-3d6027f261c21a0ff73975456114cfafef89e094/Quartus_project/output_files/Lab2.fit.smsg
Info: Quartus II 64-Bit Fitter was successful. 0 errors, 6 warnings
    Info: Peak virtual memory: 5167 megabytes
    Info: Processing ended: Wed Mar 26 13:12:51 2025
    Info: Elapsed time: 00:00:34
    Info: Total CPU time (on all processors): 00:00:31


+----------------------------+
; Fitter Suppressed Messages ;
+----------------------------+
The suppressed messages can be found in C:/Users/jadme/Downloads/MIPS_processor-3d6027f261c21a0ff73975456114cfafef89e094/MIPS_processor-3d6027f261c21a0ff73975456114cfafef89e094/Quartus_project/output_files/Lab2.fit.smsg.


